#"Step","Time (ps)","Temperature (K)","Speed (ns/day)"
5000,10.000000000000009,299.40461405010245,0
10000,19.999999999999794,301.6210017990302,488
15000,29.99999999999425,299.1593707147297,488
20000,40.00000000000292,299.2702741199073,487
25000,50.00000000001514,300.1406314853011,487
30000,60.00000000002736,299.8282845146186,486
35000,70.00000000001826,301.2168765119815,486
40000,79.99999999999496,302.9545400725311,486
45000,89.99999999997165,302.1854682930859,485
50000,99.99999999994834,300.2269486491395,485
55000,109.99999999992504,298.2971719132335,484
60000,119.99999999990173,301.81844346733874,483
65000,129.99999999989262,299.5320114625094,482
70000,139.99999999994037,298.0615242871604,482
75000,149.99999999998812,300.7274068979821,481
80000,160.00000000003587,299.1575798104595,481
85000,170.00000000008362,301.0519806595465,480
90000,180.00000000013137,300.2045955106557,480
95000,190.0000000001791,297.96043769057513,480
100000,200.00000000022686,298.9242095071004,479
105000,210.0000000002746,298.9914236920565,479
110000,220.00000000032236,299.9504197638612,479
115000,230.0000000003701,300.9896748788865,479
120000,240.00000000041786,300.2834616283329,478
125000,250.0000000004656,301.9998333270032,478
130000,260.00000000051335,300.34371118557146,478
135000,270.0000000005611,301.80446999204526,478
140000,280.00000000060885,300.83096980664476,478
145000,290.0000000006566,301.7875780060891,478
150000,300.00000000070435,299.371228056917,477
155000,310.0000000007521,300.85896097709025,477
160000,320.00000000079984,299.64698309467116,477
165000,330.0000000008476,299.1736537290329,477
170000,340.00000000089534,301.4258153435063,477
175000,350.0000000009431,301.46397708141234,477
180000,360.00000000099084,298.7125511542764,477
185000,370.0000000010386,298.83218798151245,477
190000,380.00000000108633,301.24066679586736,477
195000,390.0000000011341,299.6242098675314,477
200000,400.00000000118183,299.73051440742256,477
205000,410.0000000012296,301.8671295315734,477
210000,420.00000000127733,299.91031235218014,477
215000,430.0000000013251,298.55426617069065,477
220000,440.0000000013728,300.11505029714516,477
225000,450.0000000014206,300.5601673930453,477
230000,460.0000000014683,300.5064844847974,477
235000,470.00000000151607,298.05604102470346,477
240000,480.0000000015638,300.90017388523444,477
245000,490.00000000161157,301.84134935405405,477
250000,500.0000000016593,299.8694532029042,477
255000,510.00000000170706,298.2679425867493,477
260000,520.0000000015274,302.1532762360806,477
265000,530.0000000012909,298.79278808756777,477
270000,540.0000000010544,301.39972562697733,477
275000,550.000000000818,297.11234502394797,477
280000,560.0000000005815,303.093589417659,477
285000,570.000000000345,298.9965089757867,477
290000,580.0000000001086,299.4189412842642,477
295000,589.9999999998721,301.6262860721238,477
300000,599.9999999996356,300.2300219293069,477
305000,609.9999999993992,300.9505624140222,477
310000,619.9999999991627,300.45240359782287,477
315000,629.9999999989262,302.5323730832048,476
320000,639.9999999986898,301.83953633985453,476
325000,649.9999999984533,301.6535918347622,476
330000,659.9999999982168,300.48698352718844,476
335000,669.9999999979804,299.47098805774664,476
340000,679.9999999977439,301.01282397482373,476
345000,689.9999999975074,298.15319205388016,476
350000,699.999999997271,302.8816657456839,476
355000,709.9999999970345,299.11347050158207,476
360000,719.999999996798,300.61429249987833,476
365000,729.9999999965615,297.2833874367178,476
370000,739.9999999963251,301.7018357004116,476
375000,749.9999999960886,297.6873358443324,476
380000,759.9999999958521,300.2878172843975,476
385000,769.9999999956157,298.62638875994287,476
390000,779.9999999953792,301.3568765840678,476
395000,789.9999999951427,296.830443425859,476
400000,799.9999999949063,300.1551355988969,476
405000,809.9999999946698,299.10442754051394,476
410000,819.9999999944333,296.44254682688864,476
415000,829.9999999941969,302.03255602231076,476
420000,839.9999999939604,299.8319105430175,476
425000,849.9999999937239,301.26211342725134,476
430000,859.9999999934874,300.7429722881825,476
435000,869.999999993251,301.3357173817642,476
440000,879.9999999930145,299.77263382266636,476
445000,889.999999992778,299.6036034134594,476
450000,899.9999999925416,300.87043603037716,476
455000,909.9999999923051,301.32777991715915,476
460000,919.9999999920686,302.1511536828715,476
465000,929.9999999918322,301.6928590691313,476
470000,939.9999999915957,301.87309921247413,476
475000,949.9999999913592,298.9676334081707,476
480000,959.9999999911228,297.8276454554283,476
485000,969.9999999908863,297.7652954549098,476
490000,979.9999999906498,300.59021478691216,476
495000,989.9999999904134,301.01116573012905,476
500000,999.9999999901769,300.6353853723941,476
505000,1009.9999999899404,299.8806187171814,476
510000,1019.999999989704,301.23394537737175,476
515000,1029.9999999894676,300.53423244602106,476
520000,1039.9999999892311,297.1540443505359,476
525000,1049.9999999889947,298.9582145783051,476
530000,1059.9999999887582,299.2549961587873,476
535000,1069.9999999885217,298.48579171976655,476
540000,1079.9999999882853,298.7640009596688,476
545000,1089.9999999880488,298.7088145762312,476
550000,1099.9999999878123,300.9391315805938,476
555000,1109.9999999875758,301.1468322560799,476
560000,1119.9999999873394,300.0699018215924,476
565000,1129.999999987103,299.06584571395194,476
570000,1139.9999999868664,299.6181959667722,476
575000,1149.99999998663,300.30214451855915,476
580000,1159.9999999863935,301.2483389413212,476
585000,1169.999999986157,302.6059770377176,476
590000,1179.9999999859206,299.98502180315603,476
595000,1189.999999985684,297.3747677743572,476
600000,1199.9999999854476,299.8699838412064,476
605000,1209.9999999852112,302.60294797740875,476
610000,1219.9999999849747,299.5539445123372,476
615000,1229.9999999847382,298.38948086790185,476
620000,1239.9999999845018,301.66898034552844,476
625000,1249.9999999842653,300.14607052789955,476
630000,1259.9999999840288,299.74316128696034,476
635000,1269.9999999837923,299.9783888243774,476
640000,1279.9999999835559,300.5046935805272,476
645000,1289.9999999833194,300.2048608298069,476
650000,1299.999999983083,300.54756473336596,476
655000,1309.9999999828465,301.7399089986005,476
660000,1319.99999998261,299.82574187275344,476
665000,1329.9999999823735,297.30578479506016,476
670000,1339.999999982137,300.49116230381895,476
675000,1349.9999999819006,303.0593632471616,476
680000,1359.9999999816641,301.46574587575327,476
685000,1369.9999999814277,298.5754474829235,476
690000,1379.9999999811912,301.68178199457105,476
695000,1389.9999999809547,299.6745320665314,476
700000,1399.9999999807183,302.825440195571,476
705000,1409.9999999804818,301.8064156658203,476
710000,1419.9999999802453,298.4508801414621,476
715000,1429.9999999800089,299.7700911808013,476
720000,1439.9999999797724,300.6488724292439,476
725000,1449.999999979536,303.0877523963339,476
730000,1459.9999999792994,299.9301007388695,476
735000,1469.999999979063,301.5740403092779,476
740000,1479.9999999788265,299.1661805729424,476
745000,1489.99999997859,298.4454410988637,476
750000,1499.9999999783536,297.9837415560171,476
755000,1509.999999978117,300.68645930898913,476
760000,1519.9999999778806,299.55095967188686,476
765000,1529.9999999776442,301.24825050160416,476
770000,1539.9999999774077,299.61649350221904,476
775000,1549.9999999771712,301.25127956191307,476
780000,1559.9999999769348,299.73579868051615,476
785000,1569.9999999766983,302.6182038285994,476
790000,1579.9999999764618,297.5823136803384,476
795000,1589.9999999762254,299.9585562178296,476
800000,1599.9999999759889,299.78565657100165,476
805000,1609.9999999757524,299.7809250461396,476
810000,1619.999999975516,301.0309320068892,476
815000,1629.9999999752795,301.0629914043189,476
820000,1639.999999975043,299.95148104046575,476
825000,1649.9999999748065,300.4530668957007,476
830000,1659.99999997457,299.85592192619595,476
835000,1669.9999999743336,301.0147475386695,476
840000,1679.9999999740971,300.2967054759607,476
845000,1689.9999999738607,300.9226596832937,476
850000,1699.9999999736242,300.7108244510357,476
855000,1709.9999999733877,299.84495540128205,476
860000,1719.9999999731513,302.15962178577877,476
865000,1729.9999999729148,301.1045138514727,476
870000,1739.9999999726783,301.156803834177,476
875000,1749.9999999724419,301.53488362455516,476
880000,1759.9999999722054,299.66312334303234,476
885000,1769.999999971969,300.6892893799346,476
890000,1779.9999999717324,301.35700924364335,476
895000,1789.999999971496,300.7333323590243,476
900000,1799.9999999712595,299.44777263202167,476
905000,1809.999999971023,299.7378549039375,476
910000,1819.9999999707866,300.15498082939206,476
915000,1829.99999997055,300.5744504073484,476
920000,1839.9999999703136,300.20612109577485,476
925000,1849.9999999700772,299.89280128820474,476
930000,1859.9999999698407,299.95406790218937,476
935000,1869.9999999696042,298.8241178573318,476
940000,1879.9999999693678,300.5519424993598,476
945000,1889.9999999691313,300.3626372850196,476
950000,1899.9999999688948,299.05784191955917,476
955000,1909.9999999686584,299.7203880598206,476
960000,1919.999999968422,299.3604384114372,476
965000,1929.9999999681854,301.4412701840604,476
970000,1939.999999967949,299.6526432365622,476
975000,1949.9999999677125,300.3583700686721,476
980000,1959.999999967476,301.50762208177525,476
985000,1969.9999999672395,302.16943859437106,476
990000,1979.999999967003,302.40563896867565,476
995000,1989.9999999667666,301.1631493838752,476
1000000,1999.9999999665301,301.24672491648505,476
1005000,2009.9999999662937,299.25201131833694,476
1010000,2019.9999999660572,297.9543353500988,476
1015000,2029.9999999658207,300.2557136671092,476
1020000,2039.9999999655843,301.30361376447587,476
1025000,2049.999999965348,300.3467402458803,476
1030000,2059.9999999651113,299.3736601491358,476
1035000,2069.999999964875,301.3617849883639,476
1040000,2079.9999999646384,300.61515478711954,476
1045000,2089.999999964402,301.5044382519616,476
1050000,2099.9999999641655,300.2829088801013,476
1055000,2109.999999963929,301.1942359444174,476
1060000,2119.9999999636925,300.0528771760607,476
1065000,2129.999999963456,301.4703889608982,476
1070000,2139.9999999632196,301.86124829038977,476
1075000,2149.999999962983,299.2413985522913,476
1080000,2159.9999999627466,300.9058340271255,476
1085000,2169.99999996251,298.20464185927256,476
1090000,2179.9999999622737,301.0945864932341,476
1095000,2189.9999999620372,300.73014852921057,476
1100000,2199.9999999618008,299.65511954863956,476
1105000,2209.9999999615643,301.20818730978164,476
1110000,2219.999999961328,301.27962449122674,476
1115000,2229.9999999610914,301.2870534274588,476
1120000,2239.999999960855,300.43825324309523,476
1125000,2249.9999999606184,299.49625970689294,476
1130000,2259.999999960382,302.4654684372584,476
1135000,2269.9999999601455,301.43828534361,476
1140000,2279.999999959909,300.11429855955026,476
1145000,2289.9999999596726,300.4321951224775,476
1150000,2299.999999959436,301.0847475747126,476
1155000,2309.9999999591996,301.21243241619993,476
1160000,2319.999999958963,297.5694235915788,476
1165000,2329.9999999587267,298.8188999140261,476
1170000,2339.99999995849,301.46548055660213,476
1175000,2349.9999999582537,300.1317211838086,476
1180000,2359.9999999580173,301.6954238209256,476
1185000,2369.999999957781,300.7903759765199,476
1190000,2379.9999999575443,301.59082174558773,476
1195000,2389.999999957308,297.1249476836272,476
1200000,2399.9999999570714,299.9843585052782,476
1205000,2409.999999956835,299.0018595786681,476
1210000,2419.9999999565985,302.50999783479176,476
1215000,2429.999999956362,296.98010553703267,476
1220000,2439.9999999561255,297.7141330785978,476
1225000,2449.999999955889,299.6937677049893,476
1230000,2459.9999999556526,298.47292374093615,476
1235000,2469.999999955416,299.80126618106056,476
1240000,2479.9999999551796,300.0695922825827,476
1245000,2489.999999954943,300.34298155790583,476
1250000,2499.9999999547067,302.2609515915859,476
1255000,2509.9999999544702,300.41304792373677,476
1260000,2519.9999999542338,302.63266372233664,476
1265000,2529.9999999539973,299.36366646110946,476
1270000,2539.999999953761,297.8763315196629,476
1275000,2549.9999999535244,299.00964227376824,476
1280000,2559.999999953288,298.20121482023694,476
1285000,2569.9999999530514,302.2643565206923,476
1290000,2579.999999952815,303.6335581100926,476
1295000,2589.9999999525785,302.0015579014856,476
1300000,2599.999999952342,299.2178293676981,476
1305000,2609.9999999521056,298.71160042731816,476
1310000,2619.999999951869,299.6981012511246,476
1315000,2629.9999999516326,298.03123368407165,476
1320000,2639.999999951396,300.62379976946096,476
1325000,2649.9999999511597,302.10417008319,476
1330000,2659.999999950923,298.94105727319794,476
1335000,2669.9999999506867,301.2968039062632,476
1340000,2679.9999999504503,300.5501737050189,476
1345000,2689.999999950214,301.02350307065717,476
1350000,2699.9999999499773,299.3167270812865,476
1355000,2709.999999949741,302.041952742247,476
1360000,2719.9999999495044,301.562565255991,476
1365000,2729.999999949268,300.0578740200739,476
1370000,2739.9999999490315,302.15336467579766,476
1375000,2749.999999948795,298.8860256592651,476
1380000,2759.9999999485585,299.4283601141297,476
1385000,2769.999999948322,302.51063902274035,476
1390000,2779.9999999480856,301.33750828603434,476
1395000,2789.999999947849,299.0855677708536,476
1400000,2799.9999999476127,302.31472293955085,476
1405000,2809.999999947376,301.03172796434256,476
1410000,2819.9999999471397,300.466509732692,476
1415000,2829.9999999469032,302.1304808990116,476
1420000,2839.999999946667,300.9941853044559,476
1425000,2849.9999999464303,296.28300157733497,476
1430000,2859.999999946194,299.4576336604725,476
1435000,2869.9999999459574,297.02803986367246,476
1440000,2879.999999945721,298.76669837103873,476
1445000,2889.9999999454844,299.60603550567816,476
1450000,2899.999999945248,301.4999941561799,476
1455000,2909.9999999450115,301.27197445570215,476
1460000,2919.999999944775,301.00263129743394,476
1465000,2929.9999999445386,299.54028057605336,476
1470000,2939.999999944302,299.8431866069411,476
1475000,2949.9999999440656,300.4253631543356,476
1480000,2959.999999943829,301.1177798090298,476
1485000,2969.9999999435927,299.1478735515135,476
1490000,2979.999999943356,302.8205096813456,476
1495000,2989.9999999431197,297.5652890348068,476
1500000,2999.9999999428833,298.88715326565745,476
1505000,3009.999999942647,298.77843874347684,476
1510000,3019.9999999424103,300.6444504433916,476
1515000,3029.999999942174,299.21466764781366,476
1520000,3039.9999999419374,299.84221377005355,476
1525000,3049.999999941701,298.20404489118243,476
1530000,3059.9999999414645,298.8744179464026,476
1535000,3069.999999941228,303.1598528756569,476
1540000,3079.9999999409915,302.0783235758829,476
1545000,3089.999999940755,299.48964883804365,476
1550000,3099.9999999405186,299.7946774221405,476
1555000,3109.999999940282,301.9456418903823,476
1560000,3119.9999999400457,301.6242740685609,476
1565000,3129.999999939809,302.4213812383101,476
1570000,3139.9999999395727,299.20142380018575,476
1575000,3149.9999999393362,300.95107094239523,476
1580000,3159.9999999391,299.81006593290675,476
1585000,3169.9999999388633,301.4892708404879,476
1590000,3179.999999938627,297.30958770289317,476
1595000,3189.9999999383904,299.31245986493894,476
1600000,3199.999999938154,300.258057319611,476
1605000,3209.9999999379174,303.0321017043818,476
1610000,3219.999999937681,300.80762172134416,476
1615000,3229.9999999374445,300.61376186157605,476
1620000,3239.999999937208,298.01515976549825,476
1625000,3249.9999999369716,298.74894409784145,476
1630000,3259.999999936735,302.3738227804679,476
1635000,3269.9999999364986,301.11954860337073,476
1640000,3279.999999936262,298.54455991174467,476
1645000,3289.9999999360257,299.99879628908616,476
1650000,3299.999999935789,301.57819697597915,476
1655000,3309.9999999355528,299.9653660760422,476
1660000,3319.9999999353163,297.9883846411621,476
1665000,3329.99999993508,297.86713378908996,476
1670000,3339.9999999348433,302.78217106400547,476
1675000,3349.999999934607,301.3394097399509,476
1680000,3359.9999999343704,300.6806886174517,476
1685000,3369.999999934134,299.6081580588873,476
1690000,3379.9999999338975,300.6955022700572,476
1695000,3389.999999933661,299.8465473161889,476
1700000,3399.9999999334245,299.6240329880973,476
1705000,3409.999999933188,302.11885107621987,476
1710000,3419.9999999329516,302.611836168972,476
1715000,3429.999999932715,300.9572838325179,476
1720000,3439.9999999324787,302.16238552693653,476
1725000,3449.999999932242,303.3636843135221,476
1730000,3459.9999999320057,296.7963941347958,476
1735000,3469.9999999317693,300.8609950905824,476
1740000,3479.999999931533,299.623413910078,476
1745000,3489.9999999312963,299.7438245848382,476
1750000,3499.99999993106,298.9374754646575,476
1755000,3509.9999999308234,298.967743957817,476
1760000,3519.999999930587,302.70836812012936,476
1765000,3529.9999999303504,301.01370837199414,476
1770000,3539.999999930114,300.6520562590576,476
1775000,3549.9999999298775,300.1450755810828,476
1780000,3559.999999929641,299.23023303801403,476
1785000,3569.9999999294046,298.0651503155594,476
1790000,3579.999999929168,298.3280373744831,476
1795000,3589.9999999289316,301.8516525810901,476
1800000,3599.999999928695,300.9369648075262,476
1805000,3609.9999999284587,299.7306691769274,476
1810000,3619.999999928222,300.457312002119,476
1815000,3629.9999999279858,302.67042748151596,476
1820000,3639.9999999277493,298.28563053015876,476
1825000,3649.999999927513,298.41939560219316,476
1830000,3659.9999999272763,297.46544059426014,476
1835000,3669.99999992704,300.56932090375966,476
1840000,3679.9999999268034,302.2614159001005,476
1845000,3689.999999926567,301.0843495959858,476
1850000,3699.9999999263305,298.6956591683203,476
1855000,3709.999999926094,302.2073571230552,476
1860000,3719.9999999258575,301.47140601764426,476
1865000,3729.999999925621,300.05690118318637,476
1870000,3739.9999999253846,303.58297059194143,476
1875000,3749.999999925148,298.8541652511987,476
1880000,3759.9999999249117,300.8494979273662,476
1885000,3769.999999924675,300.45028104461375,476
1890000,3779.9999999244387,300.8721384949303,476
1895000,3789.9999999242023,302.2256199246255,476
1900000,3799.999999923966,299.7881549930083,476
1905000,3809.9999999237293,299.15777879982284,476
1910000,3819.999999923493,300.92186372584035,476
1915000,3829.9999999232564,300.40836061873324,476
1920000,3839.99999992302,302.08475756529805,476
1925000,3849.9999999227834,300.81491799800057,476
1930000,3859.999999922547,302.290755776231,476
1935000,3869.9999999223105,299.32289575155056,476
1940000,3879.999999922074,297.98535558085325,476
1945000,3889.9999999218376,300.8312572357251,476
1950000,3899.999999921601,300.3956695193369,476
1955000,3909.9999999213646,299.21931073295866,476
1960000,3919.999999921128,299.05905796566856,476
1965000,3929.9999999208917,301.5265481812234,476
1970000,3939.9999999206552,298.18874482013325,476
1975000,3949.9999999204188,299.8844879548023,476
1980000,3959.9999999201823,300.2520434188517,476
1985000,3969.999999919946,301.4674041204479,476
1990000,3979.9999999197094,298.52068118814185,476
1995000,3989.999999919473,303.4534285163961,476
2000000,3999.9999999192364,302.4340723377065,476
2005000,4009.999999919,300.5399589176999,476
2010000,4019.9999999187635,301.4045898114149,476
2015000,4029.999999918527,298.5107538299032,476
2020000,4039.9999999182905,299.33468034384714,476
2025000,4049.999999918054,299.9972264841086,476
2030000,4059.9999999178176,300.0328234702202,476
2035000,4069.999999917581,298.82422840697814,476
2040000,4079.9999999173447,301.4232505917119,476
2045000,4089.999999917108,300.1861116097928,476
2050000,4099.999999917781,304.1257472453913,476
2055000,4109.999999919818,301.6331180402657,476
2060000,4119.999999921855,299.57119025716145,476
2065000,4129.999999923893,301.92850669520436,476
2070000,4139.99999992593,300.9352844529023,476
2075000,4149.999999927967,299.24416229344905,476
2080000,4159.999999930004,298.60901035554303,476
2085000,4169.999999932042,299.57744736714255,476
2090000,4179.999999934079,300.87116565804286,476
2095000,4189.999999936116,300.7515288308068,476
2100000,4199.999999938153,300.8980513320253,476
2105000,4209.999999940191,299.1084073277811,476
2110000,4219.999999942228,300.23128219527484,476
2115000,4229.999999944265,299.62040695969836,476
2120000,4239.9999999463025,299.90009756486114,476
2125000,4249.99999994834,299.14323046636855,476
2130000,4259.999999950377,299.06916220334125,476
2135000,4269.999999952414,297.98232652054435,476
2140000,4279.999999954452,304.53170765656864,476
2145000,4289.999999956489,299.09213441984434,476
2150000,4299.999999958526,298.6826364199851,476
2155000,4309.999999960563,298.7198695408621,476
2160000,4319.999999962601,299.381442844236,476
2165000,4329.999999964638,301.8943247445655,476
2170000,4339.999999966675,299.1805962468211,476
2175000,4349.9999999687125,302.27735715909824,476
2180000,4359.99999997075,297.51837176491307,476
2185000,4369.999999972787,300.2553156883825,476
2190000,4379.999999974824,300.9090620767977,476
2195000,4389.999999976862,297.4644677573727,476
2200000,4399.999999978899,299.83659784802103,476
2205000,4409.999999980936,298.3128036332217,476
2210000,4419.999999982973,300.2382689329215,476
2215000,4429.999999985011,301.6977674734274,476
2220000,4439.999999987048,300.21255508519,476
2225000,4449.999999989085,300.36064739138607,476
2230000,4459.999999991122,302.105607228592,476
2235000,4469.99999999316,299.03648372789223,476
2240000,4479.999999995197,303.4262111934747,476
2245000,4489.999999997234,298.4379900527024,476
2250000,4499.9999999992715,301.36722403096235,476
2255000,4510.000000001309,300.75564127764954,476
2260000,4520.000000003346,300.2105209716979,476
2265000,4530.000000005383,301.5225241740977,476
2270000,4540.000000007421,300.710426472309,476
2275000,4550.000000009458,300.0409820341178,476
2280000,4560.000000011495,298.7116446471766,476
2285000,4570.000000013532,299.32961717004616,476
2290000,4580.00000001557,299.5309059660463,476
2295000,4590.000000017607,298.1982963095744,476
2300000,4600.000000019644,297.83027653701043,476
2305000,4610.000000021681,301.8665988932711,476
2310000,4620.000000023719,300.3664401928527,476
2315000,4630.000000025756,300.256376964987,476
2320000,4640.000000027793,302.6044293426692,476
2325000,4650.0000000298305,299.2858837299662,476
2330000,4660.000000031868,299.58801591332974,476
2335000,4670.000000033905,303.1655130175479,476
2340000,4680.000000035942,302.3544765923637,476
2345000,4690.00000003798,300.22126639731914,476
2350000,4700.000000040017,299.72737479746735,476
2355000,4710.000000042054,300.5153284565021,476
2360000,4720.000000044091,298.3784922330587,476
2365000,4730.000000046129,298.3675257081448,476
2370000,4740.000000048166,297.9277813250553,476
2375000,4750.000000050203,300.14728657400894,476
2380000,4760.0000000522405,299.3765565498691,476
2385000,4770.000000054278,300.55634237528295,476
2390000,4780.000000056315,301.81287176516474,476
2395000,4790.000000058352,302.10169377111265,476
2400000,4800.0000000603895,302.0287973343362,476
2405000,4810.000000062427,300.49105175417264,476
2410000,4820.000000064464,300.2027161666685,476
2415000,4830.000000066501,300.2746618764866,476
2420000,4840.000000068539,300.5516550702794,476
2425000,4850.000000070576,300.3145039690165,476
2430000,4860.000000072613,301.24940021792577,476
2435000,4870.00000007465,299.5922831296773,476
2440000,4880.000000076688,304.82649934341725,476
2445000,4890.000000078725,300.5878490244811,476
2450000,4900.000000080762,299.9365789481432,476
2455000,4910.0000000827995,298.6595094339772,476
2460000,4920.000000084837,299.759257315463,476
2465000,4930.000000086874,299.4082400785014,476
2470000,4940.000000088911,300.4011085619353,476
2475000,4950.000000090949,299.5915313920824,476
2480000,4960.000000092986,299.65783906993875,476
2485000,4970.000000095023,300.31868274564704,476
2490000,4980.00000009706,300.6741661883195,476
2495000,4990.000000099098,299.47874864291754,476
2500000,5000.000000101135,300.18719499632664,476
2505000,5010.000000103172,299.6577064103632,476
2510000,5020.000000105209,298.2218433842383,476
2515000,5030.000000107247,300.90548026825724,476
2520000,5040.000000109284,299.2050498285848,476
2525000,5050.000000111321,301.20988977433484,476
2530000,5060.0000001133585,301.6540340333474,476
2535000,5070.000000115396,299.21475608753076,476
2540000,5080.000000117433,300.31461451866284,476
2545000,5090.00000011947,303.39990037765307,476
2550000,5100.000000121508,300.8385314024523,476
2555000,5110.000000123545,301.00163635061716,476
2560000,5120.000000125582,300.90735961224453,476
2565000,5130.000000127619,301.13560041201487,476
2570000,5140.000000129657,301.50297899663025,476
2575000,5150.000000131694,297.47278109077513,476
2580000,5160.000000133731,298.55683092248495,476
2585000,5170.0000001357685,303.9363978111926,476
2590000,5180.000000137806,297.75908256478715,476
2595000,5190.000000139843,301.3209479490172,476
2600000,5200.00000014188,298.61462627757555,476
2605000,5210.0000001439175,301.749991126344,476
2610000,5220.000000145955,300.5915856025264,476
2615000,5230.000000147992,300.76972530258934,476
2620000,5240.000000150029,302.30656437565324,476
2625000,5250.000000152067,298.43129074413605,476
2630000,5260.000000154104,300.53228677224604,476
2635000,5270.000000156141,299.1335020974933,476
2640000,5280.000000158178,299.92950377077943,476
2645000,5290.000000160216,299.5157827744312,476
2650000,5300.000000162253,298.2581699980156,476
2655000,5310.00000016429,300.0054734877233,476
2660000,5320.0000001663275,300.186465368661,476
2665000,5330.000000168365,299.8359345501432,476
2670000,5340.000000170402,300.2150756171259,476
2675000,5350.000000172439,299.6782023147889,476
2680000,5360.000000174477,301.5255532344067,476
2685000,5370.000000176514,301.28183548415296,476
2690000,5380.000000178551,300.5391408503172,476
2695000,5390.000000180588,301.4395677195072,476
2700000,5400.000000182626,299.76721688999726,476
2705000,5410.000000184663,301.7119841579428,476
2710000,5420.0000001867,302.6102884739236,476
2715000,5430.000000188737,297.60269903511795,476
2720000,5440.000000190775,300.68623820969646,476
2725000,5450.000000192812,300.14401430447816,476
2730000,5460.000000194849,298.1271023373511,476
2735000,5470.0000001968865,299.85547972761066,476
2740000,5480.000000198924,300.1627635244923,476
2745000,5490.000000200961,301.07415691859615,476
2750000,5500.000000202998,302.1861315909637,476
2755000,5510.000000205036,301.68470050523365,476
2760000,5520.000000207073,299.13058358683077,476
2765000,5530.00000020911,299.109159065376,476
2770000,5540.000000211147,298.21485664659156,476
2775000,5550.000000213185,300.38120962559964,476
2780000,5560.000000215222,301.1955183203146,476
2785000,5570.000000217259,300.9846338150148,476
2790000,5580.000000219296,301.4213049179369,476
2795000,5590.000000221334,301.7140624912934,476
2800000,5600.000000223371,301.9268263405805,476
2805000,5610.000000225408,302.0809325475358,476
2810000,5620.0000002274455,301.03033503879914,476
2815000,5630.000000229483,296.20108428941967,476
2820000,5640.00000023152,301.1843306961081,476
2825000,5650.000000233557,299.28115220510415,476
2830000,5660.000000235595,299.9850439130853,476
2835000,5670.000000237632,302.3722971953488,476
2840000,5680.000000239669,300.25080526281306,476
2845000,5690.000000241706,300.756105586164,476
2850000,5700.000000243744,298.3852136515543,476
2855000,5710.000000245781,300.1448987016487,476
2860000,5720.000000247818,302.1798081511949,476
2865000,5730.0000002498555,298.92606674115837,476
2870000,5740.000000251893,298.49266790776704,476
2875000,5750.00000025393,301.03097622674767,476
2880000,5760.000000255967,300.7137429616983,476
2885000,5770.000000258005,300.878019736114,476
2890000,5780.000000260042,301.99231595105414,476
2895000,5790.000000262079,302.2062737365214,476
2900000,5800.000000264116,303.55314429736717,476
2905000,5810.000000266154,298.7487008886196,476
2910000,5820.000000268191,299.7231739109076,476
2915000,5830.000000270228,299.60731788157534,476
2920000,5840.000000272265,299.000754082205,476
2925000,5850.000000274303,298.67825865399124,476
2930000,5860.00000027634,300.0835878678055,476
2935000,5870.000000278377,302.38954294017304,476
2940000,5880.0000002804145,297.76533967476826,476
2945000,5890.000000282452,300.0165063424249,476
2950000,5900.000000284489,297.7113472275108,476
2955000,5910.000000286526,298.60171407888663,476
2960000,5920.000000288564,299.5550721187296,476
2965000,5930.000000290601,301.3243307681943,476
2970000,5940.000000292638,299.6074726510802,476
2975000,5950.000000294675,301.6965735372473,476
2980000,5960.000000296713,300.58218888259006,476
2985000,5970.00000029875,302.18807726473887,476
2990000,5980.000000300787,299.5233001503802,476
2995000,5990.000000302824,299.40328745434675,476
3000000,6000.000000304862,300.30975033422527,476
3005000,6010.000000306899,301.1830925400694,476
3010000,6020.000000308936,299.2750719745571,476
3015000,6030.0000003109735,299.7276401166185,476
3020000,6040.000000313011,300.001228381305,476
3025000,6050.000000315048,299.5726495124927,476
3030000,6060.000000317085,300.7997948063855,476
3035000,6070.000000319123,299.60913089577485,476
3040000,6080.00000032116,300.1780635955415,476
3045000,6090.000000323197,301.5220598655833,476
3050000,6100.000000325234,298.77041283915474,476
3055000,6110.000000327272,299.0429177173074,476
3060000,6120.000000329309,301.16480762856986,476
3065000,6130.000000331346,299.8412188232368,476
3070000,6140.0000003333835,302.1033077959488,476
3075000,6150.000000335421,300.01772238853437,476
3080000,6160.000000337458,300.23369217756436,476
3085000,6170.000000339495,302.6514571622093,476
3090000,6180.0000003415325,300.4073656719164,476
3095000,6190.00000034357,300.46082748087167,476
3100000,6200.000000345607,299.8889099406546,476
3105000,6210.000000347644,299.033432557654,476
3110000,6220.000000349682,299.1774124170074,476
3115000,6230.000000351719,300.51011051319637,476
3120000,6240.000000353756,300.917110091049,476
3125000,6250.000000355793,300.1379119640019,476
3130000,6260.000000357831,300.99770078320853,476
3135000,6270.000000359868,300.3176877988302,476
3140000,6280.000000361905,299.5264839801939,476
3145000,6290.0000003639425,302.02621047261266,476
3150000,6300.00000036598,298.3739154777015,476
3155000,6310.000000368017,297.9077276192148,476
3160000,6320.000000370054,298.92224172339604,476
3165000,6330.000000372092,303.0621933181072,476
3170000,6340.000000374129,302.21211075784646,476
3175000,6350.000000376166,300.282289802082,476
3180000,6360.000000378203,300.4326815409213,476
3185000,6370.000000380241,301.98115043677694,476
3190000,6380.000000382278,300.606664574283,476
3195000,6390.000000384315,299.3077946698647,476
3200000,6400.000000386352,296.5836523954379,476
3205000,6410.00000038839,301.94557556059453,476
3210000,6420.000000390427,303.965980896545,476
3215000,6430.000000392464,301.5437054863306,476
3220000,6440.0000003945015,299.26364114112874,476
3225000,6450.000000396539,297.79633779559344,476
3230000,6460.000000398576,299.6015914098965,476
3235000,6470.000000400613,298.9580819187296,476
3240000,6480.000000402651,299.9995922465396,476
3245000,6490.000000404688,299.63601656975726,476
3250000,6500.000000406725,302.0614758097853,476
3255000,6510.000000408762,299.81041969177494,476
3260000,6520.0000004108,298.9089978757682,476
3265000,6530.000000412837,297.493033785979,476
3270000,6540.000000414874,301.1328587807864,476
3275000,6550.0000004169115,300.69594446864244,476
3280000,6560.000000418949,298.6058928555171,476
3285000,6570.000000420986,298.62349235920954,476
3290000,6580.000000423023,301.1369270077706,476
3295000,6590.0000004250605,299.0977724518061,476
3300000,6600.000000427098,302.6043187930229,476
3305000,6610.000000429135,301.41312424411,476
3310000,6620.000000431172,301.21913172476627,476
3315000,6630.00000043321,300.91825980737065,476
3320000,6640.000000435247,300.0728424421842,476
3325000,6650.000000437284,301.06456120929647,476
3330000,6660.000000439321,302.66812804887275,476
3335000,6670.000000441359,300.1463579569799,476
3340000,6680.000000443396,299.87356564974687,476
3345000,6690.000000445433,299.8985056499543,476
3350000,6700.0000004474705,300.1513990208516,476
3355000,6710.000000449508,298.9686062450582,476
3360000,6720.000000451545,299.30224507761994,476
3365000,6730.000000453582,301.99501336242406,476
3370000,6740.00000045562,299.74108295360975,476
3375000,6750.000000457657,300.70909987655324,476
3380000,6760.000000459694,302.7247294677831,476
3385000,6770.000000461731,300.2682721069299,476
3390000,6780.000000463769,298.41647709153057,476
3395000,6790.000000465806,298.54091177341644,476
3400000,6800.000000467843,298.0283593932676,476
3405000,6810.00000046988,301.32464030720394,476
3410000,6820.000000471918,301.29397383531773,476
3415000,6830.000000473955,296.6006770409696,476
3420000,6840.000000475992,300.528063775757,476
3425000,6850.0000004780295,299.5804322075929,476
3430000,6860.000000480067,299.90151260033394,476
3435000,6870.000000482104,298.83879885036174,476
3440000,6880.000000484141,299.7263135208628,476
3445000,6890.000000486179,300.3216896960266,476
3450000,6900.000000488216,301.0973944542504,476
3455000,6910.000000490253,299.5012344409769,476
3460000,6920.00000049229,302.43898074200257,476
3465000,6930.000000494328,298.30734248069393,476
3470000,6940.000000496365,298.59269322774776,476
3475000,6950.000000498402,300.4781837753422,476
3480000,6960.0000005004395,299.90182213934355,476
3485000,6970.000000502477,299.64738107339787,476
3490000,6980.000000504514,300.10709072261085,476
3495000,6990.000000506551,299.5160259836531,476
3500000,7000.0000005085885,299.44980674551374,476
3505000,7010.000000510626,299.9684393562096,476
3510000,7020.000000512663,302.6858381022115,476
3515000,7030.0000005147,299.2492033573207,476
3520000,7040.000000516738,301.8696942833678,476
3525000,7050.000000518775,301.35966243515475,476
3530000,7060.000000520812,300.4322614522653,476
3535000,7070.000000522849,299.54651557610515,476
3540000,7080.000000524887,301.6282980756866,476
3545000,7090.000000526924,299.5820241224998,476
3550000,7100.000000528961,298.13868794028434,476
3555000,7110.0000005309985,299.53523951218165,476
3560000,7120.000000533036,298.98808509273795,476
3565000,7130.000000535073,300.8457613493209,476
3570000,7140.00000053711,297.95999549198984,476
3575000,7150.000000539148,299.9857956506802,476
3580000,7160.000000541185,299.8501512346586,476
3585000,7170.000000543222,298.5848663127891,476
3590000,7180.000000545259,300.4667971617723,476
3595000,7190.000000547297,301.2234873808309,476
3600000,7200.000000549334,300.4567371439582,476
3605000,7210.000000551371,301.0796844009116,476
3610000,7220.000000553408,301.84157045334666,476
3615000,7230.000000555446,301.36098903091045,476
3620000,7240.000000557483,298.5594841139964,476
3625000,7250.00000055952,298.889054719574,476
3630000,7260.0000005615575,299.763060223296,476
3635000,7270.000000563595,300.4212285975636,476
3640000,7280.000000565632,299.6709060381325,476
3645000,7290.000000567669,299.65237791741106,476
3650000,7300.000000569707,303.0560246478431,476
3655000,7310.000000571744,300.7431491676166,476
3660000,7320.000000573781,301.97555662467363,476
3665000,7330.000000575818,301.94493437264595,476
3670000,7340.000000577856,298.4407316839309,476
3675000,7350.000000579893,298.7659024135853,476
3680000,7360.00000058193,298.5196641313958,476
3685000,7370.000000583967,301.02155739688214,476
3690000,7380.000000586005,302.0133424937822,476
3695000,7390.000000588042,298.7235840089781,476
3700000,7400.000000590079,302.59268897023117,476
3705000,7410.0000005921165,298.08124634406204,476
3710000,7420.000000594154,298.9927945076707,476
3715000,7430.000000596191,299.1951003604169,476
3720000,7440.000000598228,300.5493777475655,476
3725000,7450.000000600266,297.85526075707634,476
3730000,7460.000000602303,302.08537664331743,476
3735000,7470.00000060434,300.5975331734979,476
3740000,7480.000000606377,301.95344669541174,476
3745000,7490.000000608415,301.6566430050003,476
3750000,7500.000000610452,300.62806698580846,476
3755000,7510.000000612489,302.18608737110526,476
3760000,7520.0000006145265,300.3743113276699,476
3765000,7530.000000616564,300.8414941329734,476
3770000,7540.000000618601,301.23551518234933,476
3775000,7550.000000620638,301.4342171166258,476
3780000,7560.0000006226755,300.8818226439471,476
3785000,7570.000000624713,299.8934645860826,476
3790000,7580.00000062675,298.19108847263504,476
3795000,7590.000000628787,299.40874860687444,476
3800000,7600.000000630825,299.87007228092347,476
3805000,7610.000000632862,298.6628922531542,476
3810000,7620.000000634899,299.86427947945685,476
3815000,7630.000000636936,298.43383338600114,476
3820000,7640.000000638974,298.822105853769,476
3825000,7650.000000641011,300.81133618946023,476
3830000,7660.000000643048,302.74931570912236,476
3835000,7670.0000006450855,301.16849998675656,476
3840000,7680.000000647123,299.3360290495321,476
3845000,7690.00000064916,300.41578955496516,476
3850000,7700.000000651197,299.3920556102817,476
3855000,7710.000000653235,299.83768123455485,476
3860000,7720.000000655272,302.1461126189998,476
3865000,7730.000000657309,300.730944486664,476
3870000,7740.000000659346,301.4556195281513,476
3875000,7750.000000661384,299.66719157001654,476
3880000,7760.000000663421,301.9823443729571,476
3885000,7770.000000665458,299.56738734932844,476
3890000,7780.000000667495,301.06007289365635,476
3895000,7790.000000669533,300.1059852261477,476
3900000,7800.00000067157,300.3805463277218,476
3905000,7810.000000673607,299.0884420616576,476
3910000,7820.0000006756445,300.68044540822984,476
3915000,7830.000000677682,300.882574381542,476
3920000,7840.000000679719,303.0357056228514,476
3925000,7850.000000681756,300.33548629188607,476
3930000,7860.000000683794,300.24350898615666,476
3935000,7870.000000685831,300.6688155854381,476
3940000,7880.000000687868,298.0895596774645,476
3945000,7890.000000689905,298.12829627353125,476
3950000,7900.000000691943,301.1486010504209,476
3955000,7910.00000069398,299.9575391610835,476
3960000,7920.000000696017,301.6479759127297,476
3965000,7930.0000006980545,299.52933616106867,476
3970000,7940.000000700092,298.3122508849901,476
3975000,7950.000000702129,302.8187187770754,476
3980000,7960.000000704166,299.1429430372881,476
3985000,7970.0000007062035,301.07245445404294,476
3990000,7980.000000708241,300.96948851347037,476
3995000,7990.000000710278,300.84998434580996,476
4000000,8000.000000712315,300.5110833500839,476
4005000,8010.000000714353,304.6713097499281,476
4010000,8020.00000071639,303.22032353218816,476
4015000,8030.000000718427,300.2435974258737,476
4020000,8040.000000720464,298.68095606536116,476
4025000,8050.000000722502,297.65328655326914,476
4030000,8060.000000724539,298.7554223071152,476
4035000,8070.000000726576,297.60146087907924,476
4040000,8080.0000007286135,301.60225257901607,476
4045000,8090.000000730651,300.0536289136556,476
4050000,8100.000000732688,300.38976616822396,476
4055000,8110.000000734725,302.14266347003496,476
4060000,8120.000000736763,300.31722349031577,476
4065000,8130.0000007388,301.39782417306077,476
4070000,8140.000000740837,300.7376437952303,476
4075000,8150.000000742874,299.29654071587044,476
4080000,8160.000000744912,298.07408272698115,476
4085000,8170.000000746949,301.83387619796355,476
4090000,8180.000000748986,300.40362909387113,476
4095000,8190.000000751023,300.0309662361622,476
4100000,8200.00000075306,300.36966824252494,476
4105000,8210.000000755097,300.78555601194086,476
4110000,8220.000000757134,300.414507179068,476
4115000,8230.000000759172,300.05736549170086,476
4120000,8240.000000761209,299.6199647611131,476
4125000,8250.000000763246,301.380534208378,476
4130000,8260.000000765283,301.0018353399805,476
4135000,8270.00000076732,297.01249658340134,476
4140000,8280.000000769358,299.0037168127261,476
4145000,8290.000000771395,298.6945978917158,476
4150000,8300.000000773432,298.47774370551525,476
4155000,8310.00000077547,299.4010101316328,476
4160000,8320.000000777507,301.5913744938192,476
4165000,8330.000000779544,299.212920963402,476
4170000,8340.000000781582,297.1712016556431,476
4175000,8350.000000783619,298.72522014374346,476
4180000,8360.000000785656,300.9038441334919,476
4185000,8370.000000787693,300.75526540885204,476
4190000,8380.00000078973,301.7885508429767,476
4195000,8390.000000791768,300.04140212277383,476
4200000,8400.000000793805,299.99242862945874,476
4205000,8410.000000795842,301.2995455374917,476
4210000,8420.00000079788,301.333683268272,476
4215000,8430.000000799917,298.64849868920476,476
4220000,8440.000000801954,299.2784990135927,476
4225000,8450.000000803991,298.71787964722853,476
4230000,8460.000000806029,300.56615918387524,476
4235000,8470.000000808066,299.93710958644556,476
4240000,8480.000000810103,301.05114048223453,476
4245000,8490.00000081214,301.6861818704942,476
4250000,8500.000000814178,298.9292505709721,476
4255000,8510.000000816215,302.0378624053336,476
4260000,8520.000000818252,301.7777169776383,476
4265000,8530.00000082029,301.64443832404777,476
4270000,8540.000000822327,302.1535857750903,476
4275000,8550.000000824364,300.3003757242182,476
4280000,8560.000000826401,300.10262451689994,476
4285000,8570.000000828439,302.48415132748465,476
4290000,8580.000000830476,301.57121023833247,476
4295000,8590.000000832513,300.9802118291624,476
4300000,8600.00000083455,300.6155527658463,476
4305000,8610.000000836588,299.2479873112113,476
4310000,8620.000000838625,300.85900519694883,476
4315000,8630.000000840662,300.6519235994821,476
4320000,8640.0000008427,299.20071628244943,476
4325000,8650.000000844737,302.87432524916903,476
4330000,8660.000000846774,301.336800768298,476
4335000,8670.000000848811,299.7913167128927,476
4340000,8680.000000850849,302.7602380141777,476
4345000,8690.000000852886,298.62130347621263,476
4350000,8700.000000854923,301.614567809615,476
4355000,8710.00000085696,299.0586820968711,476
4360000,8720.000000858998,299.01649635183946,476
4365000,8730.000000861035,299.9795164307698,476
4370000,8740.000000863072,302.5389618421248,476
4375000,8750.00000086511,301.8328812511468,476
4380000,8760.000000867147,301.57589754333594,476
4385000,8770.000000869184,301.0180419181295,476
4390000,8780.000000871221,303.07083830044854,476
4395000,8790.000000873259,299.1115027178777,476
4400000,8800.000000875296,298.9963763162111,476
4405000,8810.000000877333,300.7163519333512,476
4410000,8820.00000087937,299.8395605785421,476
4415000,8830.000000881408,301.0655119362547,476
4420000,8840.000000883445,298.96557718474935,476
4425000,8850.000000885482,298.68073496606854,476
4430000,8860.00000088752,300.8535219344918,476
4435000,8870.000000889557,300.7429059583947,476
4440000,8880.000000891594,299.5662376330068,476
4445000,8890.000000893631,299.7487108792051,476
4450000,8900.000000895669,298.67675517880144,476
4455000,8910.000000897706,302.24233503114743,476
4460000,8920.000000899743,301.28417913665476,476
4465000,8930.00000090178,299.65863502739217,476
4470000,8940.000000903818,299.13575731027805,476
4475000,8950.000000905855,299.4729779513802,476
4480000,8960.000000907892,300.16397957060167,476
4485000,8970.00000090993,297.7933308452138,476
4490000,8980.000000911967,299.09489816100205,476
4495000,8990.000000914004,300.50818694935055,476
4500000,9000.000000916041,300.3514938806717,476
4505000,9010.000000918079,303.00804610134486,476
4510000,9020.000000920116,301.17331995133566,476
4515000,9030.000000922153,300.9400601976228,476
4520000,9040.00000092419,300.53186668359007,476
4525000,9050.000000926228,299.6500563748385,476
4530000,9060.000000928265,300.762097376994,476
4535000,9070.000000930302,302.12820357629766,476
4540000,9080.00000093234,299.5770714983451,476
4545000,9090.000000934377,300.5382343432175,476
4550000,9100.000000936414,301.31438130002647,476
4555000,9110.000000938451,299.07880213249945,476
4560000,9120.000000940488,300.5429658680795,476
4565000,9130.000000942526,302.78301124131747,476
4570000,9140.000000944563,299.70712210226344,476
4575000,9150.0000009466,299.19830630015986,476
4580000,9160.000000948638,299.10604156535004,476
4585000,9170.000000950675,300.85126672170713,476
4590000,9180.000000952712,301.61317488407144,476
4595000,9190.00000095475,297.5294488394733,476
4600000,9200.000000956787,301.3952152014079,476
4605000,9210.000000958824,301.87637148200486,476
4610000,9220.000000960861,298.93457906392416,476
4615000,9230.000000962898,300.20545779789694,476
4620000,9240.000000964936,300.50175295993535,476
4625000,9250.000000966973,297.3167955398326,476
4630000,9260.00000096901,301.32928339234894,476
4635000,9270.000000971047,299.48650922808844,476
4640000,9280.000000973085,300.1202682404509,476
4645000,9290.000000975122,300.8900475376325,476
4650000,9300.00000097716,301.01096674076564,476
4655000,9310.000000979197,300.77366086999797,476
4660000,9320.000000981234,299.66741266930916,476
4665000,9330.000000983271,301.0179092585539,476
4670000,9340.000000985308,300.91109619028975,476
4675000,9350.000000987346,299.7275074570429,476
4680000,9360.000000989383,300.73883773141046,476
4685000,9370.00000099142,301.7212482183035,476
4690000,9380.000000993457,297.53243367992366,476
4695000,9390.000000995495,303.09741443542134,476
4700000,9400.000000997532,301.7048868706497,476
4705000,9410.00000099957,300.7531649655722,476
4710000,9420.000001001607,301.28298520047457,476
4715000,9430.000001003644,298.92365675886884,476
4720000,9440.000001005681,302.1259483635129,476
4725000,9450.000001007718,300.223698489538,476
4730000,9460.000001009756,298.93307558873437,476
4735000,9470.000001011793,301.3451583215589,476
4740000,9480.00000101383,303.35006459709683,476
4745000,9490.000001015867,299.90675265356896,476
4750000,9500.000001017905,299.38849591167053,476
4755000,9510.000001019942,301.9993247986302,476
4760000,9520.00000102198,298.83477484323606,476
4765000,9530.000001024016,299.00446855032095,476
4770000,9540.000001026054,299.1544623104336,476
4775000,9550.000001028091,301.5190750251329,476
4780000,9560.000001030128,299.5725389628464,476
4785000,9570.000001032166,298.71034016135025,476
4790000,9580.000001034203,300.0408051546837,476
4795000,9590.00000103624,301.6021199194405,476
4800000,9600.000001038277,299.86202426667217,476
4805000,9610.000001040315,301.2149087282773,476
4810000,9620.000001042352,301.100489844347,476
4815000,9630.00000104439,302.7344136167998,476
4820000,9640.000001046426,303.6752795466098,476
4825000,9650.000001048464,300.6125237055374,476
4830000,9660.000001050501,302.9331597709348,476
4835000,9670.000001052538,301.929744851243,476
4840000,9680.000001054575,298.7641778391029,476
4845000,9690.000001056613,300.1935847658833,476
4850000,9700.00000105865,300.89305448801207,476
4855000,9710.000001060687,303.3681284093038,476
4860000,9720.000001062725,301.15558778806763,476
4865000,9730.000001064762,301.0159414748496,476
4870000,9740.000001066799,302.116330544284,476
4875000,9750.000001068836,300.6300347695128,476
4880000,9760.000001070874,300.65254267750134,476
4885000,9770.00000107291,301.39072688576766,476
4890000,9780.000001074948,299.37728617753476,476
4895000,9790.000001076985,300.3795734908342,476
4900000,9800.000001079023,298.4351820916861,476
4905000,9810.00000108106,298.6310760649464,476
4910000,9820.000001083097,301.23832314336556,476
4915000,9830.000001085134,301.2772366188665,476
4920000,9840.000001087172,300.57838597475705,476
4925000,9850.000001089209,299.93224540200794,476
4930000,9860.000001091246,302.2365864495394,476
4935000,9870.000001093284,301.08828516339446,476
4940000,9880.00000109532,303.8214482889601,476
4945000,9890.000001097358,301.3248392965673,476
4950000,9900.000001099395,302.2795460420952,476
4955000,9910.000001101433,299.76458580841506,476
4960000,9920.00000110347,300.913307183216,476
4965000,9930.000001105507,299.0856341006413,476
4970000,9940.000001107544,298.8809624854641,476
4975000,9950.000001109582,300.04266238874175,476
4980000,9960.000001111619,300.25721714229906,476
4985000,9970.000001113656,300.8754107644611,476
4990000,9980.000001115694,299.3807132165703,476
4995000,9990.00000111773,297.2307215852161,476
5000000,10000.000001119768,299.39904234792846,476
5005000,10010.000001121805,299.51569433471417,476
5010000,10020.000001123843,298.1506936318736,476
5015000,10030.00000112588,303.8148374201108,476
5020000,10040.000001127917,303.0157845765865,476
5025000,10050.000001129954,302.7501116665758,476
5030000,10060.000001131992,299.764497368698,476
5035000,10070.000001134029,299.4101415324179,476
5040000,10080.000001136066,299.0353119016413,476
5045000,10090.000001138103,298.7109592393696,476
5050000,10100.00000114014,297.8559240549542,476
5055000,10110.000001142178,300.77989587004976,476
5060000,10120.000001144215,302.46308056489806,476
5065000,10130.000001146253,297.7469884334809,476
5070000,10140.00000114829,299.8236414294735,476
5075000,10150.000001150327,300.3825362213553,476
5080000,10160.000001152364,299.9892226897158,476
5085000,10170.000001154402,301.0392232303624,476
5090000,10180.000001156439,300.00304139550445,476
5095000,10190.000001158476,297.4520640870567,476
5100000,10200.000001160513,300.86871145589475,476
5105000,10210.00000116255,301.4257711236478,476
5110000,10220.000001164588,304.1913031856527,476
5115000,10230.000001166625,298.8182808360067,476
5120000,10240.000001168662,300.9055244881158,476
5125000,10250.0000011707,299.8936856853752,476
5130000,10260.000001172737,303.5852036947969,476
5135000,10270.000001174774,299.5023620473692,476
5140000,10280.000001176812,300.19011350698923,476
5145000,10290.000001178849,302.439688259739,476
5150000,10300.000001180886,302.44994726691647,476
5155000,10310.000001182923,298.68111083486605,476
5160000,10320.00000118496,300.1372486661241,476
5165000,10330.000001186998,301.5426884295846,476
5170000,10340.000001189035,299.82726745787255,476
5175000,10350.000001191072,301.2475208739385,476
5180000,10360.00000119311,302.3235669112556,476
5185000,10370.000001195147,299.22552362308124,476
5190000,10380.000001197184,299.84199267076093,476
5195000,10390.000001199222,301.44416658479366,476
5200000,10400.000001201259,302.7583807801197,476
5205000,10410.000001203296,300.836983707404,476
5210000,10420.000001205333,300.95978225452444,476
5215000,10430.00000120737,301.81667467299775,476
5220000,10440.000001209408,298.6806907462101,476
5225000,10450.000001211445,299.56424773937323,476
5230000,10460.000001213482,299.37918763145126,476
5235000,10470.00000121552,299.4408301142334,476
5240000,10480.000001217557,302.6297009918156,476
5245000,10490.000001219594,299.1820112822939,476
5250000,10500.000001221631,300.800767643273,476
5255000,10510.000001223669,301.2044949515949,476
5260000,10520.000001225706,301.63508582397,476
5265000,10530.000001227743,302.43513361431104,476
5270000,10540.00000122978,300.55928299587475,476
5275000,10550.000001231818,300.1991785779866,476
5280000,10560.000001233855,300.15918171595183,476
5285000,10570.000001235892,299.9820811825642,476
5290000,10580.00000123793,300.75584026701284,476
5295000,10590.000001239967,300.79669941628885,476
5300000,10600.000001242004,300.28189182335524,476
5305000,10610.000001244041,301.6139708415249,476
5310000,10620.000001246079,298.1276329756534,476
5315000,10630.000001248116,299.92857515375044,476
5320000,10640.000001250153,298.87532445350234,476
5325000,10650.00000125219,300.190268276494,476
5330000,10660.000001254228,301.38106484668026,476
5335000,10670.000001256265,302.13563251252964,476
5340000,10680.000001258302,301.58071750791504,476
5345000,10690.00000126034,301.1785157847122,476
5350000,10700.000001262377,300.24134221308896,476
5355000,10710.000001264414,298.177910954795,476
5360000,10720.000001266451,297.92114834627677,476
5365000,10730.000001268489,299.4274978268885,476
5370000,10740.000001270526,302.36402808180486,476
5375000,10750.000001272563,299.5414081824457,476
5380000,10760.0000012746,300.86711954098786,476
5385000,10770.000001276638,300.8284934945674,476
5390000,10780.000001278675,299.34891913829176,476
5395000,10790.000001280712,301.710060594097,476
5400000,10800.00000128275,297.86569664368795,476
5405000,10810.000001284787,300.71084656096497,476
5410000,10820.000001286824,301.17429278822317,476
5415000,10830.000001288861,298.80813237847553,476
5420000,10840.000001290899,300.20981345396154,476
5425000,10850.000001292936,299.0965342957674,476
5430000,10860.000001294973,297.1909679324032,476
5435000,10870.00000129701,300.0658335946082,476
5440000,10880.000001299048,302.1212610585094,476
5445000,10890.000001301085,297.25269885490235,476
5450000,10900.000001303122,301.0416332126519,476
5455000,10910.00000130516,301.968835206178,476
5460000,10920.000001307197,299.70389405259124,476
5465000,10930.000001309234,297.69865612811446,476
5470000,10940.000001311271,300.705783387164,476
5475000,10950.000001313309,303.2717512276513,476
5480000,10960.000001315346,301.572359954654,476
5485000,10970.000001317383,300.69134560335596,476
5490000,10980.00000131942,300.4843524456063,476
5495000,10990.000001321458,299.5835718175481,476
5500000,11000.000001323495,301.5812039263588,476
5505000,11010.000001325532,300.7353664725164,476
5510000,11020.00000132757,301.24303255829835,476
5515000,11030.000001329607,298.2852104415028,476
5520000,11040.000001331644,299.511206019074,476
5525000,11050.000001333681,300.1062063254404,476
5530000,11060.000001335718,301.5950889619353,476
5535000,11070.000001337756,300.89309870787065,476
5540000,11080.000001339793,300.44921976800913,476
5545000,11090.00000134183,298.78425365487266,476
5550000,11100.000001343868,299.1959847575873,476
5555000,11110.000001345905,301.74079339577105,476
5560000,11120.000001347942,302.32626432262555,476
5565000,11130.00000134998,301.1138000217627,476
5570000,11140.000001352017,301.39346851699617,476
5575000,11150.000001354054,299.48739362525896,476
5580000,11160.000001356091,299.2416196515839,476
5585000,11170.000001358128,299.9333730084003,476
5590000,11180.000001360166,298.33383017594974,476
5595000,11190.000001362203,299.69717263409564,476
5600000,11200.00000136424,300.2932121071373,476
5605000,11210.000001366278,298.68511273206246,476
5610000,11220.000001368315,302.50305531700354,476
5615000,11230.000001370352,299.50534688781954,476
5620000,11240.00000137239,299.0279492951971,476
5625000,11250.000001374427,300.87916945243563,476
5630000,11260.000001376464,301.23465289510807,476
5635000,11270.000001378501,301.4111122405472,476
5640000,11280.000001380538,301.0001107654981,476
5645000,11290.000001382576,300.7815320048152,476
5650000,11300.000001384613,299.4625862846271,476
5655000,11310.00000138665,301.36779888912315,476
5660000,11320.000001388687,302.151286342447,476
5665000,11330.000001390725,301.4113554497691,476
5670000,11340.000001392762,301.66524376748316,476
5675000,11350.0000013948,301.5001489256847,476
5680000,11360.000001396837,300.95639943534735,476
5685000,11370.000001398874,298.96000548257535,476
5690000,11380.000001400911,301.16149113918055,476
5695000,11390.000001402948,302.2634279036633,476
5700000,11400.000001404986,298.85681844271016,476
5705000,11410.000001407023,301.47012364174714,476
5710000,11420.00000140906,299.0980819908158,476
5715000,11430.000001411097,300.6600158335919,476
5720000,11440.000001413135,298.0977624612206,476
5725000,11450.000001415172,300.307959429955,476
5730000,11460.00000141721,302.0838510581984,476
5735000,11470.000001419246,300.21675597174976,476
5740000,11480.000001421284,300.89559712987716,476
5745000,11490.000001423321,300.60611182605146,476
5750000,11500.000001425358,299.84451320269676,476
5755000,11510.000001427396,299.3449172410954,476
5760000,11520.000001429433,299.15375479269716,476
5765000,11530.00000143147,299.4107163905788,476
5770000,11540.000001433507,300.0923212898639,476
5775000,11550.000001435545,297.8811735941713,476
5780000,11560.000001437582,302.95078138455654,476
5785000,11570.00000143962,299.6367683073522,476
5790000,11580.000001441656,298.15372269218244,476
5795000,11590.000001443694,299.73409621596295,476
5800000,11600.000001445731,300.6547315604983,476
5805000,11610.000001447768,299.15145536005394,476
5810000,11620.000001449805,300.4547914701832,476
5815000,11630.000001451843,296.8705950573986,476
5820000,11640.00000145388,301.8837561983783,476
5825000,11650.000001455917,299.63712206622034,476
5830000,11660.000001457955,300.22290253208456,476
5835000,11670.000001459992,299.91851513593633,476
5840000,11680.00000146203,298.85102564124355,476
5845000,11690.000001464066,303.13279032224034,476
5850000,11700.000001466104,302.3274140389472,476
5855000,11710.00000146814,301.8155470666054,476
5860000,11720.000001470178,298.07103155674304,476
5865000,11730.000001472215,302.7305885990375,476
5870000,11740.000001474253,301.38645966942016,476
5875000,11750.00000147629,299.2177630379103,476
5880000,11760.000001478327,300.808108139788,476
5885000,11770.000001480365,300.8709445587502,476
5890000,11780.000001482402,302.138705792697,476
5895000,11790.000001484439,301.0980577521282,476
5900000,11800.000001486476,299.57318015079505,476
5905000,11810.000001488514,299.4184990856789,476
5910000,11820.00000149055,300.936611048658,476
5915000,11830.000001492588,301.1347602347029,476
5920000,11840.000001494625,300.5418161517579,476
5925000,11850.000001496663,301.5834591391435,476
5930000,11860.0000014987,298.01902900311904,476
5935000,11870.000001500737,300.9196085130556,476
5940000,11880.000001502774,300.9137493818012,476
5945000,11890.000001504812,298.9124912445916,476
5950000,11900.000001506849,301.62206307563474,476
5955000,11910.000001508886,300.2132626029264,476
5960000,11920.000001510924,300.26557469555996,476
5965000,11930.00000151296,300.098158311189,476
5970000,11940.000001514998,301.8137119424767,476
5975000,11950.000001517035,301.0260678224516,476
5980000,11960.000001519073,301.00059718394186,476
5985000,11970.00000152111,301.73248006236855,476
5990000,11980.000001523147,302.0956798703534,476
5995000,11990.000001525184,298.9090420956267,476
6000000,12000.000001527222,303.1845496666424,476
6005000,12010.000001529259,299.6656880948267,476
6010000,12020.000001531296,299.07276612181096,476
6015000,12030.000001533333,298.6385271111077,476
6020000,12040.00000153537,301.11627633384,476
6025000,12050.000001537408,298.66194152619596,476
6030000,12060.000001539445,298.79670154504714,476
6035000,12070.000001541483,302.482581522507,476
6040000,12080.00000154352,301.23177860430405,476
6045000,12090.000001545557,299.7157449746756,476
6050000,12100.000001547594,300.9606224318364,476
6055000,12110.000001549632,298.92931690075983,476
6060000,12120.000001551669,301.1807046677091,476
6065000,12130.000001553706,302.17483341711096,476
6070000,12140.000001555743,301.2693654840493,476
6075000,12150.00000155778,300.45156342051087,476
6080000,12160.000001559818,303.18992237945304,476
6085000,12170.000001561855,299.8941942137482,476
6090000,12180.000001563893,300.33517675287635,476
6095000,12190.00000156593,301.03128576575733,476
6100000,12200.000001567967,300.9860709604168,476
6105000,12210.000001570004,300.4388723211146,476
6110000,12220.000001572042,302.2514001021448,476
6115000,12230.000001574079,300.8086608880195,476
6120000,12240.000001576116,299.7123842654278,476
6125000,12250.000001578153,299.93728646587965,476
6130000,12260.00000158019,299.4040170820124,476
6135000,12270.000001582228,299.3632021525949,476
6140000,12280.000001584265,301.355461548595,476
6145000,12290.000001586302,299.3926967982303,476
6150000,12300.00000158834,300.48923873997313,476
6155000,12310.000001590377,301.57682616036493,476
6160000,12320.000001592414,298.8342220950045,476
6165000,12330.000001594452,300.205126148958,476
6170000,12340.000001596489,301.9945711638389,476
6175000,12350.000001598526,297.958403577083,476
6180000,12360.000001600563,299.1254098633835,476
6185000,12370.0000016026,302.7829228016004,476
6190000,12380.000001604638,300.81133618946023,476
6195000,12390.000001606675,300.7562824655981,476
6200000,12400.000001608712,300.81312709373043,476
6205000,12410.00000161075,299.57517004442855,476
6210000,12420.000001612787,303.5615460704867,476
6215000,12430.000001614824,298.9426270781755,476
6220000,12440.000001616861,303.57147342872526,476
6225000,12450.000001618899,300.8851612432656,476
6230000,12460.000001620936,300.5586196979969,476
6235000,12470.000001622973,301.6275021182331,476
6240000,12480.00000162501,301.0485757304401,476
6245000,12490.000001627048,299.80223901794807,476
6250000,12500.000001629085,299.96103252990684,476
6255000,12510.000001631122,299.5794593707054,476
6260000,12520.00000163316,301.88618829059715,476
6265000,12530.000001635197,300.72528434477294,476
6270000,12540.000001637234,300.98233438237156,476
6275000,12550.000001639271,300.62331335101715,476
6280000,12560.000001641309,299.37167025550224,476
6285000,12570.000001643346,300.1284046944193,476
6290000,12580.000001645383,301.28311786005014,476
6295000,12590.00000164742,300.7423532101631,476
6300000,12600.000001649458,301.48104594680245,476
6305000,12610.000001651495,300.14693281514076,476
6310000,12620.000001653532,300.81863246611664,476
6315000,12630.00000165557,299.34776942197016,476
6320000,12640.000001657607,304.79996742830303,476
6325000,12650.000001659644,299.47571958260863,476
6330000,12660.000001661681,295.70619774275104,476
6335000,12670.000001663719,299.69354660569667,476
6340000,12680.000001665756,300.9660614744348,476
6345000,12690.000001667793,300.3568002636945,476
6350000,12700.00000166983,301.8998301169517,476
6355000,12710.000001671868,302.4860306714719,476
6360000,12720.000001673905,300.7614119691869,476
6365000,12730.000001675942,299.804007812289,476
6370000,12740.00000167798,300.1294659710239,476
6375000,12750.000001680017,298.51575067391644,476
6380000,12760.000001682054,302.37041785136154,476
6385000,12770.000001684091,298.7308802856345,476
6390000,12780.000001686129,300.31801944776913,476
6395000,12790.000001688166,300.69351237642366,476
6400000,12800.000001690203,299.04528347973843,476
6405000,12810.00000169224,301.84134935405405,476
6410000,12820.000001694278,301.2974229842826,476
6415000,12830.000001696315,301.73272327159043,476
6420000,12840.000001698352,300.2766296601909,476
6425000,12850.00000170039,302.4112106708497,476
6430000,12860.000001702427,300.04496182138496,476
6435000,12870.000001704464,299.2967175953045,476
6440000,12880.000001706501,301.24508878171974,476
6445000,12890.000001708539,297.6109460387326,476
6450000,12900.000001710576,299.3637106809679,476
6455000,12910.000001712613,300.53023054882465,476
6460000,12920.00000171465,299.2114838179999,476
6465000,12930.000001716688,300.7121068269329,476
6470000,12940.000001718725,301.1824071322623,476
6475000,12950.000001720762,299.92994596936467,476
6480000,12960.0000017228,298.7605960305625,476
6485000,12970.000001724837,300.5049146798198,476
6490000,12980.000001726874,298.45185297834956,476
6495000,12990.000001728911,302.1525908282735,476
6500000,13000.000001730948,302.6641261516763,476
6505000,13010.000001732986,299.36459507813845,476
6510000,13020.000001735023,300.34238458981577,476
6515000,13030.00000173706,299.0332777881492,476
6520000,13040.000001739098,300.67228684433223,476
6525000,13050.000001741135,301.75711052356627,476
6530000,13060.000001743172,299.4681579868011,476
6535000,13070.00000174521,300.49909976842395,476
6540000,13080.000001747247,298.9871343657797,476
6545000,13090.000001749284,301.2809510869825,476
6550000,13100.000001751321,301.01317773369186,476
6555000,13110.000001753358,298.9512941704462,476
6560000,13120.000001755396,299.6185497256404,476
6565000,13130.000001757433,301.34453924353966,476
6570000,13140.00000175947,301.52265683367335,476
6575000,13150.000001761508,297.95924375439495,476
6580000,13160.000001763545,301.3515702010449,476
6585000,13170.000001765582,300.99153211294447,476
6590000,13180.00000176762,299.33558685094687,476
6595000,13190.000001769657,300.33769728481224,476
6600000,13200.000001771694,302.07531662550326,476
6605000,13210.000001773731,300.42604856214274,476
6610000,13220.000001775768,302.27607478320107,476
6615000,13230.000001777806,298.38200771181135,476
6620000,13240.000001779843,300.8924354099928,476
6625000,13250.00000178188,302.0304776889601,476
6630000,13260.000001783917,301.2811500763458,476
6635000,13270.000001785955,301.7123600267402,476
6640000,13280.000001787992,301.04601097864577,476
6645000,13290.00000179003,299.91442479902287,476
6650000,13300.000001792067,299.46753890878176,476
6655000,13310.000001794104,301.0060804463988,476
6660000,13320.000001796141,300.70949785528,476
6665000,13330.000001798178,299.74669887564227,476
6670000,13340.000001800216,296.72046863771044,476
6675000,13350.000001802253,300.9217310662647,476
6680000,13360.00000180429,298.9509625215072,476
6685000,13370.000001806327,302.7467730672572,476
6690000,13380.000001808365,300.10333203463637,476
6695000,13390.000001810402,298.50611074475825,476
6700000,13400.00000181244,300.7683102671166,476
6705000,13410.000001814476,302.27505772645503,476
6710000,13420.000001816514,300.5738313293291,476
6715000,13430.000001818551,303.19266401068154,476
6720000,13440.000001820588,298.6410697529728,476
6725000,13450.000001822626,300.2148987376917,476
6730000,13460.000001824663,299.1954762292143,476
6735000,13470.0000018267,300.6698989719719,476
6740000,13480.000001828737,299.6219988746052,476
6745000,13490.000001830775,300.84233431028537,476
6750000,13500.000001832812,298.876982698197,476
6755000,13510.00000183485,300.35870171761104,476
6760000,13520.000001836886,299.4227441920972,476
6765000,13530.000001838924,302.6383680840862,476
6770000,13540.000001840961,298.41366913051434,476
6775000,13550.000001842998,297.6063471734461,476
6780000,13560.000001845036,300.482893190275,476
6785000,13570.000001847073,301.74751481426665,476
6790000,13580.00000184911,299.6227285022709,476
6795000,13590.000001851147,299.1402898457767,476
6800000,13600.000001853185,298.7362308885159,476
6805000,13610.000001855222,300.7832344693683,476
6810000,13620.00000185726,301.1236831601428,476
6815000,13630.000001859296,298.4105074106299,476
6820000,13640.000001861334,298.66647406169466,476
6825000,13650.000001863371,298.2540133313143,476
6830000,13660.000001865408,301.4034400950933,476
6835000,13670.000001867445,301.298639030392,476
6840000,13680.000001869483,298.1581667879641,476
6845000,13690.00000187152,298.6962561364104,476
6850000,13700.000001873557,299.90376781311863,476
6855000,13710.000001875595,299.8501733445878,476
6860000,13720.000001877632,299.2130978428361,476
6865000,13730.000001879669,300.10494605947247,476
6870000,13740.000001881706,299.64079231447784,476
6875000,13750.000001883744,298.80054867273867,476
6880000,13760.00000188578,302.4488417704534,476
6885000,13770.000001887818,300.84268806915355,476
6890000,13780.000001889855,299.32130383664366,476
6895000,13790.000001891893,298.87446216626114,476
6900000,13800.00000189393,299.36658497177206,476
6905000,13810.000001895967,299.86808238729,476
6910000,13820.000001898004,297.953760491938,476
6915000,13830.000001900042,298.8035777330476,476
6920000,13840.000001902079,300.9666363325956,476
6925000,13850.000001904116,300.0270085588243,476
6930000,13860.000001906154,301.0865163690535,476
6935000,13870.00000190819,302.44632123851756,476
6940000,13880.000001910228,298.1442154225998,476
6945000,13890.000001912265,301.818974105641,476
6950000,13900.000001914303,300.6880291139667,476
6955000,13910.00000191634,303.3330841714237,476
6960000,13920.000001918377,299.61213784615444,476
6965000,13930.000001920414,300.6369330674425,476
6970000,13940.000001922452,299.30038784356196,476
6975000,13950.000001924489,301.1190400749977,476
6980000,13960.000001926526,300.7151801071003,476
6985000,13970.000001928564,301.20128901185194,476
6990000,13980.0000019306,302.1821075838381,476
6995000,13990.000001932638,296.34946402469615,476
7000000,14000.000001934675,301.09803564219897,476
7005000,14010.000001936713,298.73514750198206,476
7010000,14020.00000193875,298.3439344136224,476
7015000,14030.000001940787,301.87557552455144,476
7020000,14040.000001942824,302.0151555079817,476
7025000,14050.000001944862,301.9935983269513,476
7030000,14060.000001946899,300.2074255816012,476
7035000,14070.000001948936,300.12694543908805,476
7040000,14080.000001950973,299.8259408621168,476
7045000,14090.00000195301,301.12224601474077,476
7050000,14100.000001955048,300.7576753911416,476
7055000,14110.000001957085,299.8857703306995,476
7060000,14120.000001959123,300.8029786361992,476
7065000,14130.00000196116,302.38242354295073,476
7070000,14140.000001963197,301.21316204386557,476
7075000,14150.000001965234,300.13534721220753,476
7080000,14160.000001967272,298.7206433883863,476
7085000,14170.000001969309,301.4358532513912,476
7090000,14180.000001971346,303.9967800280068,476
7095000,14190.000001973383,299.0556972564208,476
7100000,14200.00000197542,300.7629154443767,476
7105000,14210.000001977458,297.94195378971216,476
7110000,14220.000001979495,300.01223912607736,476
7115000,14230.000001981532,299.6418978109409,476
7120000,14240.00000198357,301.4819082340437,476
7125000,14250.000001985607,298.96396315991325,476
7130000,14260.000001987644,301.71271378560846,476
7135000,14270.000001989682,300.2095923546689,476
7140000,14280.000001991719,298.2996040054523,476
7145000,14290.000001993756,299.58812646297605,476
7150000,14300.000001995793,298.940217095886,476
7155000,14310.00000199783,299.5936539452915,476
7160000,14320.000001999868,298.9139947197814,476
7165000,14330.000002001905,300.4049114697683,476
7170000,14340.000002003942,300.400489483916,476
7175000,14350.00000200598,300.16831311673695,476
7180000,14360.000002008017,301.30155754105454,476
7185000,14370.000002010054,301.50079011363334,476
7190000,14380.000002012091,297.6974400820051,476
7195000,14390.000002014129,302.6398052294882,476
7200000,14400.000002016166,300.49003469742655,476
7205000,14410.000002018203,300.8956192398065,476
7210000,14420.00000202024,302.395954819659,476
7215000,14430.000002022278,300.31558735555035,476
7220000,14440.000002024315,302.6603674637018,476
7225000,14450.000002026352,296.72851665196174,476
7230000,14460.00000202839,299.676521960165,476
7235000,14470.000002030427,298.0085267867197,476
7240000,14480.000002032464,301.98563875241706,476
7245000,14490.000002034501,299.85890676664627,476
7250000,14500.000002036539,302.35823528033825,476
7255000,14510.000002038576,298.4210317369585,476
7260000,14520.000002040613,298.6758707816309,476
7265000,14530.00000204265,300.61274480483,476
7270000,14540.000002044688,299.58633555870585,476
7275000,14550.000002046725,299.4486128093336,476
7280000,14560.000002048762,299.75700210267826,476
7285000,14570.0000020508,300.6631996634056,476
7290000,14580.000002052837,300.26349636220937,476
7295000,14590.000002054874,299.7162756129779,476
7300000,14600.000002056911,299.04687539464527,476
7305000,14610.000002058949,302.7378185459061,476
7310000,14620.000002060986,300.177179198371,476
7315000,14630.000002063023,299.1564079842086,476
7320000,14640.00000206506,300.9768511199146,476
7325000,14650.000002067098,301.4245771874676,476
7330000,14660.000002069135,297.9766663786533,476
7335000,14670.000002071172,301.3503762648648,476
7340000,14680.00000207321,300.7702559408916,476
7345000,14690.000002075247,300.2242733476988,476
7350000,14700.000002077284,299.7063703646686,476
7355000,14710.000002079321,301.908298219859,476
7360000,14720.000002081359,302.38885753236593,476
7365000,14730.000002083396,300.9037114739163,476
7370000,14740.000002085433,297.67471107472386,476
7375000,14750.00000208747,300.4187965053448,476
7380000,14760.000002089508,299.08645216802404,476
7385000,14770.000002091545,299.4027568160445,476
7390000,14780.000002093582,301.0168258720201,476
7395000,14790.00000209562,301.37980458071235,476
7400000,14800.000002097657,298.75016014395084,476
7405000,14810.000002099694,300.62932725177643,476
7410000,14820.000002101731,298.7981608003784,476
7415000,14830.000002103769,301.9832508800568,476
7420000,14840.000002105806,300.61035693246976,476
7425000,14850.000002107843,299.69275064824325,476
7430000,14860.00000210988,302.1584941793864,476
7435000,14870.000002111918,301.80150726152414,476
7440000,14880.000002113955,299.72547334355085,476
7445000,14890.000002115992,299.4332242985673,476
7450000,14900.00000211803,301.21057518214195,476
7455000,14910.000002120067,299.37649022008134,476
7460000,14920.000002122104,300.87043603037716,476
7465000,14930.000002124141,300.48320272928464,476
7470000,14940.000002126179,300.08951332884766,476
7475000,14950.000002128216,302.7831217909637,476
7480000,14960.000002130253,298.9514931598095,476
7485000,14970.00000213229,298.93612675897253,476
7490000,14980.000002134328,301.3474135343437,476
7495000,14990.000002136365,300.0194911828753,476
7500000,15000.000002138402,299.10272507596073,476
7505000,15010.00000214044,298.2795502996118,476
7510000,15020.000002142477,300.0396112185036,476
7515000,15030.000002144514,300.42335115077276,476
7520000,15040.000002146551,300.64064753555846,476
7525000,15050.000002148588,300.5270909388695,476
7530000,15060.000002150626,300.8269457995191,476
7535000,15070.000002152663,300.4031205654981,476
7540000,15080.0000021547,301.6395962495394,476
7545000,15090.000002156738,301.563073784364,476
7550000,15100.000002158775,301.16478551864054,476
7555000,15110.000002160812,301.31393910144124,476
7560000,15120.00000216285,302.0490058096816,476
7565000,15130.000002164887,299.29742511304084,476
7570000,15140.000002166924,300.21290884405823,476
7575000,15150.000002168961,301.55338963534734,476
7580000,15160.000002170998,300.08692646712404,476
7585000,15170.000002173036,297.81395940921516,476
7590000,15180.000002175073,298.8938304642945,476
7595000,15190.00000217711,302.137777175668,476
7600000,15200.000002179147,299.9929150479025,476
7605000,15210.000002181185,301.5494098480802,476
7610000,15220.000002183222,302.35363641505177,476
7615000,15230.00000218526,301.23213236317224,476
7620000,15240.000002187297,300.96685743188823,476
7625000,15250.000002189334,301.67592286331666,476
7630000,15260.000002191371,298.76689736040214,476
7635000,15270.000002193408,300.64860711009277,476
7640000,15280.000002195446,301.0763900214516,476
7645000,15290.000002197483,300.78993377793466,476
7650000,15300.00000219952,301.53123548622693,476
7655000,15310.000002201557,300.23024302859955,476
7660000,15320.000002203595,301.7198110729015,476
7665000,15330.000002205632,301.00986124430256,476
7670000,15340.00000220767,302.2406104566651,476
7675000,15350.000002209707,301.05308615600956,476
7680000,15360.000002211744,297.5722536625243,476
7685000,15370.000002213781,300.6194220034671,476
7690000,15380.000002215818,298.8153402154149,476
7695000,15390.000002217856,299.6725863927564,476
7700000,15400.000002219893,302.3465612376879,476
7705000,15410.00000222193,296.6174363673501,476
7710000,15420.000002223967,300.21560625542816,476
7715000,15430.000002226005,298.00823935763924,476
7720000,15440.000002228042,298.1191869826754,476
7725000,15450.00000223008,298.6520362778867,476
7730000,15460.000002232116,303.0225059950821,476
7735000,15470.000002234154,299.1011331610539,476
7740000,15480.000002236191,299.41933926299083,476
7745000,15490.000002238228,300.93937478981576,476
7750000,15500.000002240266,300.19093157437186,476
7755000,15510.000002242303,301.252628267598,476
7760000,15520.00000224434,303.53258206315365,476
7765000,15530.000002246377,301.6923063208997,476
7770000,15540.000002248415,298.13649905728744,476
7775000,15550.000002250452,301.2342991362399,476
7780000,15560.00000225249,300.50164241028904,476
7785000,15570.000002254526,301.2887558920119,476
7790000,15580.000002256564,302.8136113834159,476
7795000,15590.000002258601,301.39450768367146,476
7800000,15600.000002260638,297.657244230607,476
7805000,15610.000002262675,301.2087400580132,476
7810000,15620.000002264713,300.72975055048386,476
7815000,15630.00000226675,299.4284043339883,476
7820000,15640.000002268787,299.58197990264125,476
7825000,15650.000002270825,298.41579168372346,476
7830000,15660.000002272862,299.20129114061024,476
7835000,15670.000002274899,299.73966791813694,476
7840000,15680.000002276936,300.4554989879195,476
7845000,15690.000002278974,299.90524917837917,476
7850000,15700.00000228101,300.1543396414435,476
7855000,15710.000002283048,298.9501665640538,476
7860000,15720.000002285085,301.610433252843,476
7865000,15730.000002287123,300.2476214329993,476
7870000,15740.00000228916,297.0223133919936,476
7875000,15750.000002291197,297.18097424437684,476
7880000,15760.000002293235,299.9400723169666,476
7885000,15770.000002295272,299.6433570662722,476
7890000,15780.000002297309,298.5827879794384,476
7895000,15790.000002299346,300.8588283175147,476
7900000,15800.000002301384,302.06043664311,476
7905000,15810.00000230342,297.3912838915158,476
7910000,15820.000002305458,301.9455976705238,476
7915000,15830.000002307495,298.1993796961082,476
7920000,15840.000002309533,299.2502867438546,476
7925000,15850.00000231157,297.49522266897594,476
7930000,15860.000002313607,300.94784289272303,476
7935000,15870.000002315644,301.69533538120857,476
7940000,15880.000002317682,299.9667147817272,476
7945000,15890.000002319719,298.1725382419843,476
7950000,15900.000002321756,301.50819693993606,476
7955000,15910.000002323794,299.9077918202443,476
7960000,15920.00000232583,301.7184402572873,476
7965000,15930.000002327868,298.16048833053657,476
7970000,15940.000002329905,299.4774883769496,476
7975000,15950.000002331943,300.6232028013709,476
7980000,15960.00000233398,298.22562418214204,476
7985000,15970.000002336017,299.8438056849604,476
7990000,15980.000002338054,299.8111493194406,476
7995000,15990.000002340092,300.64637400723734,476
8000000,16000.000002342129,302.5831595907193,476
8005000,16010.000002344166,302.26252139656356,476
8010000,16020.000002346203,299.39026470601146,476
8015000,16030.00000234824,304.8978701950746,476
8020000,16040.000002350278,300.9504960842345,476
8025000,16050.000002352315,300.42837010471516,476
8030000,16060.000002354353,300.80160782058493,476
8035000,16070.00000235639,299.5351510724646,476
8040000,16080.000002358427,300.02119364742845,476
8045000,16090.000002360464,300.0005429734979,476
8050000,16100.000002362502,300.1522613080929,476
8055000,16110.000002364539,298.8005265628094,476
8060000,16120.000002366576,300.90811134983943,476
8065000,16130.000002368613,302.7289082444136,476
8070000,16140.00000237065,300.1005240736201,476
8075000,16150.000002372688,301.00510760951124,476
8080000,16160.000002374725,298.3798630486729,476
8085000,16170.000002376762,301.0820501633426,476
8090000,16180.0000023788,300.4134459024634,476
8095000,16190.000002380837,300.08904902033316,476
8100000,16200.000002382874,300.7493841676684,476
8105000,16210.000002384912,301.4580074005116,476
8110000,16220.000002386949,300.24187285139124,476
8115000,16230.000002388986,300.386140139825,476
8120000,16240.000002391023,299.52391922839956,476
8125000,16250.00000239306,300.07246657338675,476
8130000,16260.000002395098,297.43044057623865,476
8135000,16270.000002397135,301.7203196012745,476
8140000,16280.000002399172,300.10072306298343,476
8145000,16290.00000240121,300.4185532961229,476
8150000,16300.000002403247,303.62141975892786,476
8155000,16310.000002405284,299.4682685364474,476
8160000,16320.000002407322,298.5106211703277,476
8165000,16330.000002409359,299.86419103973986,476
8170000,16340.000002411396,301.4276725775643,476
8175000,16350.000002413433,300.2078898901158,476
8180000,16360.00000241547,299.6726085026857,476
8185000,16370.000002417508,302.95040551575914,476
8190000,16380.000002419545,301.4136106625537,476
8195000,16390.00000242158,302.1226318741236,476
8200000,16400.000002423618,300.3694029233738,476
8205000,16410.000002425655,297.822891820637,476
8210000,16420.000002427692,299.9731045512838,476
8215000,16430.00000242973,299.35866961709627,476
8220000,16440.000002431767,298.1990480471693,476
8225000,16450.000002433804,301.7215135374547,476
8230000,16460.00000243584,300.0706535591873,476
8235000,16470.00000243788,299.869607972409,476
8240000,16480.000002439916,298.67905461144466,476
8245000,16490.000002441953,300.8424227500024,476
8250000,16500.00000244399,300.77649094094346,476
8255000,16510.000002446028,299.4188307346178,476
8260000,16520.000002448065,300.2211337377436,476
8265000,16530.000002450102,298.06930698226057,476
8270000,16540.00000245214,299.96499020724474,476
8275000,16550.000002454177,297.65766431926295,476
8280000,16560.000002456214,300.1671412904861,476
8285000,16570.00000245825,300.7219015255959,476
8290000,16580.00000246029,301.76440680022273,476
8295000,16590.000002462326,300.8324953917638,476
8300000,16600.000002464363,300.69234055017273,476
8305000,16610.0000024664,299.86706533054394,476
8310000,16620.000002468438,301.5191413549207,476
8315000,16630.000002470475,300.9145011193961,476
8320000,16640.000002472512,298.72124035647636,476
8325000,16650.00000247455,299.62500582498484,476
8330000,16660.000002476587,303.82547229608576,476
8335000,16670.000002478624,299.60002160491894,476
8340000,16680.00000248066,299.8096237343215,476
8345000,16690.0000024827,300.6674005499654,476
8350000,16700.000002484736,298.747639612015,476
8355000,16710.000002486773,299.9656313951933,476
8360000,16720.00000248881,299.68470263399195,476
8365000,16730.000002490848,299.14179332096654,476
8370000,16740.000002492885,300.316825511589,476
8375000,16750.000002494922,301.2298550404583,476
8380000,16760.00000249696,298.7471974134298,476
8385000,16770.000002498997,300.23621270950025,476
8390000,16780.000002501034,301.94004807827906,476
8395000,16790.00000250307,300.64436200367453,476
8400000,16800.00000250511,299.8694974227627,476
8405000,16810.000002507146,303.17855787581243,476
8410000,16820.000002509183,298.42748783630304,476
8415000,16830.00000251122,301.0982567414916,476
8420000,16840.000002513258,300.0371791262848,476
8425000,16850.000002515295,301.5308375075002,476
8430000,16860.000002517332,298.99549191904066,476
8435000,16870.00000251937,301.98276446161304,476
8440000,16880.000002521407,299.29344532577375,476
8445000,16890.000002523444,299.9769737889047,476
8450000,16900.00000252548,298.233384767313,476
8455000,16910.00000252752,301.7926632898194,476
8460000,16920.000002529556,298.3537512222146,476
8465000,16930.000002531593,299.43974672769957,476
8470000,16940.00000253363,298.95454433004767,476
8475000,16950.000002535668,300.2581236493987,476
8480000,16960.000002537705,300.2045070709387,476
8485000,16970.000002539742,302.8635356036892,476
8490000,16980.00000254178,300.4689860447693,476
8495000,16990.000002543817,300.5507927830382,476
8500000,17000.000002545854,301.2586642782865,476
8505000,17010.00000254789,299.99116836349083,476
8510000,17020.00000254993,300.7111782099039,476
8515000,17030.000002551966,302.4543250329104,476
8520000,17040.000002554003,299.4556879866974,476
8525000,17050.00000255604,299.20016353421784,476
8530000,17060.000002558078,300.54055588578996,476
8535000,17070.000002560115,303.59844754242476,476
8540000,17080.000002562152,300.54044533614365,476
8545000,17090.00000256419,300.80549916813504,476
8550000,17100.000002566227,300.0140521402769,476
8555000,17110.000002568264,299.53731784553224,476
8560000,17120.0000025703,298.1078666988933,476
8565000,17130.00000257234,301.31115325035415,476
8570000,17140.000002574376,299.478195894686,476
8575000,17150.000002576413,301.4472398649611,476
8580000,17160.00000257845,296.78379147511646,476
8585000,17170.000002580487,302.5244798384583,476
8590000,17180.000002582525,298.37415868692335,476
8595000,17190.000002584562,301.6766303810531,476
8600000,17200.0000025866,301.87730009903385,476
8605000,17210.000002588637,300.43714774663215,476
8610000,17220.000002590674,300.71712578087534,476
8615000,17230.00000259271,300.38350905824285,476
8620000,17240.00000259475,297.1525408753461,476
8625000,17250.000002596786,299.91738752954393,476
8630000,17260.000002598823,301.055739347521,476
8635000,17270.00000260086,301.5372936068447,476
8640000,17280.000002602897,298.4564960634946,476
8645000,17290.000002604935,300.63144980498555,476
8650000,17300.000002606972,299.3873461953489,476
8655000,17310.00000260901,301.042230180742,476
8660000,17320.000002611047,296.596409824622,476
8665000,17330.000002613084,300.97751441779246,476
8670000,17340.00000261512,301.1362194900342,476
8675000,17350.00000261716,302.1356988423174,476
8680000,17360.000002619196,298.3899672863456,476
8685000,17370.000002621233,299.42805057512004,476
8690000,17380.00000262327,302.5454621613278,476
8695000,17390.000002625307,299.5794814806346,476
8700000,17400.000002627345,298.12668224869515,476
8705000,17410.000002629382,297.9375539137891,476
8710000,17420.00000263142,297.7730339301514,476
8715000,17430.000002633456,300.3003093944304,476
8720000,17440.000002635494,299.34527099996353,476
8725000,17450.00000263753,302.4485322314437,476
8730000,17460.00000263957,301.92583139376364,476
8735000,17470.000002641606,299.5030474551764,476
8740000,17480.000002643643,299.58337282818474,476
8745000,17490.00000264568,299.9520337886973,476
8750000,17500.000002647717,301.4934275071891,476
8755000,17510.000002649755,297.91721277886813,476
8760000,17520.000002651792,298.7217709947786,476
8765000,17530.00000265383,300.06466176835727,476
8770000,17540.000002655866,300.66388507121275,476
8775000,17550.000002657904,299.4247340857308,476
8780000,17560.00000265994,301.51498468821944,476
8785000,17570.00000266198,299.7866736277477,476
8790000,17580.000002664015,300.9178397187147,476
8795000,17590.000002666053,298.33834060151906,476
8800000,17600.00000266809,299.18691968659,476
8805000,17610.000002670127,299.8033002945526,476
8810000,17620.000002672165,300.97972541071863,476
8815000,17630.000002674202,301.453740184164,476
8820000,17640.00000267624,303.1735168119407,476
8825000,17650.000002678276,301.1685884264736,476
8830000,17660.000002680314,298.8104318111187,476
8835000,17670.00000268235,299.238082062902,476
8840000,17680.000002684388,302.036712689012,476
8845000,17690.000002686425,299.2702741199073,476
8850000,17700.000002688463,300.0861526195999,476
8855000,17710.0000026905,300.2351293229664,476
8860000,17720.000002692537,300.5871415067448,476
8865000,17730.000002694575,298.626145550721,476
8870000,17740.00000269661,302.197717193897,476
8875000,17750.00000269865,302.99727856579426,476
8880000,17760.000002700686,302.0818169447062,476
8885000,17770.000002702724,299.76982586165013,476
8890000,17780.00000270476,301.2259415829789,476
8895000,17790.000002706798,297.7822979905121,476
8900000,17800.000002708835,299.4564839441508,476
8905000,17810.000002710873,299.1416385514617,476
8910000,17820.00000271291,301.8731434323326,476
8915000,17830.000002714947,298.986316298397,476
8920000,17840.000002716984,300.01303508353084,476
8925000,17850.00000271902,300.48019577890506,476
8930000,17860.00000272106,299.06235234512855,476
8935000,17870.000002723096,299.4218597949267,476
8940000,17880.000002725134,299.70889089660443,476
8945000,17890.00000272717,300.5678616484284,476
8950000,17900.000002729208,300.0098070338586,476
8955000,17910.000002731245,301.1187305359881,476
8960000,17920.000002733283,299.84800657152016,476
8965000,17930.00000273532,300.6049621097298,476
8970000,17940.000002737357,301.6974137145592,476
8975000,17950.000002739394,299.91225802595517,476
8980000,17960.00000274143,299.1946139419731,476
8985000,17970.00000274347,299.67793699563776,476
8990000,17980.000002745506,300.7519268095335,476
8995000,17990.000002747543,298.098049890301,476
9000000,18000.00000274958,299.28866958105317,476
9005000,18010.000002751618,301.3487401300994,476
9010000,18020.000002753655,299.9333951183295,476
9015000,18030.000002755693,301.89107458496403,476
9020000,18040.00000275773,300.3131994831901,476
9025000,18050.000002759767,303.14937276918675,476
9030000,18060.000002761804,299.5479748314365,476
9035000,18070.00000276384,301.5882127739348,476
9040000,18080.00000276588,301.2696750230589,476
9045000,18090.000002767916,297.75711478108286,476
9050000,18100.000002769953,301.31953291354444,476
9055000,18110.00000277199,298.0846070533098,476
9060000,18120.000002774028,302.2255757047669,476
9065000,18130.000002776065,302.1870380980635,476
9070000,18140.000002778102,300.4630163638686,476
9075000,18150.00000278014,300.92628571169274,476
9080000,18160.000002782177,301.5045709115371,476
9085000,18170.000002784214,300.5637934214442,476
9090000,18180.00000278625,299.62520481434825,476
9095000,18190.00000278829,298.6033944335105,476
9100000,18200.000002790326,303.70088284469506,476
9105000,18210.000002792363,299.72503114496556,476
9110000,18220.0000027944,299.30763990035985,476
9115000,18230.000002796438,300.53505051340375,476
9120000,18240.000002798475,299.51018896232796,476
9125000,18250.000002800512,299.4802521181074,476
9130000,18260.00000280255,300.76908411464075,476
9135000,18270.000002804587,297.18751878343835,476
9140000,18280.000002806624,299.98283292015907,476
9145000,18290.00000280866,299.1985937292403,476
9150000,18300.0000028107,297.8626454734498,476
9155000,18310.000002812736,300.4134459024634,476
9160000,18320.000002814773,300.4616676581836,476
9165000,18330.00000281681,301.77417938895644,476
9170000,18340.000002818848,300.26999668141235,476
9175000,18350.000002820885,300.23806994355823,476
9180000,18360.000002822922,300.80806391992945,476
9185000,18370.00000282496,297.9874781340624,476
9190000,18380.000002826997,298.7764046299847,476
9195000,18390.000002829034,300.49363861589626,476
9200000,18400.00000283107,300.51581487494593,476
9205000,18410.00000283311,299.38577639037135,476
9210000,18420.000002835146,303.63335912072927,476
9215000,18430.000002837183,301.31332002342185,476
9220000,18440.00000283922,299.15340103382897,476
9225000,18450.000002841258,298.9770743479655,476
9230000,18460.000002843295,300.61710046089456,476
9235000,18470.000002845332,298.2342912744127,476
9240000,18480.00000284737,297.46979625032475,476
9245000,18490.000002849407,299.72662305987245,476
9250000,18500.000002851444,303.1068332652869,476
9255000,18510.00000285348,297.88888995948366,476
9260000,18520.00000285552,299.03626262859956,476
9265000,18530.000002857556,301.2335031787865,476
9270000,18540.000002859593,299.66077969053055,476
9275000,18550.00000286163,298.60684358247534,476
9280000,18560.000002863668,303.1239684604649,476
9285000,18570.000002865705,300.166035794023,476
9290000,18580.000002867742,299.7882655426546,476
9295000,18590.00000286978,300.03852783196976,476
9300000,18600.000002871817,300.3788217532393,476
9305000,18610.000002873854,302.05656740548915,476
9310000,18620.00000287589,301.4347919747866,476
9315000,18630.00000287793,301.10586255715765,476
9320000,18640.000002879966,298.52941461020026,476
9325000,18650.000002882003,299.28380539661555,476
9330000,18660.00000288404,297.11809360555606,476
9335000,18670.000002886078,300.0843396054004,476
9340000,18680.000002888115,301.42431186831647,476
9345000,18690.000002890152,296.35755625880597,476
9350000,18700.00000289219,300.0418664312883,476
9355000,18710.000002894227,300.4381869133075,476
9360000,18720.000002896264,299.15512560831144,476
9365000,18730.0000028983,299.91570717492004,476
9370000,18740.00000290034,301.4776631276254,476
9375000,18750.000002902376,301.824965896471,476
9380000,18760.000002904413,300.4417023920601,476
9385000,18770.00000290645,296.98326725691715,476
9390000,18780.000002908488,300.87242592401077,476
9395000,18790.000002910525,300.51086225079126,476
9400000,18800.000002912562,299.7032307547134,476
9405000,18810.0000029146,299.37394757821625,476
9410000,18820.000002916637,302.57920191338144,476
9415000,18830.000002918674,302.86207634835796,476
9420000,18840.00000292071,300.61897980488186,476
9425000,18850.00000292275,298.8981419005006,476
9430000,18860.000002924786,300.09665483599923,476
9435000,18870.000002926823,301.751339832029,476
9440000,18880.00000292886,299.92410894803953,476
9445000,18890.000002930898,300.13769086470927,476
9450000,18900.000002932935,299.28300943916213,476
9455000,18910.000002934972,298.434916772535,476
9460000,18920.00000293701,299.24690392467744,476
9465000,18930.000002939047,299.8002491243145,476
9470000,18940.000002941084,303.21729447187926,476
9475000,18950.00000294312,301.30476348079753,476
9480000,18960.00000294516,301.51801374852835,476
9485000,18970.000002947196,301.06135526955353,476
9490000,18980.000002949233,300.13534721220753,476
9495000,18990.00000295127,301.9694763941266,476
9500000,19000.000002953308,298.3525572860345,476
9505000,19010.000002955345,300.6592198761385,476
9510000,19020.000002957382,299.42902341200755,476
9515000,19030.00000295942,300.4366613281884,476
9520000,19040.000002961457,299.15105738132723,476
9525000,19050.000002963494,300.4899462577095,476
9530000,19060.00000296553,302.94215851214443,476
9535000,19070.00000296757,300.9791505525579,476
9540000,19080.000002969606,298.5339250357697,476
9545000,19090.000002971643,298.11708653939553,476
9550000,19100.00000297368,300.96130783964355,476
9555000,19110.000002975718,301.219529703493,476
9560000,19120.000002977755,302.17019033196596,476
9565000,19130.000002979792,300.9971038151185,476
9570000,19140.00000298183,299.4143424189777,476
9575000,19150.000002983867,299.55107022153317,476
9580000,19160.000002985904,300.7217909759496,476
9585000,19170.00000298794,302.2744828682942,476
9590000,19180.00000298998,301.13157640488924,476
9595000,19190.000002992016,301.6394856998931,476
9600000,19200.000002994053,300.27999036943874,476
9605000,19210.00000299609,304.0352291949932,476
9610000,19220.000002998127,297.84736751232987,476
9615000,19230.000003000165,300.52275739273415,476
9620000,19240.000003002202,300.08250448127166,476
9625000,19250.00000300424,302.61860180732606,476
9630000,19260.000003006277,299.16609213322533,476
9635000,19270.000003008314,300.8638030515986,476
9640000,19280.00000301035,299.49327486644256,476
9645000,19290.00000301239,302.5298304413397,476
9650000,19300.000003014426,301.9468579364917,476
9655000,19310.000003016463,296.3475183509211,476
9660000,19320.0000030185,299.61043538160123,476
9665000,19330.000003020537,299.7501259146778,476
9670000,19340.000003022575,301.67999109030086,476
9675000,19350.000003024612,297.14721238239395,476
9680000,19360.00000302665,303.57109755992786,476
9685000,19370.000003028686,299.86547341563704,476
9690000,19380.000003030724,301.29238192041083,476
9695000,19390.00000303276,300.5829185102557,476
9700000,19400.0000030348,303.1974839752606,476
9705000,19410.000003036836,302.1297954912045,476
9710000,19420.000003038873,297.42586382088143,476
9715000,19430.00000304091,300.1092574956785,476
9720000,19440.000003042947,298.0246007052931,476
9725000,19450.000003044985,299.0277945256923,476
9730000,19460.000003047022,301.8483803115593,476
9735000,19470.00000304906,299.9113294089262,476
9740000,19480.000003051096,301.92558818454177,476
9745000,19490.000003053134,302.67829861633317,476
9750000,19500.00000305517,300.82283335267635,476
9755000,19510.00000305721,301.6144130401101,476
9760000,19520.000003059246,301.5861123306549,476
9765000,19530.000003061283,298.7321626615317,476
9770000,19540.00000306332,300.8984714206813,476
9775000,19550.000003065357,300.6750726954192,476
9780000,19560.000003067395,301.4509764430063,476
9785000,19570.000003069432,302.34923653912864,476
9790000,19580.00000307147,300.4686322859011,476
9795000,19590.000003073506,297.7887319799273,476
9800000,19600.000003075544,300.2999335256329,476
9805000,19610.00000307758,298.06992606027995,476
9810000,19620.00000307962,301.88021860969644,476
9815000,19630.000003081655,300.87353142047385,476
9820000,19640.000003083693,297.5071399208481,476
9825000,19650.00000308573,300.32474086626473,476
9830000,19660.000003087767,300.3669929410842,476
9835000,19670.000003089805,302.54762893439545,476
9840000,19680.00000309184,297.1289716907529,476
9845000,19690.00000309388,299.09299670708555,476
9850000,19700.000003095916,299.8348290536801,476
9855000,19710.000003097954,303.0944517049002,476
9860000,19720.00000309999,298.00660322287393,476
9865000,19730.000003102028,298.18381430590784,476
9870000,19740.000003104065,302.30601162742164,476
9875000,19750.000003106103,300.19891325883543,476
9880000,19760.00000310814,298.58418090498196,476
9885000,19770.000003110177,302.8143631210108,476
9890000,19780.000003112214,297.70727900052657,476
9895000,19790.00000311425,301.6601363738237,476
9900000,19800.00000311629,301.0312415458988,476
9905000,19810.000003118326,300.1754546238886,476
9910000,19820.000003120364,299.0116100574726,476
9915000,19830.0000031224,303.09062668713796,476
9920000,19840.000003124438,302.86101507175334,476
9925000,19850.000003126475,301.67488369664136,476
9930000,19860.000003128513,300.60668668421226,476
9935000,19870.00000313055,299.2954794392658,476
9940000,19880.000003132587,303.8958924207848,476
9945000,19890.000003134624,302.25626428658245,476
9950000,19900.00000313666,299.9452018205554,476
9955000,19910.0000031387,299.0929082673685,476
9960000,19920.000003140736,302.2376477261439,476
9965000,19930.000003142773,302.09561354056564,476
9970000,19940.00000314481,298.06099364885813,476
9975000,19950.000003146848,299.4070461423213,476
9980000,19960.000003148885,301.07258711361857,476
9985000,19970.000003150923,298.1245375855567,476
9990000,19980.00000315296,302.62850705563545,476
9995000,19990.000003154997,298.7714741157593,476
10000000,20000.000003157034,301.3921640311697,476
10005000,20010.00000315907,299.84513228071614,476
10010000,20020.00000316111,299.751916818948,476
10015000,20030.000003163146,302.2523287191739,476
10020000,20040.000003165183,299.16845789565633,476
10025000,20050.00000316722,301.53070484792465,476
10030000,20060.000003169258,300.46292792415153,476
10035000,20070.000003171295,302.1240026897379,476
10040000,20080.000003173333,299.43578905036173,476
10045000,20090.00000317537,300.6788977131815,476
10050000,20100.000003177407,299.7026558965526,476
10055000,20110.000003179444,301.6546973312253,476
10060000,20120.00000318148,301.40713245328004,476
10065000,20130.00000318352,301.0045327513505,476
10070000,20140.000003185556,302.8944452847973,476
10075000,20150.000003187593,302.77153618803055,476
10080000,20160.00000318963,297.7116346565912,476
10085000,20170.000003191668,299.05704596210575,476
10090000,20180.000003193705,302.801716241473,476
10095000,20190.000003195742,301.23925176039455,476
10100000,20200.00000319778,302.16181066877573,476
10105000,20210.000003199817,299.1679714772126,476
10110000,20220.000003201854,296.8303992060005,476
10115000,20230.00000320389,300.58245420174126,476
10120000,20240.00000320593,301.72082812964754,476
10125000,20250.000003207966,300.9814057653426,476
10130000,20260.000003210003,299.3745445463063,476
10135000,20270.00000321204,301.09489603224375,476
10140000,20280.000003214078,302.17361737100157,476
10145000,20290.000003216115,296.7280081235887,476
10150000,20300.000003218152,301.61282112520325,476
10155000,20310.00000322019,299.1889538000821,476
10160000,20320.000003222227,301.0030292761607,476
10165000,20330.000003224264,299.73086816629075,476
10170000,20340.0000032263,296.38948299666015,476
10175000,20350.00000322834,299.37693241866657,476
10180000,20360.000003230376,298.8812499145445,476
10185000,20370.000003232413,302.44700664632467,476
10190000,20380.00000323445,299.33868224104356,476
10195000,20390.000003236488,299.8790046923453,476
10200000,20400.000003238525,300.49388182511814,476
10205000,20410.000003240562,299.06456333805477,476
10210000,20420.0000032426,299.94896050852986,476
10215000,20430.000003244637,299.45060270296716,476
10220000,20440.000003246674,300.0432151369733,476
10225000,20450.00000324871,300.1253093043226,476
10230000,20460.00000325075,299.39064057480897,476
10235000,20470.000003252786,300.691942571446,476
10240000,20480.000003254823,302.0702755616315,476
10245000,20490.00000325686,302.8862425010411,476
10250000,20500.000003258898,300.36095693039573,476
10255000,20510.000003260935,300.24021460669667,476
10260000,20520.000003262972,300.63359446812393,476
10265000,20530.00000326501,299.95921951570745,476
10270000,20540.000003267047,298.75482533902516,476
10275000,20550.000003269084,298.5073931206554,476
10280000,20560.00000327112,299.5696646720424,476
10285000,20570.00000327316,300.4270656188888,476
10290000,20580.000003275196,301.10141846137606,476
10295000,20590.000003277233,299.9964526365844,476
10300000,20600.00000327927,302.3874424968932,476
10305000,20610.000003281308,300.7018257098261,476
10310000,20620.000003283345,299.4016955394399,476
10315000,20630.000003285382,301.8316209851788,476
10320000,20640.00000328742,296.9137094194593,476
10325000,20650.000003289457,300.130151378831,476
10330000,20660.000003291494,299.7793773510913,476
10335000,20670.00000329353,300.6633765428397,476
10340000,20680.00000329557,299.07199227428674,476
10345000,20690.000003297606,300.4035185442249,476
10350000,20700.000003299643,300.3422961500987,476
10355000,20710.00000330168,300.0087015373955,476
10360000,20720.000003303718,299.3559279858678,476
10365000,20730.000003305755,299.1107730902121,476
10370000,20740.000003307792,299.4506469228257,476
10375000,20750.00000330983,301.4030421163666,476
10380000,20760.000003311867,298.9546327697647,476
10385000,20770.000003313904,303.23644167062,476
10390000,20780.00000331594,298.7168625904825,476
10395000,20790.00000331798,302.9326954624203,476
10400000,20800.000003320016,301.6665924731682,476
10405000,20810.000003322053,298.98441484448045,476
10410000,20820.00000332409,298.6055169867197,476
10415000,20830.000003326128,299.95988281358524,476
10420000,20840.000003328165,301.30153543112533,476
10425000,20850.000003330202,300.76656358270486,476
10430000,20860.00000333224,298.2118718061412,476
10435000,20870.000003334277,299.6607133607428,476
10440000,20880.000003336314,298.50807852846253,476
10445000,20890.00000333835,300.67531590464114,476
10450000,20900.00000334039,301.0473154644722,476
10455000,20910.000003342426,299.89324348678997,476
10460000,20920.000003344463,298.2242754764571,476
10465000,20930.0000033465,301.43618490033015,476
10470000,20940.000003348538,299.98570721096314,476
10475000,20950.000003350575,300.3996050867455,476
10480000,20960.000003352612,298.5881828021784,476
10485000,20970.00000335465,300.4799746796124,476
10490000,20980.000003356687,300.28370483755475,476
10495000,20990.000003358724,302.05369311468513,476
10500000,21000.00000336076,301.3740781090335,476
10505000,21010.0000033628,300.3713043772903,476
10510000,21020.000003364836,301.8370821377065,476
10515000,21030.000003366873,301.5224136244515,476
10520000,21040.00000336891,297.64265167729417,476
10525000,21050.000003370948,298.1909558130594,476
10530000,21060.000003372985,299.88130412498856,476
10535000,21070.000003375022,298.61091180945954,476
10540000,21080.00000337706,302.100455615074,476
10545000,21090.000003379097,300.33491143372527,476
10550000,21100.000003381134,301.38922341057787,476
10555000,21110.00000338317,299.6092193354919,476
10560000,21120.00000338521,302.25940389653766,476
10565000,21130.000003387246,300.2874635255293,476
10570000,21140.000003389283,300.295290440488,476
10575000,21150.00000339132,301.5394603799124,476
10580000,21160.000003393357,301.7962008785013,476
10585000,21170.000003395395,299.74546071960356,476
10590000,21180.000003397432,301.1670849512838,476
10595000,21190.00000339947,300.8316773243811,476
10600000,21200.000003401507,297.9824812900492,476
10605000,21210.000003403544,302.2270570700275,476
10610000,21220.00000340558,298.9257572021487,476
10615000,21230.00000340762,301.0193464039559,476
10620000,21240.000003409656,302.3615959895861,476
10625000,21250.000003411693,300.9635851623575,476
10630000,21260.00000341373,302.0173886108371,476
10635000,21270.000003415767,301.3654773465506,476
10640000,21280.000003417805,301.8066367651129,476
10645000,21290.000003419842,303.60459410275956,476
10650000,21300.00000342188,298.23765198366056,476
10655000,21310.000003423916,302.1514411119519,476
10660000,21320.000003425954,301.1666869725571,476
10665000,21330.00000342799,300.9870659072336,476
10670000,21340.00000343003,300.6705843797791,476
10675000,21350.000003432066,301.83131144616914,476
10680000,21360.000003434103,297.28002672747004,476
10685000,21370.00000343614,301.21855686660547,476
10690000,21380.000003438177,299.3370239963489,476
10695000,21390.000003440215,296.7613720068449,476
10700000,21400.000003442252,302.8849822350732,476
10705000,21410.00000344429,296.9885294200815,476
10710000,21420.000003446326,299.1481167607354,476
10715000,21430.000003448364,299.9702302604798,476
10720000,21440.0000034504,298.09327414558044,476
10725000,21450.00000345244,300.86455478919356,476
10730000,21460.000003454476,301.2876282856196,476
10735000,21470.000003456513,300.81438735969834,476
10740000,21480.00000345855,297.7270894971452,476
10745000,21490.000003460587,298.4240829071967,476
10750000,21500.000003462625,298.9170901098781,476
10755000,21510.000003464662,300.56673404203605,476
10760000,21520.0000034667,299.4269892985155,476
10765000,21530.000003468736,301.7101048139555,476
10770000,21540.000003470774,301.3624925061003,476
10775000,21550.00000347281,301.7466967468839,476
10780000,21560.00000347485,301.25302624632474,476
10785000,21570.000003476885,301.55170928072346,476
10790000,21580.000003478923,300.78752379564514,476
10795000,21590.00000348096,301.1268890998857,476
10800000,21600.000003482997,302.0211472988116,476
10805000,21610.000003485035,298.9540800215332,476
10810000,21620.00000348707,297.35683662172585,476
10815000,21630.00000348911,300.9608877509876,476
10820000,21640.000003491146,301.31256828582696,476
10825000,21650.000003493184,297.26634068125696,476
10830000,21660.00000349522,299.2237990485988,476
10835000,21670.000003497258,299.8363988586577,476
10840000,21680.000003499295,301.73966578937865,475
10845000,21690.000003501333,300.4126941648685,476
10850000,21700.00000350337,300.50325643512514,476
10855000,21710.000003505407,299.90549238760104,476
10860000,21720.000003507444,300.331683384053,475
10865000,21730.00000350948,301.94385098611207,475
10870000,21740.00000351152,302.8437029971413,475
10875000,21750.000003513556,298.2140606891381,475
10880000,21760.000003515594,301.06294718446037,475
10885000,21770.00000351763,298.1132173017747,475
10890000,21780.000003519668,301.184153816674,475
10895000,21790.000003521705,302.6241071797123,475
10900000,21800.000003523743,300.6593967555726,475
10905000,21810.00000352578,300.0950187012338,475
10910000,21820.000003527817,298.9176649680388,475
10915000,21830.000003529854,303.8361513919192,475
10920000,21840.00000353189,297.85117042016293,475
10925000,21850.00000353393,300.1840553863714,475
10930000,21860.000003535966,300.94289026856836,475
10935000,21870.000003538004,301.1271986388954,475
10940000,21880.00000354004,300.2179941277884,475
10945000,21890.000003542078,298.85794604910257,475
10950000,21900.000003544115,299.2543107509802,475
10955000,21910.000003546153,300.4205431897565,475
10960000,21920.00000354819,298.70890301594824,475
10965000,21930.000003550227,300.62077070915205,475
10970000,21940.000003552264,301.06785558875646,475
10975000,21950.0000035543,300.6366014185036,475
10980000,21960.00000355634,300.5620688469618,475
10985000,21970.000003558376,300.5157706550874,475
10990000,21980.000003560413,297.55821385744304,475
10995000,21990.00000356245,300.25058416352044,475
11000000,22000.000003564488,303.7295815328769,475
11005000,22010.000003566525,298.5138492199999,475
11010000,22020.000003568563,301.4738823297216,475
11015000,22030.0000035706,297.73719373481794,475
11020000,22040.000003572637,298.6530975544912,475
11025000,22050.000003574674,300.08307933943246,475
11030000,22060.00000357671,300.76074867130905,475
11035000,22070.00000357875,299.60019848435303,475
11040000,22080.000003580786,298.91925688294566,475
11045000,22090.000003582823,300.87399572898835,475
11050000,22100.00000358486,299.291521761928,475
11055000,22110.000003586898,301.9377707555651,475
11060000,22120.000003588935,302.75692152478837,475
11065000,22130.000003590972,300.51568221537036,475
11070000,22140.00000359301,301.6368325083817,475
11075000,22150.000003595047,300.2037995532023,475
11080000,22160.000003597084,299.85346772404785,475
11085000,22170.00000359912,302.4042681530615,475
11090000,22180.00000360116,300.88593509078976,475
11095000,22190.000003603196,299.68328759851914,475
11100000,22200.000003605233,302.1859989313882,475
11105000,22210.00000360727,303.25313466721275,475
11110000,22220.000003609308,301.31044573261784,475
11115000,22230.000003611345,301.8135792829012,475
11120000,22240.000003613382,300.79196789142674,475
11125000,22250.00000361542,301.02686377990494,475
11130000,22260.000003617457,298.6368246465545,475
11135000,22270.000003619494,302.6713118786864,475
11140000,22280.00000362153,302.1286015550244,475
11145000,22290.00000362357,298.7873711548986,475
11150000,22300.000003625606,300.5338123573651,475
11155000,22310.000003627643,298.82456005591706,475
11160000,22320.00000362968,301.3396308392435,475
11165000,22330.000003631718,300.7946210829382,475
11170000,22340.000003633755,297.0375692431843,475
11175000,22350.000003635792,298.15372269218244,475
11180000,22360.00000363783,301.0970406953822,475
11185000,22370.000003639867,297.4613281474174,475
11190000,22380.000003641904,299.72730846767956,475
11195000,22390.00000364394,298.6638208701832,475
11200000,22400.00000364598,298.83970535746147,475
11205000,22410.000003648016,296.6030649133299,475
11210000,22420.000003650053,300.6661181740682,475
11215000,22430.00000365209,298.9098159431509,475
11220000,22440.000003654128,299.3044339606169,475
11225000,22450.000003656165,299.3280252551393,475
11230000,22460.000003658202,299.3007858222887,475
11235000,22470.00000366024,298.2849451223517,475
11240000,22480.000003662277,298.85263966607965,475
11245000,22490.000003664314,300.92268179322303,475
11250000,22500.00000366635,299.3007858222887,475
11255000,22510.00000366839,299.19912436754254,475
11260000,22520.000003670426,300.2568633834308,475
11265000,22530.000003672463,300.84454530321153,475
11270000,22540.0000036745,302.09618839872644,475
11275000,22550.000003676538,303.91601245641317,475
11280000,22560.000003678575,301.31993089227115,475
11285000,22570.000003680612,298.49271212762557,475
11290000,22580.00000368265,300.67639929117496,475
11295000,22590.000003684687,302.67646349220445,475
11300000,22600.000003686724,301.47242307439035,475
11305000,22610.00000368876,303.5520830207626,475
11310000,22620.0000036908,296.80862092567753,475
11315000,22630.000003692836,302.0782351361658,475
11320000,22640.000003694873,298.9503434434879,475
11325000,22650.00000369691,298.78902939959323,475
11330000,22660.000003698948,301.8220252758791,475
11335000,22670.000003700985,299.52635132061835,475
11340000,22680.000003703022,301.65737263266595,475
11345000,22690.00000370506,299.1500845444397,475
11350000,22700.000003707097,299.8564525644982,475
11355000,22710.000003709134,303.9256081657128,475
11360000,22720.00000371117,301.2377261752755,475
11365000,22730.00000371321,301.6837055584168,475
11370000,22740.000003715246,299.32915286153167,475
11375000,22750.000003717283,300.5436733858159,475
11380000,22760.00000371932,303.7132201852232,475
11385000,22770.000003721358,300.0779940557022,475
11390000,22780.000003723395,299.26647121207424,475
11395000,22790.000003725432,301.7527327575724,475
11400000,22800.00000372747,299.17807571488527,475
11405000,22810.000003729507,299.6146583780903,475
11410000,22820.000003731544,302.35142542212554,475
11415000,22830.00000373358,300.39155707249415,475
11420000,22840.00000373562,299.40317690470044,475
11425000,22850.000003737656,299.917475969261,475
11430000,22860.000003739693,301.1239705892231,475
11435000,22870.00000374173,298.71580131387793,475
11440000,22880.000003743768,300.94656051682585,475
11445000,22890.000003745805,298.94357780513377,475
11450000,22900.000003747842,298.96984440109685,475
11455000,22910.00000374988,300.5220940948563,475
11460000,22920.000003751917,303.24112897562355,475
11465000,22930.000003753954,301.4769113900305,475
11470000,22940.00000375599,297.52056064791003,475
11475000,22950.00000375803,300.4361306898861,475
11480000,22960.000003760066,299.33156284382125,475
11485000,22970.000003762103,299.28062156680187,475
11490000,22980.00000376414,299.90252965708,475
11495000,22990.000003766178,300.9204265804383,475
11500000,23000.000003768215,301.7156765161295,475
11505000,23010.000003770252,302.9251117566835,475
11510000,23020.00000377229,301.60890766772394,475
11515000,23030.000003774327,297.8914989311366,475
11520000,23040.000003776364,300.45925767589404,475
11525000,23050.0000037784,300.6538692732571,475
11530000,23060.00000378044,301.4280042265032,475
11535000,23070.000003782476,303.0911794353695,475
11540000,23080.000003784513,300.30404597247565,475
11545000,23090.00000378655,299.0803940474063,475
11550000,23100.000003788587,302.0098933448173,475
11555000,23110.000003790625,301.13829782338485,475
11560000,23120.000003792662,300.034835473783,475
11565000,23130.0000037947,301.2126756254218,475
11570000,23140.000003796737,301.8848838047707,475
11575000,23150.000003798774,300.21372691144086,475
11580000,23160.00000380081,300.8889420411694,475
11585000,23170.00000380285,300.8668321119075,475
11590000,23180.000003804886,298.8364773077892,475
11595000,23190.000003806923,300.42259941317786,475
11600000,23200.00000380896,301.84426786471664,475
11605000,23210.000003810997,300.1582309889936,475
11610000,23220.000003813035,299.7990330782051,475
11615000,23230.000003815072,299.40350855363937,475
11620000,23240.00000381711,303.6987824014152,475
11625000,23250.000003819147,300.70058755378744,475
11630000,23260.000003821184,302.1226760939822,475
11635000,23270.00000382322,301.18859791245563,475
11640000,23280.00000382526,299.5447467817642,475
11645000,23290.000003827296,300.39529365053943,475
11650000,23300.000003829333,301.37595745302076,475
11655000,23310.00000383137,298.3645187577652,475
11660000,23320.000003833407,301.5171293513579,475
11665000,23330.000003835445,299.5975895127001,475
11670000,23340.000003837482,299.8719295149815,475
11675000,23350.00000383952,301.38256832187005,475
11680000,23360.000003841556,300.0080161295884,475
11685000,23370.000003843594,298.7778417753867,475
11690000,23380.00000384563,296.2629478714944,475
11695000,23390.00000384767,300.8020500191702,475
11700000,23400.000003849706,299.60070701272605,475
11705000,23410.000003851743,296.6317193816533,475
11710000,23420.00000385378,301.7014819415434,475
11715000,23430.000003855817,300.5297662403102,475
11720000,23440.000003857855,301.79140302385144,475
11725000,23450.000003859892,299.0701792600873,475
11730000,23460.00000386193,300.47791845619105,475
11735000,23470.000003863966,300.7511971818679,475
11740000,23480.000003866004,298.5312276243998,475
11745000,23490.00000386804,300.28657912835877,475
11750000,23500.00000387008,303.0021648601612,475
11755000,23510.000003872115,301.05246707799023,475
11760000,23520.000003874153,297.53099653452165,475
11765000,23530.00000387619,299.7663324928268,475
11770000,23540.000003878227,300.5699178718497,475
11775000,23550.000003880265,299.04287349744885,475
11780000,23560.000003882302,301.1558973270773,475
11785000,23570.00000388434,299.2542444211924,475
11790000,23580.000003886376,298.8510035313143,475
11795000,23590.000003888414,299.54185038103094,475
11800000,23600.00000389045,299.7992099576392,475
11805000,23610.000003892488,300.81675312212934,475
11810000,23620.000003894525,302.1117537889268,475
11815000,23630.000003896563,298.6655233347364,475
11820000,23640.0000038986,300.95971592473666,475
11825000,23650.000003900637,302.63465361597025,475
11830000,23660.000003902675,298.521455035666,475
11835000,23670.00000390471,299.77917836172793,475
11840000,23680.00000390675,298.1220612734794,475
11845000,23690.000003908786,300.83079292721067,475
11850000,23700.000003910824,298.955163408067,475
11855000,23710.00000391286,302.24375006662024,475
11860000,23720.000003914898,299.3949962308735,475
11865000,23730.000003916935,301.937085347758,475
11870000,23740.000003918973,302.16479550922605,475
11875000,23750.00000392101,300.18606738993424,475
11880000,23760.000003923047,300.4092671258329,475
11885000,23770.000003925084,301.3136295624315,475
11890000,23780.00000392712,302.1454051012634,475
11895000,23790.00000392916,300.9860930703461,475
11900000,23800.000003931196,302.5901463283661,475
11905000,23810.000003933234,299.6808997261588,475
11910000,23820.00000393527,297.6559397447805,475
11915000,23830.000003937308,301.06405268092345,475
11920000,23840.000003939345,297.98411742481454,475
11925000,23850.000003941383,301.1549244901898,475
11930000,23860.00000394342,300.77419150830025,475
11935000,23870.000003945457,299.98893526063534,475
11940000,23880.000003947494,301.517483110226,475
11945000,23890.00000394953,301.4415576131408,475
11950000,23900.00000395157,301.25273881724434,475
11955000,23910.000003953606,300.73264695121713,475
11960000,23920.000003955643,303.562076708789,475
11965000,23930.00000395768,300.9077797009005,475
11970000,23940.000003959718,303.0019437608685,475
11975000,23950.000003961755,299.3735274895603,475
11980000,23960.000003963793,301.41299158453444,475
11985000,23970.00000396583,300.5817466840048,475
11990000,23980.000003967867,300.4045577109001,475
11995000,23990.000003969904,298.7470647538542,475
12000000,24000.00000397194,298.51765212783295,475
12005000,24010.00000397398,298.6945978917158,475
12010000,24020.000003976016,298.9235683191518,475
12015000,24030.000003978053,298.8084419174852,475
12020000,24040.00000398009,301.7376095659573,475
12025000,24050.000003982128,301.16259663564364,475
12030000,24060.000003984165,298.28341953723265,475
12035000,24070.000003986203,301.8181118183998,475
12040000,24080.00000398824,298.34882070798926,475
12045000,24090.000003990277,302.219075385564,475
12050000,24100.000003992314,298.10813201804444,475
12055000,24110.00000399435,301.1093780359103,475
12060000,24120.00000399639,299.18882114050655,475
12065000,24130.000003998426,299.31820844654703,475
12070000,24140.000004000463,300.9838820774199,475
12075000,24150.0000040025,302.3542554930711,475
12080000,24160.000004004538,298.8907350741979,475
12085000,24170.000004006575,298.0138773896011,475
12090000,24180.000004008612,300.0364937184777,475
12095000,24190.00000401065,300.5434965063818,475
12100000,24200.000004012687,299.98110834567666,475
12105000,24210.000004014724,299.57410876782404,475
12110000,24220.00000401676,301.0490179290254,475
12115000,24230.0000040188,301.22753349788576,475
12120000,24240.000004020836,301.3170123816086,475
12125000,24250.000004022873,298.38214037138687,475
12130000,24260.00000402491,301.2301866893972,475
12135000,24270.000004026948,299.39302844716923,475
12140000,24280.000004028985,301.65330440568175,475
12145000,24290.000004031022,299.97142419665994,475
12150000,24300.00000403306,302.0242426889083,475
12155000,24310.000004035097,301.05825987945684,475
12160000,24320.000004037134,299.7116767476914,475
12165000,24330.00000403917,298.904001031755,475
12170000,24340.00000404121,299.96187270721884,475
12175000,24350.000004043246,301.42776101728134,475
12180000,24360.000004045283,300.0467306157259,475
12185000,24370.00000404732,298.41546003478453,475
12190000,24380.000004049358,300.7985566503468,475
12195000,24390.000004051395,301.0313078756866,475
12200000,24400.000004053432,299.49035635578,475
12205000,24410.00000405547,301.7162513742903,475
12210000,24420.000004057507,299.77318657089796,475
12215000,24430.000004059544,299.84389412467743,475
12220000,24440.00000406158,299.59024901618517,475
12225000,24450.00000406362,302.5773225693942,475
12230000,24460.000004065656,299.6626811444471,475
12235000,24470.000004067693,299.9197532919749,475
12240000,24480.00000406973,302.35292889731534,475
12245000,24490.000004071768,301.3403825768384,475
12250000,24500.000004073805,303.0493253392768,475
12255000,24510.000004075842,298.15022932335904,475
12260000,24520.00000407788,298.04175801040026,475
12265000,24530.000004079917,301.01134260956314,475
12270000,24540.000004081954,300.9002623249515,475
12275000,24550.00000408399,300.4793556015931,475
12280000,24560.00000408603,299.8047153300254,475
12285000,24570.000004088066,301.0222649146185,475
12290000,24580.000004090103,299.84840455024687,475
12295000,24590.00000409214,301.0056824676721,475
12300000,24600.000004094178,300.00045453378084,475
12305000,24610.000004096215,299.54434880303756,475
12310000,24620.000004098252,299.92340143030316,475
12315000,24630.00000410029,299.8568726531542,475
12320000,24640.000004102327,302.3590754576502,475
12325000,24650.000004104364,301.65536062910314,475
12330000,24660.0000041064,302.64234787135337,475
12335000,24670.00000410844,299.0778292956119,475
12340000,24680.000004110476,301.7343372964266,475
12345000,24690.000004112513,299.8643900291032,475
12350000,24700.00000411455,297.6126927231443,475
12355000,24710.000004116588,299.5520872782792,475
12360000,24720.000004118625,301.80334238565285,475
12365000,24730.000004120662,302.17454598803056,475
12370000,24740.0000041227,299.254045431829,475
12375000,24750.000004124737,299.306556513826,475
12380000,24760.000004126774,301.03500023387335,475
12385000,24770.00000412881,300.2986069298773,475
12390000,24780.00000413085,299.8118347272477,475
12395000,24790.000004132886,301.9178718192294,475
12400000,24800.000004134923,304.58762366767195,475
12405000,24810.00000413696,300.8720058353548,475
12410000,24820.000004138998,299.1219164945601,475
12415000,24830.000004141035,298.1286500323995,475
12420000,24840.000004143072,298.9167805708684,475
12425000,24850.00000414511,301.39368961628884,475
12430000,24860.000004147147,302.86623301505915,475
12435000,24870.000004149184,300.5394282793976,475
12440000,24880.00000415122,300.00768448064946,475
12445000,24890.00000415326,302.7850232448803,475
12450000,24900.000004155296,299.7530223154111,475
12455000,24910.000004157333,300.07326253084017,475
12460000,24920.00000415937,301.3651235876825,475
12465000,24930.000004161408,301.65186726027974,475
12470000,24940.000004163445,302.6838924284364,475
12475000,24950.000004165482,297.09916750610785,475
12480000,24960.00000416752,297.8220295333958,475
12485000,24970.000004169557,299.498116940951,475
12490000,24980.000004171594,299.6078043000191,475
12495000,24990.00000417363,299.60795906952393,475
12500000,25000.00000417567,302.46526944789497,475
12505000,25010.000004177706,299.4922578096965,475
12510000,25020.000004179743,303.1584820600427,475
12515000,25030.00000418178,301.41867383635474,475
12520000,25040.000004183818,300.05155058030505,475
12525000,25050.000004185855,298.4648978366141,475
12530000,25060.000004187892,301.7419873319512,475
12535000,25070.00000418993,299.757400081405,475
12540000,25080.000004191967,299.43724830569295,475
12545000,25090.000004194004,297.1636842796941,475
12550000,25100.00000419604,300.7322489724905,475
12555000,25110.00000419808,299.435479511352,475
12560000,25120.000004200116,296.12179808308656,475
12565000,25130.000004202153,302.03198116414995,475
12570000,25140.00000420419,297.4426894770497,475
12575000,25150.000004206227,298.1574371602984,475
12580000,25160.000004208265,301.0261562621686,475
12585000,25170.000004210302,298.20842265717636,475
12590000,25180.00000421234,299.2265848996858,475
12595000,25190.000004214377,299.6203185199813,475
12600000,25200.000004216414,299.404746709678,475
12605000,25210.00000421845,303.729758412311,475
12610000,25220.00000422049,302.65057276503876,475
12615000,25230.000004222526,296.92896527064994,475
12620000,25240.000004224563,303.5256837652239,475
12625000,25250.0000042266,298.63428200468934,475
12630000,25260.000004228637,301.0466300566651,475
12635000,25270.000004230675,300.0090552962637,475
12640000,25280.000004232712,297.10151115860964,475
12645000,25290.00000423475,298.613565000971,475
12650000,25300.000004236786,297.9495596053783,475
12655000,25310.000004238824,299.1948350412658,475
12660000,25320.00000424086,299.0849486928342,475
12665000,25330.0000042429,301.9187783263291,475
12670000,25340.000004244936,297.25743037976446,475
12675000,25350.000004246973,300.34026203660665,475
12680000,25360.00000424901,301.4445645635204,475
12685000,25370.000004251047,303.68155876652014,475
12690000,25380.000004253085,300.4178678883158,475
12695000,25390.000004255122,301.2010900224886,475
12700000,25400.00000425716,304.12495128793785,475
12705000,25410.000004259196,299.85490486944985,475
12710000,25420.000004261234,300.56052115191346,475
12715000,25430.00000426327,303.2159899860528,475
12720000,25440.00000426531,300.3344471252107,475
12725000,25450.000004267346,296.78197846091695,475
12730000,25460.000004269383,303.00437585308737,475
12735000,25470.00000427142,298.453489113115,475
12740000,25480.000004273457,298.95043188320494,475
12745000,25490.000004275495,300.46292792415153,475
12750000,25500.000004277532,299.88855618178644,475
12755000,25510.00000427957,298.17669490868553,475
12760000,25520.000004281606,299.8298764295254,475
12765000,25530.000004283644,298.56286693317344,475
12770000,25540.00000428568,301.83336766959053,475
12775000,25550.00000428772,296.81518757466836,475
12780000,25560.000004289755,300.2213548370362,475
12785000,25570.000004291793,299.730470187564,475
12790000,25580.00000429383,302.00270761780723,475
12795000,25590.000004295867,299.9601260228071,475
12800000,25600.000004297905,297.9424623180852,475
12805000,25610.00000429994,300.56845861651846,475
12810000,25620.00000430198,298.54418404294717,475
12815000,25630.000004304016,301.50561007821244,475
12820000,25640.000004306054,300.16152536845357,475
12825000,25650.00000430809,300.26539781612587,475
12830000,25660.000004310128,300.40745411163346,475
12835000,25670.000004312165,301.9066178652351,475
12840000,25680.000004314203,301.01881576565364,475
12845000,25690.00000431624,297.36470775654305,475
12850000,25700.000004318277,299.8061745853567,475
12855000,25710.000004320314,301.580629068198,475
12860000,25720.00000432235,297.86162841670375,475
12865000,25730.00000432439,298.3877341834901,475
12870000,25740.000004326426,301.68980789889315,475
12875000,25750.000004328464,304.58912714286174,475
12880000,25760.0000043305,299.69456366244276,475
12885000,25770.000004332538,299.5534580938934,475
12890000,25780.000004334575,300.3754389340623,475
12895000,25790.000004336613,299.4655047952897,475
12900000,25800.00000433865,300.936611048658,475
12905000,25810.000004340687,299.7394025989858,475
12910000,25820.000004342724,299.1584863175592,475
12915000,25830.00000434476,302.62773320811124,475
12920000,25840.0000043468,299.0248096852419,475
12925000,25850.000004348836,300.46164554825435,475
12930000,25860.000004350873,301.07225546467964,475
12935000,25870.00000435291,299.83699582674774,475
12940000,25880.000004354948,300.00936483527335,475
12945000,25890.000004356985,300.70094131265563,475
12950000,25900.000004359023,300.7451390612501,475
12955000,25910.00000436106,299.4054542274144,475
12960000,25920.000004363097,298.63284485928733,475
12965000,25930.000004365134,297.3914165510914,475
12970000,25940.00000436717,302.0169906321104,475
12975000,25950.00000436921,300.54508842128865,475
12980000,25960.000004371246,300.6721984046152,475
12985000,25970.000004373283,301.74906250931497,475
12990000,25980.00000437532,301.0878429648092,475
12995000,25990.000004377358,300.0302144985673,475
13000000,26000.000004379395,299.87690424906543,475
13005000,26010.000004381433,300.1256188433323,475
13010000,26020.00000438347,301.0151012975377,475
13015000,26030.000004385507,297.3059837844235,475
13020000,26040.000004387544,302.2545618220293,475
13025000,26050.00000438958,300.2037995532023,475
13030000,26060.00000439162,299.38542263150316,475
13035000,26070.000004393656,301.41312424411,475
13040000,26080.000004395693,302.2622781873417,475
13045000,26090.00000439773,298.96011603222166,475
13050000,26100.000004399768,301.69369924644326,475
13055000,26110.000004401805,301.89251173036604,475
13060000,26120.000004403842,300.09386898491226,475
13065000,26130.00000440588,299.4573683413213,475
13070000,26140.000004407917,297.5992941060116,475
13075000,26150.000004409954,299.4876810543393,475
13080000,26160.00000441199,301.3902625772532,475
13085000,26170.00000441403,299.8196616422064,475
13090000,26180.000004416066,300.435953810452,475
13095000,26190.000004418103,298.2638301399066,475
13100000,26200.00000442014,300.8688662253996,475
13105000,26210.000004422178,300.79103927439775,475
13110000,26220.000004424215,299.21862532515155,475
13115000,26230.000004426252,300.6994599473951,475
13120000,26240.00000442829,300.23057467753847,475
13125000,26250.000004430327,302.0514600118297,475
13130000,26260.000004432364,299.9943300833753,475
13135000,26270.0000044344,299.4798762493099,475
13140000,26280.00000443644,299.481998802519,475
13145000,26290.000004438476,298.7111140088744,475
13150000,26300.000004440513,301.4162417441359,475
13155000,26310.00000444255,298.68161936323907,475
13160000,26320.000004444588,298.8365215276478,475
13165000,26330.000004446625,300.6387903015005,475
13170000,26340.000004448662,300.3862064696128,475
13175000,26350.0000044507,304.43236774439504,475
13180000,26360.000004452737,299.5513355406843,475
13185000,26370.000004454774,300.891948991549,475
13190000,26380.00000445681,299.39289578759366,475
13195000,26390.00000445885,298.6660539730387,475
13200000,26400.000004460886,301.52409397907536,475
13205000,26410.000004462923,302.7922974116074,475
13210000,26420.00000446496,301.561128110589,475
13215000,26430.000004466998,301.8374358965747,475
13220000,26440.000004469035,301.76091343139933,475
13225000,26450.000004471072,300.9632756233478,475
13230000,26460.00000447311,300.663907181142,475
13235000,26470.000004475147,300.77494324589514,475
13240000,26480.000004477184,302.18989027893826,475
13245000,26490.00000447922,298.8396169177444,475
13250000,26500.00000448126,300.8644442395472,475
13255000,26510.000004483296,301.8667757727052,475
13260000,26520.000004485333,302.1215484875898,475
13265000,26530.00000448737,298.77052338880105,475
13270000,26540.000004489408,298.3206526581096,475
13275000,26550.000004491445,299.4545824902343,475
13280000,26560.000004493482,299.7571347622538,475
13285000,26570.00000449552,303.3500867070261,475
13290000,26580.000004497557,300.3370339869344,475
13295000,26590.000004499594,298.88622464862846,475
13300000,26600.00000450163,297.69018802520714,475
13305000,26610.00000450367,298.9935241353364,475
13310000,26620.000004505706,301.2136705722386,475
13315000,26630.000004507743,299.0523807670315,475
13320000,26640.00000450978,299.91915632388486,475
13325000,26650.000004511818,302.1761821227959,475
13330000,26660.000004513855,299.59095653392154,475
13335000,26670.000004515892,299.9755808633612,475
13340000,26680.00000451793,298.92734911705554,475
13345000,26690.000004519967,301.4928084291698,475
13350000,26700.000004522004,298.70461368967136,475
13355000,26710.00000452404,299.3263449005154,475
13360000,26720.00000452608,300.3478678522727,475
13365000,26730.000004528116,301.5540529332252,475
13370000,26740.000004530153,298.90240911684816,475
13375000,26750.00000453219,298.91087721975543,475
13380000,26760.000004534228,298.6825922001266,475
13385000,26770.000004536265,302.2926572301475,475
13390000,26780.000004538302,301.1741159087891,475
13395000,26790.00000454034,301.6772052392139,475
13400000,26800.000004542377,301.0123375563799,475
13405000,26810.000004544414,298.65924411482604,475
13410000,26820.00000454645,299.27407702774036,475
13415000,26830.00000454849,300.9466047366844,475
13420000,26840.000004550526,299.4825957706091,475
13425000,26850.000004552563,298.2315496431843,475
13430000,26860.0000045546,298.7669636901899,475
13435000,26870.000004556638,301.16330415338007,475
13440000,26880.000004558675,302.1284688954488,475
13445000,26890.000004560712,299.5646899379584,475
13450000,26900.00000456275,298.62059595847626,475
13455000,26910.000004564787,298.7648190270515,475
13460000,26920.000004566824,298.9357287802458,475
13465000,26930.00000456886,299.5450342108447,475
13470000,26940.0000045709,299.84588401831104,475
13475000,26950.000004572936,299.94794345178383,475
13480000,26960.000004574973,298.6024658164815,475
13485000,26970.00000457701,299.595466959491,475
13490000,26980.000004579048,300.3055273377362,475
13495000,26990.000004581085,300.63684462772545,475
13500000,27000.000004583122,300.51161398838616,475
13505000,27010.00000458516,301.07899899310445,475
13510000,27020.000004587197,297.84783182084436,475
13515000,27030.000004589234,298.98412741540005,475
13520000,27040.00000459127,298.99487284102133,475
13525000,27050.00000459331,298.93148367382753,475
13530000,27060.000004595346,301.33507619381555,475
13535000,27070.000004597383,300.20326891490004,475
13540000,27080.00000459942,302.1054966789457,475
13545000,27090.000004601457,298.66872927447935,475
13550000,27100.000004603495,300.74704051516665,475
13555000,27110.000004605532,299.7702238403769,475
13560000,27120.00000460757,300.387997373883,475
13565000,27130.000004609607,301.8199469425286,475
13570000,27140.000004611644,301.69745793441774,475
13575000,27150.00000461368,301.5631180042226,475
13580000,27160.00000461572,300.51820274730625,475
13585000,27170.000004617756,303.2040064043929,475
13590000,27180.000004619793,298.4996325354845,475
13595000,27190.00000462183,298.5628006033857,475
13600000,27200.000004623867,299.5860702395547,475
13605000,27210.000004625905,300.5252337048115,475
13610000,27220.000004627942,300.71235003615476,475
13615000,27230.00000462998,300.62530324465075,475
13620000,27240.000004632016,301.8120315878528,475
13625000,27250.000004634054,299.9922075301661,475
13630000,27260.00000463609,300.6163266133704,475
13635000,27270.00000463813,300.3573530119261,475
13640000,27280.000004640166,299.74678731535926,475
13645000,27290.000004642203,301.98455536588324,475
13650000,27300.00000464424,296.4802663662094,475
13655000,27310.000004646277,297.35161867842004,475
13660000,27320.000004648315,301.0626376454507,475
13665000,27330.000004650352,300.1647091982673,475
13670000,27340.00000465239,300.6437208157259,475
13675000,27350.000004654426,301.83308024051007,475
13680000,27360.000004656464,301.21590367509407,475
13685000,27370.0000046585,301.2972682147778,475
13690000,27380.00000466054,300.83592243079937,475
13695000,27390.000004662576,298.93192587241276,475
13700000,27400.000004664613,298.83369145670224,475
13705000,27410.00000466665,300.9726060134964,475
13710000,27420.000004668687,299.0062594545912,475
13715000,27430.000004670725,301.2143559800457,475
13720000,27440.000004672762,301.5586517985117,475
13725000,27450.0000046748,298.1015432591244,475
13730000,27460.000004676836,296.8950928590208,475
13735000,27470.000004678874,302.0231814123037,475
13740000,27480.00000468091,300.65165828033093,475
13745000,27490.00000468295,300.82650360093385,475
13750000,27500.000004684985,298.69926308679004,475
13755000,27510.000004687023,300.8424227500024,475
13760000,27520.00000468906,300.6662066137852,475
13765000,27530.000004691097,298.93369466675375,475
13770000,27540.000004693135,296.93153002244435,475
13775000,27550.00000469517,301.9958314298068,475
13780000,27560.00000469721,302.98507388484177,475
13785000,27570.000004699246,300.82281124274715,475
13790000,27580.000004701284,302.2345523360473,475
13795000,27590.00000470332,301.75549649873017,475
13800000,27600.000004705358,302.6241735095001,475
13805000,27610.000004707395,296.6634250202148,475
13810000,27620.000004709433,298.59200781994065,475
13815000,27630.00000471147,301.1571133731867,475
13820000,27640.000004713507,298.4781637941712,475
13825000,27650.000004715544,302.5473636152443,475
13830000,27660.00000471758,300.3671034907305,475
13835000,27670.00000471962,301.0428271488321,475
13840000,27680.000004721656,301.4664091736311,475
13845000,27690.000004723694,301.44909709901907,475
13850000,27700.00000472573,300.57186354562475,475
13855000,27710.000004727768,301.90887307801984,475
13860000,27720.000004729805,301.01006023366597,475
13865000,27730.000004731843,300.9393084600279,475
13870000,27740.00000473388,299.1998318852789,475
13875000,27750.000004735917,299.2396739778088,475
13880000,27760.000004737954,300.5398262581243,475
13885000,27770.00000473999,299.5508491222405,475
13890000,27780.00000474203,303.1539274146147,475
13895000,27790.000004744066,302.40670024528026,475
13900000,27800.000004746104,299.93693270701147,475
13905000,27810.00000474814,300.03118733545483,475
13910000,27820.000004750178,302.5604526933673,475
13915000,27830.000004752215,302.3319023545873,475
13920000,27840.000004754253,300.62187620561514,475
13925000,27850.00000475629,300.7059381566688,475
13930000,27860.000004758327,301.1495738873084,475
13935000,27870.000004760364,298.63414934511377,475
13940000,27880.0000047624,300.401506540662,475
13945000,27890.00000476444,300.85310184583585,475
13950000,27900.000004766476,300.0483888604206,475
13955000,27910.000004768513,303.03258812282553,475
13960000,27920.00000477055,297.6870926351105,475
13965000,27930.000004772588,302.66556329707834,475
13970000,27940.000004774625,300.2353946421175,475
13975000,27950.000004776663,302.53248363285104,475
13980000,27960.0000047787,300.44431136371304,475
13985000,27970.000004780737,299.7389382904713,475
13990000,27980.000004782774,296.50622342316285,475
13995000,27990.00000478481,300.58420088615287,475
14000000,28000.00000478685,301.82401516951273,475
14005000,28010.000004788886,301.0595864752126,475
14010000,28020.000004790923,300.06444066906465,475
14015000,28030.00000479296,301.2155499162258,475
14020000,28040.000004794998,300.43405235653546,475
14025000,28050.000004797035,300.21503139726735,475
14030000,28060.000004799072,300.43243833169936,475
14035000,28070.00000480111,299.9597943738682,475
14040000,28080.000004803147,297.66283804271023,475
14045000,28090.000004805184,300.27218556440926,475
14050000,28100.00000480722,297.90587038515673,475
14055000,28110.00000480926,300.5390966304587,475
14060000,28120.000004811296,301.78300125073196,475
14065000,28130.000004813333,299.1796676297921,475
14070000,28140.00000481537,301.1006003939933,475
14075000,28150.000004817408,300.60107076217975,475
14080000,28160.000004819445,302.9548053916822,475
14085000,28170.000004821482,300.5911212940119,475
14090000,28180.00000482352,297.6909397628021,475
14095000,28190.000004825557,303.9320200451987,475
14100000,28200.000004827594,299.1283504839753,475
14105000,28210.00000482963,298.2598061327809,475
14110000,28220.00000483167,301.29107743458445,475
14115000,28230.000004833706,300.3194123733127,475
14120000,28240.000004835743,303.5627621165961,475
14125000,28250.00000483778,300.1146302084892,475
14130000,28260.000004839818,297.4889434490656,475
14135000,28270.000004841855,300.54911242841433,475
14140000,28280.000004843892,298.5354948407473,475
14145000,28290.00000484593,300.03377419717845,475
14150000,28300.000004847967,301.3719113359659,475
14155000,28310.000004850004,300.1517969995784,475
14160000,28320.00000485204,301.62843073526216,475
14165000,28330.00000485408,301.9495995677202,475
14170000,28340.000004856116,300.6945957629575,475
14175000,28350.000004858153,300.61495579775624,475
14180000,28360.00000486019,299.1352266719757,475
14185000,28370.000004862228,303.1974397554021,475
14190000,28380.000004864265,301.22934651208527,475
14195000,28390.000004866302,299.20352424346567,475
14200000,28400.00000486834,299.9060230259033,475
14205000,28410.000004870377,297.81477747659784,475
14210000,28420.000004872414,301.0946749329512,475
14215000,28430.00000487445,298.0018716980118,475
14220000,28440.00000487649,300.7142957099298,475
14225000,28450.000004878526,299.99937114724696,475
14230000,28460.000004880563,302.996327838836,475
14235000,28470.0000048826,300.4419234913527,475
14240000,28480.000004884638,302.52518735619464,475
14245000,28490.000004886675,301.09615629821167,475
14250000,28500.000004888712,299.4323841212554,475
14255000,28510.00000489075,298.5408233336994,475
14260000,28520.000004892787,301.22921385250964,475
14265000,28530.000004894824,299.8082529187073,475
14270000,28540.00000489686,299.94162001201494,475
14275000,28550.0000048989,300.07600416206867,475
14280000,28560.000004900936,300.01263710480407,475
14285000,28570.000004902973,300.6924289898898,475
14290000,28580.00000490501,302.78763221653315,475
14295000,28590.000004907048,298.87256071234464,475
14300000,28600.000004909085,301.30883170778174,475
14305000,28610.000004911122,299.51516369641183,475
14310000,28620.00000491316,297.56626187169434,475
14315000,28630.000004915197,302.09817829236005,475
14320000,28640.000004917234,299.90668632378123,475
14325000,28650.00000491927,298.4238396979748,475
14330000,28660.00000492131,300.0404513958155,475
14335000,28670.000004923346,302.7182291485802,475
14340000,28680.000004925383,301.04307035805397,475
14345000,28690.00000492742,298.6282017741423,475
14350000,28700.000004929458,301.19439071392225,475
14355000,28710.000004931495,301.83969110935936,475
14360000,28720.000004933532,300.0215031864381,475
14365000,28730.00000493557,303.381571246295,475
14370000,28740.000004937607,299.01284821351123,475
14375000,28750.000004939644,299.22309153086246,475
14380000,28760.00000494168,298.7268562785089,475
14385000,28770.00000494372,300.2765633304031,475
14390000,28780.000004945756,300.10726760204494,475
14395000,28790.000004947793,301.7012166223922,475
14400000,28800.00000494983,297.67311915981696,475
14405000,28810.000004951868,299.44702089442677,475
14410000,28820.000004953905,302.4686301571428,475
14415000,28830.000004955942,298.3761043606984,475
14420000,28840.00000495798,301.170733089612,475
14425000,28850.000004960017,301.95521548975273,475
14430000,28860.000004962054,300.1084615382251,475
14435000,28870.00000496409,301.1066364046818,475
14440000,28880.00000496613,300.5786955137667,475
14445000,28890.000004968166,301.5450541920156,475
14450000,28900.000004970203,299.6495920663241,475
14455000,28910.00000497224,301.9280202767606,475
14460000,28920.000004974278,298.92717223762145,475
14465000,28930.000004976315,298.11060833012175,475
14470000,28940.000004978352,302.7593093971487,475
14475000,28950.00000498039,299.41350224166575,475
14480000,28960.000004982427,298.7673174490581,475
14485000,28970.000004984464,301.53892974161005,475
14490000,28980.0000049865,297.7035203125521,475
14495000,28990.00000498854,300.3060358661092,475
14500000,29000.000004990576,301.6007048839678,475
14505000,29010.000004992613,303.50193770119665,475
14510000,29020.00000499465,301.734293076568,475
14515000,29030.000004996687,298.58493264257686,475
14520000,29040.000004998725,301.0241221486765,475
14525000,29050.000005000762,298.23360586660556,475
14530000,29060.0000050028,301.53344647915316,475
14535000,29070.000005004837,300.93059714789877,475
14540000,29080.000005006874,301.3521008393472,475
14545000,29090.00000500891,301.53433087632357,475
14550000,29100.00000501095,296.1154083135299,475
14555000,29110.000005012986,304.15875736977927,475
14560000,29120.000005015023,300.84834821104454,475
14565000,29130.00000501706,301.5063397058781,475
14570000,29140.000005019097,302.042372830903,475
14575000,29150.000005021135,300.62804487587925,475
14580000,29160.000005023172,301.9048932907527,475
14585000,29170.00000502521,301.2644128598946,475
14590000,29180.000005027247,301.28126062599216,475
14595000,29190.000005029284,302.57953356232036,475
14600000,29200.00000503132,298.94479385124316,475
14605000,29210.00000503336,298.8783977336698,475
14610000,29220.000005035396,300.93559399191196,475
14615000,29230.000005037433,300.0688405449878,475
14620000,29240.00000503947,300.89172789225637,475
14625000,29250.000005041507,300.5591724462285,475
14630000,29260.000005043545,299.6243867469655,475
14635000,29270.000005045582,299.5347752036671,475
14640000,29280.00000504762,299.3861080393103,475
14645000,29290.000005049656,300.51196774725435,475
14650000,29300.000005051694,303.54025420860745,475
14655000,29310.00000505373,302.0870791078706,475
14660000,29320.00000505577,300.1002366445397,475
14665000,29330.000005057806,298.98116468487893,475
14670000,29340.000005059843,300.8540967926527,475
14675000,29350.00000506188,300.50560008762693,475
14680000,29360.000005063917,300.19499980135606,475
14685000,29370.000005065955,301.7415893532244,475
14690000,29380.000005067992,299.6755491232775,475
14695000,29390.00000507003,296.42357650758197,475
14700000,29400.000005072066,302.7693473050336,475
14705000,29410.000005074104,299.63157247397567,475
14710000,29420.00000507614,300.77918835231344,475
14715000,29430.00000507818,299.39232092943286,475
14720000,29440.000005080215,299.20776934988396,475
14725000,29450.000005082253,299.30584899608965,475
14730000,29460.00000508429,299.4848730933231,475
14735000,29470.000005086327,300.39522732075164,475
14740000,29480.000005088365,297.84887098751966,475
14745000,29490.000005090402,301.0679440284735,475
14750000,29500.00000509244,301.004488531492,475
14755000,29510.000005094476,298.6900653562171,475
14760000,29520.000005096514,297.8807977253738,475
14765000,29530.00000509855,299.9957008989895,475
14770000,29540.000005100588,300.2562443054115,475
14775000,29550.000005102625,299.90423212163313,475
14780000,29560.000005104663,300.5233764707535,475
14785000,29570.0000051067,300.98158264477667,475
14790000,29580.000005108737,301.01737862025163,475
14795000,29590.000005110775,299.62779167607187,475
14800000,29600.00000511281,300.96367360207455,475
14805000,29610.00000511485,300.28450079500817,475
14810000,29620.000005116886,299.71680625128016,475
14815000,29630.000005118924,300.3082026391769,475
14820000,29640.00000512096,298.5005611525135,475
14825000,29650.000005122998,301.0278587267218,475
14830000,29660.000005125035,300.99142156329816,475
14835000,29670.000005127073,301.4055184284439,475
14840000,29680.00000512911,300.863073423933,475
14845000,29690.000005131147,301.545253181379,475
14850000,29700.000005133184,296.7403233541876,475
14855000,29710.00000513522,298.80671734300273,475
14860000,29720.00000513726,299.5687139450841,475
14865000,29730.000005139296,299.84358458566777,475
14870000,29740.000005141334,299.811348308804,475
14875000,29750.00000514337,301.6194541039818,475
14880000,29760.000005145408,300.30462083063645,475
14885000,29770.000005147445,300.5207232792421,475
14890000,29780.000005149483,298.2866918067634,475
14895000,29790.00000515152,302.397391965061,475
14900000,29800.000005153557,299.56303169326384,475
14905000,29810.000005155594,302.2429098893083,475
14910000,29820.00000515763,298.91952220209686,475
14915000,29830.00000515967,302.8615014901971,475
14920000,29840.000005161706,297.8927591971045,475
14925000,29850.000005163743,301.9643247806086,475
14930000,29860.00000516578,299.9300344090817,475
14935000,29870.000005167818,296.08573678846045,475
14940000,29880.000005169855,303.35285044818386,475
14945000,29890.000005171893,297.99364680432643,475
14950000,29900.00000517393,302.1366937891342,475
14955000,29910.000005175967,303.5141866020077,475
14960000,29920.000005178004,302.6024173391064,475
14965000,29930.00000518004,302.05499760051157,475
14970000,29940.00000518208,297.7583529371216,475
14975000,29950.000005184116,299.5385117817124,475
14980000,29960.000005186153,298.65650248359754,475
14985000,29970.00000518819,299.0374123449212,475
14990000,29980.000005190228,299.5170651503284,475
14995000,29990.000005192265,301.56614706453144,475
15000000,30000.000005194303,299.22448445640595,475
15005000,30010.00000519634,299.6384486619761,475
15010000,30020.000005198377,302.4254052454358,475
15015000,30030.000005200414,301.2940401651055,475
15020000,30040.00000520245,301.28599215085416,475
15025000,30050.00000520449,299.96028079231195,475
15030000,30060.000005206526,298.129114340914,475
15035000,30070.000005208563,300.84282072872907,475
15040000,30080.0000052106,301.7457460199257,475
15045000,30090.000005212638,301.65801382061454,475
15050000,30100.000005214675,302.20138744215444,475
15055000,30110.000005216712,301.6279885366769,475
15060000,30120.00000521875,299.514080309878,475
15065000,30130.000005220787,297.93142946338355,475
15070000,30140.000005222824,300.729087252606,475
15075000,30150.00000522486,301.50607438672694,475
15080000,30160.0000052269,298.41559269436016,475
15085000,30170.000005228936,301.9833835396323,475
15090000,30180.000005230973,299.2405583749793,475
15095000,30190.00000523301,301.1233957310623,475
15100000,30200.000005235048,300.824911686027,475
15105000,30210.000005237085,299.8586635574244,475
15110000,30220.000005239122,301.9025275283216,475
15115000,30230.00000524116,300.59894820897057,475
15120000,30240.000005243197,298.2017896783978,475
15125000,30250.000005245234,298.3535743427805,475
15130000,30260.00000524727,299.7026337866233,475
15135000,30270.00000524931,300.3781363454322,475
15140000,30280.000005251346,300.4512981013598,475
15145000,30290.000005253383,302.68537379369695,475
15150000,30300.00000525542,301.8975085743792,475
15155000,30310.000005257458,297.36895286296135,475
15160000,30320.000005259495,299.20858741726664,475
15165000,30330.000005261532,298.7650843462026,475
15170000,30340.00000526357,300.9816710844937,475
15175000,30350.000005265607,301.54996259631173,475
15180000,30360.000005267644,300.46268471492965,475
15185000,30370.00000526968,297.3104499901344,475
15190000,30380.00000527172,298.27702976767597,475
15195000,30390.000005273756,301.10597310680396,475
15200000,30400.000005275793,301.6750826860047,475
15205000,30410.00000527783,300.07167061593333,475
15210000,30420.000005279868,299.29941500667445,475
15215000,30430.000005281905,298.9567995428324,475
15220000,30440.000005283942,299.7006438929897,475
15225000,30450.00000528598,300.1974318935749,475
15230000,30460.000005288017,300.13534721220753,475
15235000,30470.000005290054,299.54786428179017,475
15240000,30480.00000529209,298.71540333515117,475
15245000,30490.00000529413,301.9567410748718,475
15250000,30500.000005296166,299.5919293708091,475
15255000,30510.000005298203,298.4343640243035,475
15260000,30520.00000530024,298.7272542572356,475
15265000,30530.000005302278,301.2566743846529,475
15270000,30540.000005304315,298.80061500252646,475
15275000,30550.000005306352,299.6235244597243,475
15280000,30560.00000530839,299.9011146216072,475
15285000,30570.000005310427,300.52894817292747,475
15290000,30580.000005312464,299.3182968862641,475
15295000,30590.0000053145,301.3067975942896,475
15300000,30600.00000531654,297.71857717437945,475
15305000,30610.000005318576,299.05118683085135,475
15310000,30620.000005320613,299.3337296168889,475
15315000,30630.00000532265,299.30458873012174,475
15320000,30640.000005324688,303.0044642928044,475
15325000,30650.000005326725,298.7149169167074,475
15330000,30660.000005328762,301.862619106004,475
15335000,30670.0000053308,298.9365468476285,475
15340000,30680.000005332837,302.7436113473728,475
15345000,30690.000005334874,300.0297059701943,475
15350000,30700.00000533691,300.47497783559925,475
15355000,30710.00000533895,299.7380096734423,475
15360000,30720.000005340986,299.3447403616613,475
15365000,30730.000005343023,303.8624400978116,475
15370000,30740.00000534506,299.8958082385844,475
15375000,30750.000005347098,299.194768711478,475
15380000,30760.000005349135,299.452526266813,475
15385000,30770.000005351172,302.58724992763274,475
15390000,30780.00000535321,300.4199462216664,475
15395000,30790.000005355247,301.2238853595576,475
15400000,30800.000005357284,299.9582908986784,475
15405000,30810.00000535932,300.82628250164123,475
15410000,30820.00000536136,301.56877814611363,475
15415000,30830.000005363396,299.4897814976192,475
15420000,30840.000005365433,299.4080631990673,475
15425000,30850.00000536747,300.9986072903083,475
15430000,30860.000005369508,300.1598229039004,475
15435000,30870.000005371545,299.73250430105605,475
15440000,30880.000005373582,299.92346776009094,475
15445000,30890.00000537562,298.3125383140705,475
15450000,30900.000005377657,301.0910046846937,475
15455000,30910.000005379694,300.16776036850547,475
15460000,30920.00000538173,299.7364177585354,475
15465000,30930.00000538377,300.24625061738516,475
15470000,30940.000005385806,299.53238733130684,475
15475000,30950.000005387843,300.427087728818,475
15480000,30960.00000538988,298.40555478647525,475
15485000,30970.000005391918,300.4493966474432,475
15490000,30980.000005393955,300.241430652806,475
15495000,30990.000005395992,302.38671286922755,475
15500000,31000.00000539803,301.3580705202479,475
15505000,31010.000005400067,300.4206537394028,475
15510000,31020.000005402104,298.11914276281686,475
15515000,31030.00000540414,300.7984682106298,475
15520000,31040.00000540618,299.39068479466744,475
15525000,31050.000005408216,298.82949057014247,475
15530000,31060.000005410253,301.6554932886787,475
15535000,31070.00000541229,298.385611630281,475
15540000,31080.000005414327,300.4049556896269,475
15545000,31090.000005416365,299.74196735078016,475
15550000,31100.000005418402,299.4041276316587,475
15555000,31110.00000542044,298.8740862974637,475
15560000,31120.000005422477,299.1698066013413,475
15565000,31130.000005424514,300.4913170733238,475
15570000,31140.00000542655,301.563073784364,475
15575000,31150.00000542859,301.16138058953425,475
15580000,31160.000005430626,301.0878871846678,475
15585000,31170.000005432663,301.92174105685024,475
15590000,31180.0000054347,299.48507208268643,475
15595000,31190.000005436737,300.0134551721868,475
15600000,31200.000005438775,300.3145702988043,475
15605000,31210.000005440812,300.96475698860837,475
15610000,31220.00000544285,300.33303208973797,475
15615000,31230.000005444886,302.3559137377657,475
15620000,31240.000005446924,299.05120894078055,475
15625000,31250.00000544896,300.43047054799507,475
15630000,31260.000005451,300.6418414717386,475
15635000,31270.000005453036,298.96608571312237,475
15640000,31280.000005455073,303.4125030373324,475
15645000,31290.00000545711,298.9088209963341,475
15650000,31300.000005459147,301.8183550276217,475
15655000,31310.000005461185,301.9277328476802,475
15660000,31320.000005463222,298.5678416672574,475
15665000,31330.00000546526,299.3951510003784,475
15670000,31340.000005467296,301.25795676055014,475
15675000,31350.000005469334,300.45085590277455,475
15680000,31360.00000547137,298.71425361882956,475
15685000,31370.00000547341,298.3665528712573,475
15690000,31380.000005475446,300.37117171771473,475
15695000,31390.000005477483,300.2901167170407,475
15700000,31400.00000547952,301.31446973974346,475
15705000,31410.000005481557,300.68433675577995,475
15710000,31420.000005483595,300.770875018911,475
15715000,31430.000005485632,296.909464313041,475
15720000,31440.00000548767,300.9903823966229,475
15725000,31450.000005489706,296.8640505183371,475
15730000,31460.000005491744,299.16715340982984,475
15735000,31470.00000549378,298.0455609182333,475
15740000,31480.00000549582,301.1700034619464,475
15745000,31490.000005497855,299.78651885824286,475
15750000,31500.000005499893,301.1758404832715,475
15755000,31510.00000550193,300.9378492046967,475
15760000,31520.000005503967,301.7638982718497,475
15765000,31530.000005506005,296.9246317245146,475
15770000,31540.00000550804,302.4482890222219,475
15775000,31550.00000551008,301.13869580211156,475
15780000,31560.000005512116,300.7158655149074,475
15785000,31570.000005514154,300.92515810530034,475
15790000,31580.00000551619,298.7666099313217,475
15795000,31590.000005518228,299.31555525503563,475
15800000,31600.000005520265,302.0601492140296,475
15805000,31610.000005522303,302.1350134345103,475
15810000,31620.00000552434,302.1675592503838,475
15815000,31630.000005526377,298.92434216667596,475
15820000,31640.000005528414,299.6961997972081,475
15825000,31650.00000553045,299.03139844416194,475
15830000,31660.00000553249,301.65892032771427,475
15835000,31670.000005534526,300.4784933143519,475
15840000,31680.000005536564,297.79996382399236,475
15845000,31690.0000055386,302.53031685978345,475
15850000,31700.000005540638,299.1601445622539,475
15855000,31710.000005542675,300.9921069711053,475
15860000,31720.000005544713,299.7747563758756,475
15865000,31730.00000554675,298.23283201908146,475
15870000,31740.000005548787,299.5605332712572,475
15875000,31750.000005550824,299.77813919505263,475
15880000,31760.00000555286,301.7871136975747,475
15885000,31770.0000055549,301.7030075266625,475
15890000,31780.000005556936,301.206529065087,475
15895000,31790.000005558973,298.0466221948379,475
15900000,31800.00000556101,300.0850250132075,475
15905000,31810.000005563048,298.93325246816846,475
15910000,31820.000005565085,300.5035438642056,475
15915000,31830.000005567123,302.22296673311405,475
15920000,31840.00000556916,299.71536910587815,475
15925000,31850.000005571197,300.93249860181527,475
15930000,31860.000005573234,297.0082293670538,475
15935000,31870.00000557527,298.5832301780237,475
15940000,31880.00000557731,301.11665220263745,475
15945000,31890.000005579346,300.7798074303327,475
15950000,31900.000005581383,301.5957301498838,475
15955000,31910.00000558342,298.1298439685796,475
15960000,31920.000005585458,299.7595889644019,475
15965000,31930.000005587495,298.92929479083057,475
15970000,31940.000005589533,300.98142787527183,475
15975000,31950.00000559157,300.9603128928267,475
15980000,31960.000005593607,299.99379944507297,475
15985000,31970.000005595644,302.09817829236005,475
15990000,31980.00000559768,302.74531381192594,475
15995000,31990.00000559972,298.9392663689277,475
16000000,32000.000005601756,303.01547503757683,475
16005000,32010.000005603793,297.05468232843305,475
16010000,32020.00000560583,299.89187267117575,475
16015000,32030.000005607868,298.12263613164026,475
16020000,32040.000005609905,300.68099815646144,475
16025000,32050.000005611942,297.36435399767487,475
16030000,32060.00000561398,297.5561797439509,475
16035000,32070.000005616017,299.82992064938395,475
16040000,32080.000005618054,301.25990243432517,475
16045000,32090.00000562009,300.7148484581614,475
16050000,32100.00000562213,298.66340078152723,475
16055000,32110.000005624166,301.0364152693461,475
16060000,32120.000005626203,301.18119108615286,475
16065000,32130.00000562824,301.1903003770088,475
16070000,32140.000005630278,301.09027505702807,475
16075000,32150.000005632315,299.2544876304143,475
16080000,32160.000005634352,301.28417913665476,475
16085000,32170.00000563639,299.0821628417472,475
16090000,32180.000005638427,297.0288579310551,475
16095000,32190.000005640464,300.05599467608664,475
16100000,32200.0000056425,302.31253405655394,475
16105000,32210.00000564454,301.7246973672684,475
16110000,32220.000005646576,299.9714905264477,475
16115000,32230.000005648613,301.60309275632807,475
16120000,32240.00000565065,301.99070192621804,475
16125000,32250.000005652688,297.83613566826483,475
16130000,32260.000005654725,300.90211955900946,475
16135000,32270.000005656762,300.4835785980821,475
16140000,32280.0000056588,300.21045464191013,475
16145000,32290.000005660837,301.2426124696424,475
16150000,32300.000005662874,302.97050344145816,475
16155000,32310.00000566491,300.05765292078127,475
16160000,32320.00000566695,300.6048294501543,475
16165000,32330.000005668986,303.12739549950044,475
16170000,32340.000005671023,298.74385881411126,475
16175000,32350.00000567306,302.40550630910013,475
16180000,32360.000005675098,298.87251649248606,475
16185000,32370.000005677135,298.36137914780994,475
16190000,32380.000005679172,299.13005294852843,475
16195000,32390.00000568121,303.04877259104524,475
16200000,32400.000005683247,302.82586028422696,475
16205000,32410.000005685284,299.5114492282959,475
16210000,32420.00000568732,301.2764627713423,475
16215000,32430.00000568936,298.82369776867586,475
16220000,32440.000005691396,301.564842578705,475
16225000,32450.000005693433,299.7510324217776,475
16230000,32460.00000569547,296.50425563945856,475
16235000,32470.000005697508,298.24293625675415,475
16240000,32480.000005699545,300.6106885814087,475
16245000,32490.000005701582,299.32663232959584,475
16250000,32500.00000570362,300.673104911715,475
16255000,32510.000005705657,299.55266213644,475
16260000,32520.000005707694,301.7989425097298,475
16265000,32530.00000570973,304.2793228140443,475
16270000,32540.00000571177,299.1679493672833,475
16275000,32550.000005713806,296.2334753357883,475
16280000,32560.000005715843,301.8895932197035,475
16285000,32570.00000571788,300.7028427665722,475
16290000,32580.000005719918,298.7986251088929,475
16295000,32590.000005721955,301.17727762867355,475
16300000,32600.000005723992,303.51060479346734,475
16305000,32610.00000572603,302.09318144834685,475
16310000,32620.000005728067,301.74965947740503,475
16315000,32630.000005730104,297.30195977729784,475
16320000,32640.00000573214,300.60911877643105,475
16325000,32650.00000573418,301.6008375435433,475
16330000,32660.000005736216,300.2984521603724,475
16335000,32670.000005738253,299.5527284662278,475
16340000,32680.00000574029,299.11201124625074,475
16345000,32690.000005742328,299.79180313133645,475
16350000,32700.000005744365,298.54290166705,475
16355000,32710.000005746402,300.73010430935204,475
16360000,32720.00000574844,297.92293925054696,475
16365000,32730.000005750477,302.2663464143259,475
16370000,32740.000005752514,302.05612520690397,475
16375000,32750.00000575455,299.13956021811106,475
16380000,32760.00000575659,300.4808590767829,475
16385000,32770.00000575862,301.68023429952274,475
16390000,32780.00000576066,304.5990545011003,475
16395000,32790.0000057627,300.1588058471544,475
16400000,32800.000005764734,300.0614116087558,475
16405000,32810.00000576677,298.1628983128261,475
16410000,32820.00000576881,298.92237438297167,475
16415000,32830.000005770846,302.7460434395916,475
16420000,32840.00000577288,301.56342754323225,475
16425000,32850.00000577492,300.8921037610539,475
16430000,32860.00000577696,298.7326269700462,475
16435000,32870.000005778995,300.07235602374044,475
16440000,32880.00000578103,300.1063832048745,475
16445000,32890.00000578307,300.41085904073975,475
16450000,32900.00000578511,299.2261869209591,475
16455000,32910.000005787144,299.76485112756626,475
16460000,32920.00000578918,301.42316215199486,475
16465000,32930.00000579122,300.7198453021746,475
16470000,32940.000005793256,301.157223922833,475
16475000,32950.00000579529,301.03141842533296,475
16480000,32960.00000579733,297.771906323759,475
16485000,32970.00000579937,300.6134302126371,475
16490000,32980.000005801405,297.706726252295,475
16495000,32990.00000580344,300.0874128855678,475
16500000,33000.00000580548,301.6347099551725,475
16505000,33010.00000580752,301.6086202386435,475
16510000,33020.000005809554,298.7549358886714,475
16515000,33030.00000581159,298.9013920601021,475
16520000,33040.00000581363,298.80780072953655,475
16525000,33050.000005815666,301.78605242097007,475
16530000,33060.0000058177,301.5731780220367,475
16535000,33070.00000581974,302.59423666527954,475
16540000,33080.00000582178,301.1039168833826,475
16545000,33090.000005823815,301.02608993238084,475
16550000,33100.00000582585,298.7166193812606,475
16555000,33110.00000582789,300.53721728647145,475
16560000,33120.00000582993,299.2490485878159,475
16565000,33130.000005831964,300.939485339462,475
16570000,33140.000005834,300.48656343853247,475
16575000,33150.00000583604,301.36762200968906,475
16580000,33160.000005838076,304.0900175997041,475
16585000,33170.00000584011,300.67421040817806,475
16590000,33180.00000584215,301.6412544942341,475
16595000,33190.00000584419,300.4726562930267,475
16600000,33200.000005846225,300.3544123913342,475
16605000,33210.00000584826,302.03498811452954,475
16610000,33220.0000058503,298.56956624173984,475
16615000,33230.00000585234,300.48623178959355,475
16620000,33240.000005854374,300.8770468992265,475
16625000,33250.00000585641,298.9944085325068,475
16630000,33260.00000585845,298.32717508724187,475
16635000,33270.000005860486,299.437668394349,475
16640000,33280.00000586252,300.165107176994,475
16645000,33290.00000586456,302.85309971707755,475
16650000,33300.0000058666,300.19528723043646,475
16655000,33310.000005868635,300.5179816480136,475
16660000,33320.00000587067,299.8110829896528,475
16665000,33330.00000587271,300.6778806564355,475
16670000,33340.00000587475,301.64134293395114,475
16675000,33350.000005876784,299.64043855560965,475
16680000,33360.00000587882,300.5093808855307,475
16685000,33370.00000588086,301.7314630056225,475
16690000,33380.000005882895,301.6581022603316,475
16695000,33390.00000588493,304.86397567351617,475
16700000,33400.00000588697,301.3304109987413,475
16705000,33410.00000588901,298.8211993466693,475
16710000,33420.000005891045,300.6773500181332,475
16715000,33430.00000589308,302.9317005156036,475
16720000,33440.00000589512,300.9731366517986,475
16725000,33450.00000589716,299.67559334313603,475
16730000,33460.000005899194,297.7378128128372,475
16735000,33470.00000590123,298.1224150323476,475
16740000,33480.00000590327,302.1373791969413,475
16745000,33490.000005905305,299.9188025650167,475
16750000,33500.00000590734,302.1804493391435,475
16755000,33510.00000590938,302.4953168417619,475
16760000,33520.00000591142,298.20311627415344,475
16765000,33530.000005913455,298.16376060006735,475
16770000,33540.00000591549,299.69562493904726,475
16775000,33550.00000591753,299.19050149513043,475
16780000,33560.000005919566,298.65150563958434,475
16785000,33570.0000059216,301.4503352550577,475
16790000,33580.00000592364,298.60534010728554,475
16795000,33590.00000592568,300.99303558813426,475
16800000,33600.000005927715,299.17257034249906,475
16805000,33610.00000592975,301.1419459617131,475
16810000,33620.00000593179,300.7934713666166,475
16815000,33630.00000593383,298.97218805359864,475
16820000,33640.000005935864,301.54003523807313,475
16825000,33650.0000059379,301.7666177931489,475
16830000,33660.00000593994,299.465106816563,475
16835000,33670.000005941976,299.1632620622798,475
16840000,33680.00000594401,297.22408860643753,475
16845000,33690.00000594605,299.3141402195629,475
16850000,33700.00000594809,298.70938943439194,475
16855000,33710.000005950125,298.6856433703647,475
16860000,33720.00000595216,299.56336334220276,475
16865000,33730.0000059542,300.7091440964118,475
16870000,33740.00000595624,303.77702944107295,475
16875000,33750.000005958274,300.6602369328845,475
16880000,33760.00000596031,298.5333501776089,475
16885000,33770.00000596235,299.2622703255145,475
16890000,33780.000005964386,301.03172796434256,475
16895000,33790.00000596642,298.2186816643538,475
16900000,33800.00000596846,300.1740838082743,475
16905000,33810.0000059705,298.6645947177074,475
16910000,33820.000005972535,297.7028127948157,475
16915000,33830.00000597457,303.50733252393655,475
16920000,33840.00000597661,299.2077030200962,475
16925000,33850.00000597865,297.52383291744076,475
16930000,33860.000005980684,299.6045099205591,475
16935000,33870.00000598272,299.7069231129001,475
16940000,33880.00000598476,299.4072230217554,475
16945000,33890.000005986796,299.0779177353289,475
16950000,33900.00000598883,301.03442537571254,475
16955000,33910.00000599087,301.63762846583506,475
16960000,33920.00000599291,302.46250570673726,475
16965000,33930.000005994945,299.618770824933,475
16970000,33940.00000599698,299.439105539751,475
16975000,33950.00000599902,297.03805566162805,475
16980000,33960.00000600106,301.2268923099372,475
16985000,33970.000006003094,300.20017352480335,475
16990000,33980.00000600513,301.355549988312,475
16995000,33990.00000600717,299.52714727807177,475
17000000,34000.000006009206,299.9865252783458,475
17005000,34010.00000601124,299.603824512752,475
17010000,34020.00000601328,301.7463208780865,475
17015000,34030.00000601532,300.74518328110867,475
17020000,34040.000006017355,299.80902676623145,475
17025000,34050.00000601939,300.0956819991117,475
17030000,34060.00000602143,301.809179406978,475
17035000,34070.00000602347,300.3616202282736,475
17040000,34080.000006025504,301.66084389156003,475
17045000,34090.00000602754,302.4010401033893,475
17050000,34100.00000602958,298.82294603108096,475
17055000,34110.000006031616,301.30261881765915,475
17060000,34120.00000603365,302.27609689313033,475
17065000,34130.00000603569,299.6770083786088,475
17070000,34140.00000603773,301.8012861622315,475
17075000,34150.000006039765,301.8031212863603,475
17080000,34160.0000060418,301.78545545288,475
17085000,34170.00000604384,302.5282164165036,475
17090000,34180.00000604588,302.4207400503616,475
17095000,34190.000006047914,300.0014052607391,475
17100000,34200.00000604995,299.8269136990043,475
17105000,34210.00000605199,300.89811766181305,475
17110000,34220.000006054026,300.01458277857915,475
17115000,34230.00000605606,301.50744520234116,475
17120000,34240.0000060581,298.99719438359386,475
17125000,34250.00000606014,299.46037529170087,475
17130000,34260.000006062175,300.7806033877862,475
17135000,34270.00000606421,302.22962182182187,475
17140000,34280.00000606625,302.6460402295401,475
17145000,34290.00000606829,301.3811532863973,475
17150000,34300.000006070324,297.9852671411362,475
17155000,34310.00000607236,300.1786605636316,475
17160000,34320.0000060744,298.06873212409977,475
17165000,34330.000006076436,300.9754360844418,475
17170000,34340.00000607847,299.02783874555075,475
17175000,34350.00000608051,301.0881967236774,475
17180000,34360.00000608255,299.22167649538966,475
17185000,34370.000006084585,298.55974943314754,475
17190000,34380.00000608662,299.41241885513193,475
17195000,34390.00000608866,302.9904908175109,475
17200000,34400.0000060907,301.1922460507838,475
17205000,34410.000006092734,300.93176897414963,475
17210000,34420.00000609477,301.7992078288809,475
17215000,34430.00000609681,302.3981215927267,475
17220000,34440.000006098846,300.95060663388074,475
17225000,34450.00000610088,300.7119741673573,475
17230000,34460.00000610292,299.9408903843493,475
17235000,34470.00000610496,299.4165755218331,475
17240000,34480.000006106995,299.5409880937897,475
17245000,34490.00000610903,303.3242623096482,475
17250000,34500.00000611107,302.8180333692683,475
17255000,34510.00000611311,299.413104262939,475
17260000,34520.000006115144,301.50989940448926,475
17265000,34530.00000611718,302.9266152318733,475
17270000,34540.00000611922,301.25817785984276,475
17275000,34550.000006121256,301.82969742133304,475
17280000,34560.00000612329,299.23405805577636,475
17285000,34570.00000612533,304.30545675043186,475
17290000,34580.00000612737,301.2251456255255,475
17295000,34590.000006129405,300.7924985297291,475
17300000,34600.00000613144,301.8858787515875,475
17305000,34610.00000613348,301.37894229347114,475
17310000,34620.00000613552,297.4767166581837,475
17315000,34630.000006137554,301.5477294934563,475
17320000,34640.00000613959,299.7214714463544,475
17325000,34650.00000614163,301.93505123426587,475
17330000,34660.000006143666,304.60986625650935,475
17335000,34670.0000061457,300.09709703458446,475
17340000,34680.00000614774,299.5308396362585,475
17345000,34690.00000614978,301.7390246014301,475
17350000,34700.000006151815,300.31633909314525,475
17355000,34710.00000615385,301.3262543320401,475
17360000,34720.00000615589,299.3279368154222,475
17365000,34730.00000615793,300.89650363697695,475
17370000,34740.000006159964,298.84793025114686,475
17375000,34750.000006162,299.1264932499173,475
17380000,34760.00000616404,298.64042856502414,475
17385000,34770.000006166076,300.21963026255384,475
17390000,34780.00000616811,299.6811871552393,475
17395000,34790.00000617015,300.9331840096224,475
17400000,34800.00000617219,302.32913861342956,475
17405000,34810.000006174225,300.0111336296143,475
17410000,34820.00000617626,302.32989035102446,475
17415000,34830.0000061783,301.4471735351733,475
17420000,34840.00000618034,300.2994913270477,475
17425000,34850.000006182374,301.717401090612,475
17430000,34860.00000618441,296.5715361542025,475
17435000,34870.00000618645,300.4204326401102,475
17440000,34880.000006188486,300.1266359000783,475
17445000,34890.00000619052,302.30583474798755,475
17450000,34900.00000619256,300.89831665117646,475
17455000,34910.0000061946,299.3488085886455,475
17460000,34920.000006196635,301.35333899538585,475
17465000,34930.00000619867,301.1564279653796,475
17470000,34940.00000620071,301.80922362683657,475
17475000,34950.00000620275,301.88057236856463,475
17480000,34960.000006204784,302.60697198453437,475
17485000,34970.00000620682,300.4348040941304,475
17490000,34980.00000620886,300.4933954066744,475
17495000,34990.000006210896,298.71885248411604,475
17500000,35000.00000621293,301.34789995278743,475
17505000,35010.00000621497,301.07919798246786,475
17510000,35020.00000621701,297.54631871550015,475
17515000,35030.000006219045,300.86134884945056,475
17520000,35040.00000622108,299.8486035396102,475
17525000,35050.00000622312,301.39519309147863,475
17530000,35060.00000622516,301.7561819065373,475
17535000,35070.000006227194,298.76829028594557,475
17540000,35080.00000622923,302.7192683152554,475
17545000,35090.00000623127,300.1777540565318,475
17550000,35100.000006233306,299.31900440400045,475
17555000,35110.00000623534,299.04333780596335,475
17560000,35120.00000623738,299.07674590907806,475
17565000,35130.00000623942,301.09615629821167,475
17570000,35140.000006241455,300.8135692923156,475
17575000,35150.00000624349,301.9411093548837,475
17580000,35160.00000624553,301.59734417472,475
17585000,35170.00000624757,300.14131689310824,475
17590000,35180.000006249604,297.696423025259,475
17595000,35190.00000625164,301.65043011487774,475
17600000,35200.00000625368,298.83780390354497,475
17605000,35210.000006255716,300.0370022468507,475
17610000,35220.00000625775,298.7393926084003,475
17615000,35230.00000625979,298.4291460809976,475
17620000,35240.00000626183,298.8594716342216,475
17625000,35250.000006263865,300.533126949558,475
17630000,35260.0000062659,300.2972803341215,475
17635000,35270.00000626794,299.6666830416435,475
17640000,35280.00000626998,299.162687204119,475
17645000,35290.000006272014,301.49130495398,475
17650000,35300.00000627405,300.61530955662437,475
17655000,35310.00000627609,301.5570819935341,475
17660000,35320.000006278126,299.6241877576022,475
17665000,35330.00000628016,298.43496099239354,475
17670000,35340.0000062822,298.1461168765164,475
17675000,35350.00000628424,299.4707227385955,475
17680000,35360.000006286275,299.19779777178684,475
17685000,35370.00000628831,298.7295979097373,475
17690000,35380.00000629035,298.56142978777143,475
17695000,35390.00000629239,298.68347659729704,475
17700000,35400.000006294424,300.3224414336215,475
17705000,35410.00000629646,300.7489640790124,475
17710000,35420.0000062985,301.3719113359659,475
17715000,35430.000006300535,299.3143170989969,475
17720000,35440.00000630257,301.5041287129519,475
17725000,35450.00000630461,301.3942865843789,475
17730000,35460.00000630665,300.7508434229997,475
17735000,35470.000006308685,302.45803950102635,475
17740000,35480.00000631072,299.6480001514172,475
17745000,35490.00000631276,300.9083545590613,475
17750000,35500.000006314796,303.67638504307286,475
17755000,35510.00000631683,298.9039568118965,475
17760000,35520.00000631887,300.2162253334475,475
17765000,35530.00000632091,301.1690969548466,475
17770000,35540.000006322945,300.02263079283045,475
17775000,35550.00000632498,295.7930013250332,475
17780000,35560.00000632702,299.61631662278495,475
17785000,35570.00000632906,301.1216269367214,475
17790000,35580.000006331094,299.74506274087685,475
17795000,35590.00000633313,301.8583739995857,475
17800000,35600.00000633517,302.0948175831122,475
17805000,35610.000006337206,301.77860137480883,475
17810000,35620.00000633924,296.89151105048035,475
17815000,35630.00000634128,300.6280006560207,475
17820000,35640.00000634332,301.48024998934903,475
17825000,35650.000006345355,301.67052804057676,475
17830000,35660.00000634739,300.41528102659214,475
17835000,35670.00000634943,301.54934351829246,475
17840000,35680.00000635147,299.9838720868344,475
17845000,35690.000006353504,301.83308024051007,475
17850000,35700.00000635554,301.7866936089187,475
17855000,35710.00000635758,298.5970267738831,475
17860000,35720.000006359616,299.147320803282,475
17865000,35730.00000636165,299.15499294873587,475
17870000,35740.00000636369,298.2229267707721,475
17875000,35750.00000636573,302.0635541431359,475
17880000,35760.000006367765,302.1288889841048,475
17885000,35770.0000063698,299.10568780648185,475
17890000,35780.00000637184,300.35728668213824,475
17895000,35790.00000637388,302.8431060290512,475
17900000,35800.000006375914,298.49273423755477,475
17905000,35810.00000637795,301.1312447559503,475
17910000,35820.00000637999,300.7415130328512,475
17915000,35830.000006382026,301.79699683595476,475
17920000,35840.00000638406,299.0962026468285,475
17925000,35850.0000063861,302.54044320738535,475
17930000,35860.00000638814,299.4415155220405,475
17935000,35870.000006390175,300.06253921514815,475
17940000,35880.00000639221,299.7755081134705,475
17945000,35890.00000639425,300.61018005303566,475
17950000,35900.00000639629,298.84319872628487,475
17955000,35910.000006398324,299.7432497266774,475
17960000,35920.00000640036,298.25109482065176,475
17965000,35930.0000064024,301.8983487516912,475
17970000,35940.000006404436,300.24795308193825,475
17975000,35950.00000640647,299.9856187712461,475
17980000,35960.00000640851,302.3634090037855,475
17985000,35970.00000641055,299.43141128436787,475
17990000,35980.000006412585,300.9373627862529,475
17995000,35990.00000641462,301.53203144368035,475
18000000,36000.00000641666,298.4569161521506,475
18005000,36010.0000064187,298.90010968420495,475
18010000,36020.000006420734,303.1105256234736,475
18015000,36030.00000642277,301.70378137418663,475
18020000,36040.00000642481,299.00141738008284,475
18025000,36050.000006426846,300.3226625329142,475
18030000,36060.00000642888,301.9549501706016,475
18035000,36070.00000643092,302.96535182794014,475
18040000,36080.00000643296,299.7803059681203,475
18045000,36090.000006434995,301.76896144565063,475
18050000,36100.00000643703,302.98668790967787,475
18055000,36110.00000643907,301.42249885411707,475
18060000,36120.00000644111,300.5995451770607,475
18065000,36130.000006443144,299.13308200883733,475
18070000,36140.00000644518,301.61127343015494,475
18075000,36150.00000644722,297.5619946553468,475
18080000,36160.000006449256,299.798436110115,475
18085000,36170.00000645129,300.80642778516403,475
18090000,36180.00000645333,299.93029972823285,475
18095000,36190.00000645537,301.36934658417147,475
18100000,36200.000006457405,302.3031373366176,475
18105000,36210.00000645944,300.103730013363,475
18110000,36220.00000646148,300.8802749488987,475
18115000,36230.00000646352,302.40694345450214,475
18120000,36240.000006465554,299.5070493523727,475
18125000,36250.00000646759,299.3077283400769,475
18130000,36260.00000646963,301.7173568707534,475
18135000,36270.000006471666,299.8310040359178,475
18140000,36280.0000064737,298.25281939513417,475
18145000,36290.00000647574,299.8765726001265,475
18150000,36300.00000647778,300.508474378431,475
18155000,36310.000006479815,299.07389372820325,475
18160000,36320.00000648185,300.29498090147825,475
18165000,36330.00000648389,298.8636946307106,475
18170000,36340.00000648593,300.50778897062384,475
18175000,36350.000006487964,300.10525559848213,475
18180000,36360.00000649,301.71072389197485,475
18185000,36370.00000649204,301.595155291723,475
18190000,36380.000006494076,300.78515803321415,475
18195000,36390.00000649611,300.81668679234156,475
18200000,36400.00000649815,301.77318444213967,475
18205000,36410.00000650019,301.1048012805531,475
18210000,36420.000006502225,299.8567178836493,475
18215000,36430.00000650426,300.636557198645,475
18220000,36440.0000065063,299.92892891261863,475
18225000,36450.00000650834,301.81068288216784,475
18230000,36460.000006510374,299.65817071887767,475
18235000,36470.00000651241,301.68684516837203,475
18240000,36480.00000651445,298.9956466885455,475
18245000,36490.000006516486,302.8056518088816,475
18250000,36500.00000651852,299.487150416037,475
18255000,36510.00000652056,299.7736508794125,475
18260000,36520.0000065226,302.87069922077,475
18265000,36530.000006524635,299.9426812886195,475
18270000,36540.00000652667,298.34924079664523,475
18275000,36550.00000652871,300.8238504094224,475
18280000,36560.00000653075,300.2416075322401,475
18285000,36570.000006532784,300.80182891987755,475
18290000,36580.00000653482,301.3287969739052,475
18295000,36590.00000653686,299.8344531848826,475
18300000,36600.000006538896,301.0992074684499,475
18305000,36610.00000654093,301.26604899465997,475
18310000,36620.00000654297,299.87891625262824,475
18315000,36630.00000654501,302.62262581445174,475
18320000,36640.000006547045,301.1236831601428,475
18325000,36650.00000654908,299.5387771008635,475
18330000,36660.00000655112,303.418804367172,475
18335000,36670.00000655316,299.9552839482988,475
18340000,36680.000006555194,302.7688166667313,475
18345000,36690.00000655723,301.3194665837567,475
18350000,36700.00000655927,301.2508815831863,475
18355000,36710.000006561306,298.97161319543784,475
18360000,36720.00000656334,301.87471323731023,475
18365000,36730.00000656538,300.83132356551295,475
18370000,36740.00000656742,302.0436109869417,475
18375000,36750.000006569455,301.8157018361103,475
18380000,36760.00000657149,302.2140785415508,475
18385000,36770.00000657353,301.9193752944192,475
18390000,36780.00000657557,299.1542854309995,475
18395000,36790.000006577604,298.1740417171741,475
18400000,36800.00000657964,301.7446184135333,475
18405000,36810.00000658168,299.7755302233997,475
18410000,36820.000006583716,301.4012291021671,475
18415000,36830.00000658575,299.84300972750697,475
18420000,36840.00000658779,298.5916319511432,475
18425000,36850.00000658983,302.43374068876756,475
18430000,36860.000006591865,300.12338574047686,475
18435000,36870.0000065939,299.4035969933564,475
18440000,36880.00000659594,300.04476283202166,475
18445000,36890.00000659798,302.5860559914526,475
18450000,36900.000006600014,302.02946063221407,475
18455000,36910.00000660205,299.9964747465137,475
18460000,36920.00000660409,299.8592826354437,475
18465000,36930.000006606126,297.16257878323097,475
18470000,36940.00000660816,299.4151383764311,475
18475000,36950.0000066102,299.67771589634515,475
18480000,36960.00000661224,301.41911603494,475
18485000,36970.000006614275,298.11533985498386,475
18490000,36980.00000661631,301.4919903617871,475
18495000,36990.00000661835,300.1846523544615,475
18500000,37000.00000662039,299.6192572433768,475
18505000,37010.000006622424,302.2309705275069,475
18510000,37020.00000662446,300.8652401970007,475
18515000,37030.0000066265,300.2050819290995,475
18520000,37040.000006628536,301.8739393897861,475
18525000,37050.00000663057,299.8088719967266,475
18530000,37060.00000663261,301.49654500721505,475
18535000,37070.00000663465,298.38275944940625,475
18540000,37080.000006636685,301.69798857272,475
18545000,37090.00000663872,302.4039807239811,475
18550000,37100.00000664076,302.02802348681206,475
18555000,37110.0000066428,299.54089965407263,475
18560000,37120.000006644834,297.9829455985637,475
18565000,37130.00000664687,298.71871982454047,475
18570000,37140.00000664891,301.1584841888009,475
18575000,37150.000006650946,298.33769941357053,475
18580000,37160.00000665298,303.4110658919303,475
18585000,37170.00000665502,299.96089987033133,475
18590000,37180.00000665706,300.5376594850567,475
18595000,37190.000006659095,300.936611048658,475
18600000,37200.00000666113,301.6701079519208,475
18605000,37210.00000666317,299.3836759470915,475
18610000,37220.00000666521,299.3187611947786,475
18615000,37230.000006667244,300.1664116628205,475
18620000,37240.00000666928,300.14007873706953,475
18625000,37250.00000667132,298.8148095771126,475
18630000,37260.000006673356,302.3040659536466,475
18635000,37270.00000667539,300.2798798197924,475
18640000,37280.00000667743,302.7947737236847,475
18645000,37290.00000667947,300.40712246269453,475
18650000,37300.000006681505,300.4273972678277,475
18655000,37310.00000668354,302.64601811961086,475
18660000,37320.00000668558,301.42362646050935,475
18665000,37330.00000668762,299.4953531997932,475
18670000,37340.000006689654,300.7927638488802,475
18675000,37350.00000669169,302.1463337182924,475
18680000,37360.00000669373,301.4639991913416,475
18685000,37370.000006695765,299.88506281296304,475
18690000,37380.0000066978,300.1341090561689,475
18695000,37390.00000669984,300.2325866811013,475
18700000,37400.00000670188,301.4760933226478,475
18705000,37410.000006703915,301.5864660895231,475
18710000,37420.00000670595,301.02593516287595,475
18715000,37430.00000670799,300.0532530448582,475
18720000,37440.000006710026,297.7319757915121,475
18725000,37450.00000671206,300.3077383306624,475
18730000,37460.0000067141,299.78968057812733,475
18735000,37470.00000671614,298.86849248536043,475
18740000,37480.000006718175,299.85130095098015,475
18745000,37490.00000672021,299.9511715014561,475
18750000,37500.00000672225,300.35273203671034,475
18755000,37510.00000672429,296.6789240806274,475
18760000,37520.000006726325,302.50095487372363,475
18765000,37530.00000672836,300.19190441125943,475
18770000,37540.0000067304,300.7856002317993,475
18775000,37550.000006732436,299.6092193354919,475
18780000,37560.00000673447,302.21436597063115,475
18785000,37570.00000673651,300.25845529833765,475
18790000,37580.00000673855,297.22895279087516,475
18795000,37590.000006740585,301.7438666759384,475
18800000,37600.00000674262,299.8781424051041,475
18805000,37610.00000674466,300.83972533863243,475
18810000,37620.0000067467,301.6950921719867,475
18815000,37630.000006748734,298.7775985661649,475
18820000,37640.00000675077,300.39889756900914,475
18825000,37650.00000675281,299.79551759945247,475
18830000,37660.000006754846,298.0048123186037,475
18835000,37670.00000675688,301.70727474301003,475
18840000,37680.00000675892,299.6789319424546,475
18845000,37690.00000676096,297.4440160728054,475
18850000,37700.000006762995,301.5540971530837,475
18855000,37710.00000676503,301.6119809478913,475
18860000,37720.00000676707,301.736150310626,475
18865000,37730.00000676911,302.40572740839275,475
18870000,37740.000006771144,301.5724926142296,475
18875000,37750.00000677318,298.3534859030635,475
18880000,37760.00000677522,301.2050255898972,475
18885000,37770.000006777256,299.8966926357548,475
18890000,37780.00000677929,299.46404553995836,475
18895000,37790.00000678133,302.61404716189816,475
18900000,37800.00000678337,299.815151216637,475
18905000,37810.000006785405,299.20891906620557,475
18910000,37820.00000678744,300.8030228560577,475
18915000,37830.00000678948,302.32458396800166,475
18920000,37840.00000679152,300.49374916554257,475
18925000,37850.000006793554,300.58406822657736,475
18930000,37860.00000679559,301.7348900446581,475
18935000,37870.00000679763,299.94126625314675,475
18940000,37880.000006799666,298.17738031649264,475
18945000,37890.0000068017,299.13776931384086,475
18950000,37900.00000680374,299.45206195829843,475
18955000,37910.00000680578,301.00287450665587,475
18960000,37920.000006807815,301.0993401280254,475
18965000,37930.00000680985,301.73287804109526,475
18970000,37940.00000681189,298.5300779080781,475
18975000,37950.00000681393,298.3218465942898,475
18980000,37960.000006815964,303.64229153215103,475
18985000,37970.000006818,297.9306113960008,475
18990000,37980.00000682004,300.7205528199109,475
18995000,37990.000006822076,298.27141384564345,475
19000000,38000.00000682411,299.0111457489581,475
19005000,38010.00000682615,301.95640942593286,475
19010000,38020.00000682819,300.9064088852862,475
19015000,38030.000006830225,302.4291197135518,475
19020000,38040.00000683226,301.9313367661499,475
19025000,38050.0000068343,301.4956606100446,475
19030000,38060.00000683634,301.80546493886203,475
19035000,38070.000006838374,300.96035711268524,475
19040000,38080.00000684041,299.2888685704165,475
19045000,38090.00000684245,300.3886606717608,475
19050000,38100.000006844486,298.6616319871863,475
19055000,38110.00000684652,299.1563416544208,475
19060000,38120.00000684856,300.71672780214857,475
19065000,38130.0000068506,300.39297210796695,475
19070000,38140.000006852635,300.7240461887343,475
19075000,38150.00000685467,300.8092357461803,475
19080000,38160.00000685671,301.4002783752088,475
19085000,38170.00000685875,302.97833035641685,475
19090000,38180.000006860784,302.63001053082525,475
19095000,38190.00000686282,299.6587455770385,475
19100000,38200.00000686486,301.26348424286556,475
19105000,38210.000006866896,299.8297879898084,475
19110000,38220.00000686893,301.4488981096557,475
19115000,38230.00000687097,300.653692393823,475
19120000,38240.00000687301,299.2043644207776,475
19125000,38250.000006875045,299.8734772100298,475
19130000,38260.00000687708,298.7850053924676,475
19135000,38270.00000687912,300.8748801261588,475
19140000,38280.00000688116,302.36495669883385,475
19145000,38290.000006883194,296.6067572715166,475
19150000,38300.00000688523,299.53194513272166,475
19155000,38310.00000688727,299.5000847246552,475
19160000,38320.000006889306,302.7169688826122,475
19165000,38330.00000689134,299.8540646921379,475
19170000,38340.00000689338,300.7660108344734,475
19175000,38350.00000689542,299.9714905264477,475
19180000,38360.000006897455,301.37867697431994,475
19185000,38370.00000689949,303.7878633064113,475
19190000,38380.00000690153,301.57755578803057,475
19195000,38390.00000690357,300.2402809364844,475
19200000,38400.000006905604,299.601547190038,475
19205000,38410.00000690764,298.72579500190426,475
19210000,38420.00000690968,297.1343222936343,475
19215000,38430.000006911716,300.24625061738516,475
19220000,38440.00000691375,297.4414734309403,475
19225000,38450.00000691579,300.1605304216368,475
19230000,38460.00000691783,299.4524157171666,475
19235000,38470.000006919865,300.80406202273304,475
19240000,38480.0000069219,300.49664556627584,475
19245000,38490.00000692394,300.74536016054276,475
19250000,38500.00000692598,299.80091242219237,475
19255000,38510.000006928014,300.5980638118001,475
19260000,38520.00000693005,301.3081905198331,475
19265000,38530.00000693209,300.28016724887283,475
19270000,38540.000006934126,301.81928364465074,475
19275000,38550.00000693616,298.69227634914324,475
19280000,38560.0000069382,301.9293689824456,475
19285000,38570.00000694024,302.209789215274,475
19290000,38580.000006942275,298.9717900748719,475
19295000,38590.00000694431,301.2578241009746,475
19300000,38600.00000694635,299.0451950400214,475
19305000,38610.00000694839,298.7886314208665,475
19310000,38620.000006950424,301.9866779190924,475
19315000,38630.00000695246,300.58137081520744,475
19320000,38640.0000069545,300.74995902582924,475
19325000,38650.000006956536,301.01490230817427,475
19330000,38660.00000695857,302.35421127321257,475
19335000,38670.00000696061,300.56306379377855,475
19340000,38680.00000696265,300.53091595663176,475
19345000,38690.000006964685,303.4739465307511,475
19350000,38700.00000696672,297.2205510177556,475
19355000,38710.00000696876,303.02706064051006,475
19360000,38720.0000069708,298.32498620424496,475
19365000,38730.000006972834,301.1024797379806,475
19370000,38740.00000697487,301.69767903371036,475
19375000,38750.00000697691,300.94403998489,475
19380000,38760.000006978946,300.96402736094274,475
19385000,38770.00000698098,299.1438937642464,475
19390000,38780.00000698302,301.49955195759463,475
19395000,38790.00000698506,301.3578494209553,475
19400000,38800.000006987095,301.0440874148,475
19405000,38810.00000698913,299.01899477384603,475
19410000,38820.00000699117,297.86346354083247,475
19415000,38830.00000699321,299.259020165913,475
19420000,38840.000006995244,302.29298887908647,475
19425000,38850.00000699728,302.7776164185775,475
19430000,38860.00000699932,301.6217535366251,475
19435000,38870.000007001356,298.62674251881106,475
19440000,38880.00000700339,300.31443763922874,475
19445000,38890.00000700543,303.1604719536762,475
19450000,38900.00000700747,299.8064620144371,475
19455000,38910.000007009505,298.4062844141408,475
19460000,38920.00000701154,299.6234802398658,475
19465000,38930.00000701358,299.27348005965024,475
19470000,38940.00000701562,299.82010384079166,475
19475000,38950.000007017654,298.8272353573578,475
19480000,38960.00000701969,300.05866997752736,475
19485000,38970.00000702173,301.3520566194887,475
19490000,38980.000007023766,300.8209761186184,475
19495000,38990.0000070258,299.0936157851049,475
19500000,39000.00000702784,299.9455997992821,475
19505000,39010.00000702988,299.2239538181036,475
19510000,39020.000007031915,303.1052855702386,475
19515000,39030.00000703395,300.7050316495691,475
19520000,39040.00000703599,300.6165034928045,475
19525000,39050.00000703803,303.1228408540725,475
19530000,39060.000007040064,297.937885562728,475
19535000,39070.0000070421,300.25151278054943,475
19540000,39080.00000704414,298.1503177630761,475
19545000,39090.000007046176,299.26576369433786,475
19550000,39100.00000704821,301.3709163891491,475
19555000,39110.00000705025,301.60753685210966,475
19560000,39120.00000705229,301.115347716811,475
19565000,39130.000007054325,300.8035092745015,475
19570000,39140.00000705636,298.1949798201851,475
19575000,39150.0000070584,299.68740004536187,475
19580000,39160.00000706044,297.47841912273685,475
19585000,39170.000007062474,299.59444990274494,475
19590000,39180.00000706451,301.60041745488735,475
19595000,39190.00000706655,300.0607483108779,475
19600000,39200.000007068586,302.43225932350697,475
19605000,39210.00000707062,302.7452917019967,475
19610000,39220.00000707266,301.1479156426138,475
19615000,39230.0000070747,300.4661117539652,475
19620000,39240.000007076735,299.04280716766107,475
19625000,39250.00000707877,300.8124859057818,475
19630000,39260.00000708081,300.34632015722434,475
19635000,39270.00000708285,298.00271187532377,475
19640000,39280.000007084884,299.19523301999243,475
19645000,39290.00000708692,301.0491505886009,475
19650000,39300.00000708896,300.0508651724979,475
19655000,39310.000007090995,300.826348831429,475
19660000,39320.00000709303,300.8005907638389,475
19665000,39330.00000709507,298.28434815426164,475
19670000,39340.00000709711,299.82722323801397,475
19675000,39350.000007099145,301.8463019782087,475
19680000,39360.00000710118,300.7232944511394,475
19685000,39370.00000710322,300.3587459374695,475
19690000,39380.00000710526,299.82912469193053,475
19695000,39390.000007107294,298.8938304642945,475
19700000,39400.00000710933,300.59483576212784,475
19705000,39410.00000711137,302.9742621294327,475
19710000,39420.000007113405,299.0777850757534,475
19715000,39430.00000711544,301.50461513139567,475
19720000,39440.00000711748,297.9827687191296,475
19725000,39450.00000711952,297.7802417670908,475
19730000,39460.000007121555,301.0482883013597,475
19735000,39470.00000712359,298.5142914185852,475
19740000,39480.00000712563,300.70764062122197,475
19745000,39490.000007127666,299.21163858750475,475
19750000,39500.0000071297,301.1866301287513,475
19755000,39510.00000713174,301.7041572429841,475
19760000,39520.00000713378,296.9780050937528,475
19765000,39530.000007135815,298.93130679439344,475
19770000,39540.00000713785,299.4102078622057,475
19775000,39550.00000713989,301.30947289573027,475
19780000,39560.00000714193,299.0692506430583,475
19785000,39570.000007143964,300.968184027644,475
19790000,39580.000007146,300.8144757994154,475
19795000,39590.00000714804,298.0016063788607,475
19800000,39600.000007150076,299.54465834204717,475
19805000,39610.00000715211,302.13132107632356,475
19810000,39620.00000715415,300.79360402619216,475
19815000,39630.00000715619,299.2600593325883,475
19820000,39640.000007158225,304.5716602987448,475
19825000,39650.00000716026,299.31865064513227,475
19830000,39660.0000071623,297.30299894397314,475
19835000,39670.00000716434,301.5131053442322,475
19840000,39680.000007166374,298.9159403935564,475
19845000,39690.00000716841,300.15652852444043,475
19850000,39700.00000717045,299.33773151408525,475
19855000,39710.000007172486,298.9053276275107,475
19860000,39720.00000717452,304.02172002821413,475
19865000,39730.00000717656,302.6333049102853,475
19870000,39740.0000071786,300.50741310182644,475
19875000,39750.000007180635,299.74745061323716,475
19880000,39760.00000718267,300.68897984092496,475
19885000,39770.00000718471,299.84035653599557,475
19890000,39780.00000718675,299.125962611615,475
19895000,39790.000007188784,300.8415383528319,475
19900000,39800.00000719082,302.09778031363334,475
19905000,39810.00000719286,299.9806882570207,475
19910000,39820.000007194896,300.4029215761348,475
19915000,39830.00000719693,299.94184111130755,475
19920000,39840.00000719897,304.0375728474949,475
19925000,39850.00000720101,302.5408190761828,475
19930000,39860.000007203045,300.28808260354856,475
19935000,39870.00000720508,299.7136224214665,475
19940000,39880.00000720712,298.08836574128435,475
19945000,39890.00000720916,299.87701479871174,475
19950000,39900.000007211194,301.23394537737175,475
19955000,39910.00000721323,299.7656691949489,475
19960000,39920.00000721527,300.6907486352659,475
19965000,39930.000007217306,299.6296710200591,475
19970000,39940.00000721934,301.44463089330816,475
19975000,39950.00000722138,301.3217660163999,475
19980000,39960.00000722342,299.13261770032284,475
19985000,39970.000007225455,299.82516701459264,475
19990000,39980.00000722749,299.9415757921564,475
19995000,39990.00000722953,300.85418523236973,475
20000000,40000.00000723157,298.8064520238516,475
20005000,40010.000007233604,300.46544845608736,475
20010000,40020.00000723564,298.45808797840147,475
20015000,40030.00000723768,300.31065684132494,475
20020000,40040.000007239716,300.3947851221664,475
20025000,40050.00000724175,299.6478896017709,475
20030000,40060.00000724379,300.71856292627734,475
20035000,40070.00000724583,300.91127306972385,475
20040000,40080.000007247865,301.0151012975377,475
20045000,40090.0000072499,298.3482900696869,475
20050000,40100.00000725194,301.06462753908426,475
20055000,40110.00000725398,301.173850589638,475
20060000,40120.000007256014,303.02277131423324,475
20065000,40130.00000725805,302.15102102329587,475
20070000,40140.00000726009,301.0782251455803,475
20075000,40150.000007262126,301.96657999339334,475
20080000,40160.00000726416,301.18410959681546,475
20085000,40170.0000072662,301.0154108365473,475
20090000,40180.00000726824,299.94469329218236,475
20095000,40190.000007270275,299.77973110995947,475
20100000,40200.00000727231,299.92583352252194,475
20105000,40210.00000727435,300.25891960685215,475
20110000,40220.00000727639,302.14814673249185,475
20115000,40230.000007278424,300.8978081228034,475
20120000,40240.00000728046,300.5286386339178,475
20125000,40250.0000072825,303.981435737099,475
20130000,40260.000007284536,299.83889728066424,475
20135000,40270.00000728657,301.20193019980053,475
20140000,40280.00000728861,300.5699178718497,475
20145000,40290.00000729065,299.5883917821272,475
20150000,40300.000007292685,298.7819100023709,475
20155000,40310.00000729472,301.80303284664325,475
20160000,40320.00000729676,302.9379355156554,475
20165000,40330.0000072988,299.0790674516506,475
20170000,40340.000007300834,301.3631336940489,475
20175000,40350.00000730287,301.8373916767162,475
20180000,40360.00000730491,301.02478544655435,475
20185000,40370.000007306946,302.47922081325925,475
20190000,40380.00000730898,299.755542847347,475
20195000,40390.00000731102,298.78270595982434,475
20200000,40400.00000731306,300.73342079874135,475
20205000,40410.000007315095,298.28419338475675,475
20210000,40420.00000731713,298.8730029109298,475
20215000,40430.00000731917,300.14976288608625,475
20220000,40440.00000732121,298.2144365579356,475
20225000,40450.000007323244,303.00899682830305,475
20230000,40460.00000732528,303.3491359800678,475
20235000,40470.00000732732,300.74429888393814,475
20240000,40480.000007329356,299.7296521201813,475
20245000,40490.00000733139,300.3077383306624,475
20250000,40500.00000733343,299.3748983051745,475
20255000,40510.00000733547,300.4561180659389,475
20260000,40520.000007337505,302.48905973178074,475
20265000,40530.00000733954,301.09849995071346,475
20270000,40540.00000734158,300.1356125313587,475
20275000,40550.00000734362,299.648486569861,475
20280000,40560.000007345654,302.13753396644614,475
20285000,40570.00000734769,299.4854921713424,475
20290000,40580.00000734973,300.6302779787346,475
20295000,40590.000007351766,303.28694074905417,475
20300000,40600.0000073538,301.01777659897834,475
20305000,40610.00000735584,303.02157737805305,475
20310000,40620.00000735788,302.61236680727427,475
20315000,40630.000007359915,302.28686442868093,475
20320000,40640.00000736195,304.4959559009522,475
20325000,40650.00000736399,300.3093523554985,475
20330000,40660.00000736603,302.0632446041263,475
20335000,40670.000007368064,297.6150805955046,475
20340000,40680.0000073701,298.5746515254701,475
20345000,40690.00000737214,304.3297776726199,475
20350000,40700.000007374176,303.8572221545058,475
20355000,40710.00000737621,300.7016046105335,475
20360000,40720.00000737825,300.9693116340363,475
20365000,40730.00000738029,299.3336632871011,475
20370000,40740.000007382325,299.70004692489965,475
20375000,40750.00000738436,301.36205030751506,475
20380000,40760.0000073864,297.56002687164244,475
20385000,40770.00000738844,297.7970453133298,475
20390000,40780.000007390474,300.87576452332934,475
20395000,40790.00000739251,300.7096305148556,475
20400000,40800.00000739455,301.29806417223114,475
20405000,40810.000007396586,299.7584613580095,475
20410000,40820.00000739862,303.00243017931234,475
20415000,40830.00000740066,299.3685306455471,475
20420000,40840.0000074027,300.78113402608847,475
20425000,40850.000007404735,300.5648546980488,475
20430000,40860.00000740677,302.08495655466146,475
20435000,40870.00000740881,302.2578562014893,475
20440000,40880.00000741085,300.79946315744655,475
20445000,40890.000007412884,298.4419919498988,475
20450000,40900.00000741492,297.2288422412288,475
20455000,40910.00000741696,299.4229652913898,475
20460000,40920.000007418996,297.86383940963,475
20465000,40930.00000742103,299.81236536555,475
20470000,40940.00000742307,301.02903055297264,475
20475000,40950.00000742511,297.0489779666834,475
20480000,40960.000007427145,300.5678616484284,475
20485000,40970.00000742918,297.7856365898307,475
20490000,40980.00000743122,301.00842409890055,475
20495000,40990.00000743326,301.666747242673,475
20500000,41000.000007435294,302.2387090027485,475
20505000,41010.00000743733,299.9894216790791,475
20510000,41020.00000743937,299.6444625627353,475
20515000,41030.000007441406,299.53196724265086,475
20520000,41040.00000744344,300.15504715917984,475
20525000,41050.00000744548,302.4740913096705,475
20530000,41060.00000744752,300.43560005158383,475
20535000,41070.000007449555,300.5614055490839,475
20540000,41080.00000745159,301.1239705892231,475
20545000,41090.00000745363,300.01648423249566,475
20550000,41100.00000745567,301.67338022145157,475
20555000,41110.000007457704,300.3212253875122,475
20560000,41120.00000745974,301.6266177210627,475
20565000,41130.00000746178,297.98287926877595,475
20570000,41140.000007463816,299.1579114593984,475
20575000,41150.00000746585,301.0933704471247,475
20580000,41160.00000746789,299.46607965345044,475
20585000,41170.00000746993,299.1912753426546,475
20590000,41180.000007471965,300.7141851602835,475
20595000,41190.000007474,301.4289328435322,475
20600000,41200.00000747604,297.46714305881335,475
20605000,41210.00000747808,301.97002914235816,475
20610000,41220.000007480114,302.4969971963858,475
20615000,41230.00000748215,301.1981051820382,475
20620000,41240.00000748419,301.3332189597576,475
20625000,41250.000007486226,300.56109601007427,475
20630000,41260.00000748826,299.36114592917363,475
20635000,41270.0000074903,300.3421413805939,475
20640000,41280.00000749234,298.6850685122039,475
20645000,41290.000007494375,300.1141216801161,475
20650000,41300.00000749641,300.25454184085834,475
20655000,41310.00000749845,298.6182744159038,475
20660000,41320.00000750049,296.76813764519903,475
20665000,41330.000007502524,300.26451341895546,475
20670000,41340.00000750456,299.2833853079596,475
20675000,41350.0000075066,298.234821912715,475
20680000,41360.000007508635,300.58866709186384,475
20685000,41370.00000751067,298.72785122532565,475
20690000,41380.00000751271,300.2176624788495,475
20695000,41390.00000751475,299.4607511604984,475
20700000,41400.000007516785,301.72014272184043,475
20705000,41410.00000751882,301.8855692125778,475
20710000,41420.00000752086,298.93928847885695,475
20715000,41430.000007522896,299.7938814646871,475
20720000,41440.00000752493,301.1963806075558,475
20725000,41450.00000752697,300.2460295180925,475
20730000,41460.00000752901,301.63709782753284,475
20735000,41470.000007531045,299.2535590133853,475
20740000,41480.00000753308,299.95860043768806,475
20745000,41490.00000753512,301.0255814040078,475
20750000,41500.00000753716,299.80500275910583,475
20755000,41510.000007539194,299.5743298671166,475
20760000,41520.00000754123,300.1777982763904,475
20765000,41530.00000754327,301.96983015299486,475
20770000,41540.000007545306,299.81298444356935,475
20775000,41550.00000754734,298.3604063109225,475
20780000,41560.00000754938,299.450248944099,475
20785000,41570.00000755142,300.9780008362362,475
20790000,41580.000007553455,299.10186278871953,475
20795000,41590.00000755549,299.4731548308143,475
20800000,41600.00000755753,300.35341744451745,475
20805000,41610.00000755957,302.2720286661462,475
20810000,41620.000007561604,302.57234783531027,475
20815000,41630.00000756364,301.3474577542022,475
20820000,41640.00000756568,299.669844761528,475
20825000,41650.000007567716,301.284289686301,475
20830000,41660.00000756975,301.4496498472506,475
20835000,41670.00000757179,301.89629252826984,475
20840000,41680.00000757383,299.7103943717943,475
20845000,41690.000007575865,298.36425343861407,475
20850000,41700.0000075779,299.50079224239164,475
20855000,41710.00000757994,299.83275072032944,475
20860000,41720.00000758198,301.3326883214553,475
20865000,41730.000007584014,300.1856694112076,475
20870000,41740.00000758605,299.69407724399895,475
20875000,41750.00000758809,299.08822096236497,475
20880000,41760.000007590126,301.137634525507,475
20885000,41770.00000759216,301.8922464112149,475
20890000,41780.0000075942,302.96460009034524,475
20895000,41790.00000759624,299.51149344815434,475
20900000,41800.000007598275,300.56949778319375,475
20905000,41810.00000760031,301.6468483063373,475
20910000,41820.00000760235,297.4999320839087,475
20915000,41830.00000760439,300.7762256217923,475
20920000,41840.000007606424,301.7392457007227,475
20925000,41850.00000760846,298.4088712758645,475
20930000,41860.0000076105,301.95475118123824,475
20935000,41870.000007612536,301.6909355052855,475
20940000,41880.00000761457,300.5794693612909,475
20945000,41890.00000761661,302.1423760409545,475
20950000,41900.00000761865,300.2837490574132,475
20955000,41910.000007620685,299.0689189941194,475
20960000,41920.00000762272,300.2841028162814,475
20965000,41930.00000762476,301.04486126232416,475
20970000,41940.0000076268,301.6391319410249,475
20975000,41950.000007628834,299.6814745843197,475
20980000,41960.00000763087,297.5877969427954,475
20985000,41970.00000763291,301.1053098089261,475
20990000,41980.000007634946,300.7660108344734,475
20995000,41990.00000763698,297.3878789624095,475
21000000,42000.00000763902,298.3537954420732,475
21005000,42010.00000764106,301.09191119179343,475
21010000,42020.000007643095,300.01318985303567,475
21015000,42030.00000764513,301.66847181715536,475
21020000,42040.00000764717,301.22488030637436,475
21025000,42050.00000764921,301.35515200958537,475
21030000,42060.000007651244,299.5906248849826,475
21035000,42070.00000765328,300.12292143196237,475
21040000,42080.00000765532,296.29164655967634,475
21045000,42090.000007657356,300.77052126004276,475
21050000,42100.00000765939,303.53271472272917,475
21055000,42110.00000766143,300.73295649022685,475
21060000,42120.00000766347,298.8917079110854,475
21065000,42130.000007665505,302.1263021223811,475
21070000,42140.00000766754,302.4039143941933,475
21075000,42150.00000766958,300.3062127455433,475
21080000,42160.00000767162,301.57014896172785,475
21085000,42170.000007673654,299.99218542023686,475
21090000,42180.00000767569,300.97402104896906,475
21095000,42190.00000767773,298.9126681240257,475
21100000,42200.000007679766,299.91247912524784,475
21105000,42210.0000076818,299.6855428113039,475
21110000,42220.00000768384,300.29754565327266,475
21115000,42230.00000768588,300.0594438250515,475
21120000,42240.000007687915,297.648046500034,475
21125000,42250.00000768995,301.4965228972858,475
21130000,42260.00000769199,300.4693176937082,475
21135000,42270.00000769403,301.44721775503183,475
21140000,42280.000007696064,300.5731901413805,475
21145000,42290.0000076981,301.122776653043,475
21150000,42300.00000770014,301.6944952038966,475
21155000,42310.000007702176,300.2453883301439,475
21160000,42320.00000770421,300.7346147349215,475
21165000,42330.00000770625,302.33979559933385,475
21170000,42340.00000770829,299.09463284185097,475
21175000,42350.000007710325,300.5513234213405,475
21180000,42360.00000771236,299.87940267107206,475
21185000,42370.0000077144,303.0628787259143,475
21190000,42380.00000771644,301.0968195960896,475
21195000,42390.000007718474,301.7600069242996,475
21200000,42400.00000772051,302.2623666270587,475
21205000,42410.00000772255,297.2653899542987,475
21210000,42420.000007724586,302.3511601029744,475
21215000,42430.00000772662,300.3127572846048,475
21220000,42440.00000772866,299.4254416034671,475
21225000,42450.0000077307,301.30261881765915,475
21230000,42460.000007732735,299.7084044781607,475
21235000,42470.00000773477,299.987387565587,475
21240000,42480.00000773681,299.5325421008117,475
21245000,42490.00000773885,301.27657332098863,475
21250000,42500.000007740884,299.9367558275773,475
21255000,42510.00000774292,297.300367862391,475
21260000,42520.00000774496,302.12362682094044,475
21265000,42530.000007746996,296.8127554824495,475
21270000,42540.00000774903,300.51070748128643,475
21275000,42550.00000775107,301.25435284208044,475
21280000,42560.00000775311,301.96622623452515,475
21285000,42570.000007755145,297.765229125122,475
21290000,42580.00000775718,299.56619341314826,475
21295000,42590.00000775922,301.679747881079,475
21300000,42600.00000776126,301.5770693695868,475
21305000,42610.000007763294,298.9448159611724,475
21310000,42620.00000776533,301.6591193170776,475
21315000,42630.00000776737,301.5167092627019,475
21320000,42640.000007769406,298.8802991875863,475
21325000,42650.00000777144,299.96342040226716,475
21330000,42660.00000777348,302.48284684165816,475
21335000,42670.00000777552,299.5118472070226,475
21340000,42680.000007777555,300.1703914500876,475
21345000,42690.00000777959,299.6686508253478,475
21350000,42700.00000778163,300.2831741992524,475
21355000,42710.00000778367,299.04844519962285,475
21360000,42720.000007785704,300.3102809725275,475
21365000,42730.00000778774,303.0906487970672,475
21370000,42740.00000778978,302.26723081149635,475
21375000,42750.000007791816,298.3629268428583,475
21380000,42760.00000779385,299.90082719252683,475
21385000,42770.00000779589,299.7674822091484,475
21390000,42780.00000779793,303.1468743471802,475
21395000,42790.000007799965,303.65321383720647,475
21400000,42800.000007802,298.4022604070152,475
21405000,42810.00000780404,300.0721570343771,475
21410000,42820.00000780608,299.08048248712333,475
21415000,42830.000007808114,300.39109276397966,475
21420000,42840.00000781015,300.0901102969377,475
21425000,42850.00000781219,298.32542840283014,475
21430000,42860.000007814226,298.4752895033672,475
21435000,42870.00000781626,299.4835464975674,475
21440000,42880.0000078183,301.7170915516023,475
21445000,42890.00000782034,301.4009637830159,475
21450000,42900.000007822375,301.2091380367399,475
21455000,42910.00000782441,299.70055545327267,475
21460000,42920.00000782645,303.5275631092112,475
21465000,42930.00000782849,301.497385184527,475
21470000,42940.000007830524,300.11524928650846,475
21475000,42950.00000783256,300.57586544282117,475
21480000,42960.0000078346,300.18739398569,475
21485000,42970.000007836636,298.8118689565208,475
21490000,42980.00000783867,299.8185119258848,475
21495000,42990.00000784071,300.9080008001931,475
21500000,43000.00000784275,299.572163094049,475
21505000,43010.000007844785,298.4577784393918,475
21510000,43020.00000784682,301.0386262622723,475
21515000,43030.00000784886,302.9372501078483,475
21520000,43040.0000078509,301.0327892409472,475
21525000,43050.000007852934,299.43612069930066,475
21530000,43060.00000785497,299.64183148115313,475
21535000,43070.00000785701,300.288967000719,475
21540000,43080.000007859046,297.97901003115504,475
21545000,43090.00000786108,301.2697634627759,475
21550000,43100.00000786312,299.96556506540554,475
21555000,43110.00000786516,298.87600986130946,475
21560000,43120.000007867195,300.22192969519705,475
21565000,43130.00000786923,302.3686711669498,475
21570000,43140.00000787127,300.3611338098298,475
21575000,43150.00000787331,298.8219068644056,475
21580000,43160.000007875344,300.6058907267588,475
21585000,43170.00000787738,299.2841370455545,475
21590000,43180.00000787942,300.3078931001672,475
21595000,43190.000007881456,299.6975485028931,475
21600000,43200.00000788349,299.0840200758052,475
21605000,43210.00000788553,296.21905966190957,475
21610000,43220.00000788757,298.78005276831294,475
21615000,43230.000007889605,299.4979621714461,475
21620000,43240.00000789164,300.6370436170888,475
21625000,43250.00000789368,303.1902761383212,475
21630000,43260.00000789572,299.9450249411213,475
21635000,43270.000007897754,301.5953321711571,475
21640000,43280.00000789979,301.512751585364,475
21645000,43290.00000790183,301.82578396385367,475
21650000,43300.000007903865,299.23317365860584,475
21655000,43310.0000079059,301.4917471525652,475
21660000,43320.00000790794,297.7922253487507,475
21665000,43330.00000790998,300.1410073540985,475
21670000,43340.000007912015,301.2681936577984,475
21675000,43350.00000791405,300.95367991404817,475
21680000,43360.00000791609,300.79994957589037,475
21685000,43370.000007918126,299.7570684324661,475
21690000,43380.00000792016,301.78569866210194,475
21695000,43390.0000079222,302.75404723398435,475
21700000,43400.00000792424,302.2664348540429,475
21705000,43410.000007926275,301.2033894551318,475
21710000,43420.00000792831,301.53203144368035,475
21715000,43430.00000793035,297.5549858077708,475
21720000,43440.00000793239,300.3787333135223,475
21725000,43450.000007934425,301.69867398052713,475
21730000,43460.00000793646,304.9075985639498,475
21735000,43470.0000079385,299.69872032914395,475
21740000,43480.000007940536,300.47422609800435,475
21745000,43490.00000794257,300.11460809855987,475
21750000,43500.00000794461,298.7287577324254,475
21755000,43510.00000794665,300.7281144157185,475
21760000,43520.000007948685,299.6427600981821,475
21765000,43530.00000795072,300.54192670140424,475
21770000,43540.00000795276,299.60570385673924,475
21775000,43550.0000079548,301.1430735681054,475
21780000,43560.000007956834,300.805410728418,475
21785000,43570.00000795887,299.628985612252,475
21790000,43580.00000796091,299.63836022225905,475
21795000,43590.000007962946,301.5094350959747,475
21800000,43600.00000796498,298.21005879194166,475
21805000,43610.00000796702,300.8605086721386,475
21810000,43620.00000796906,299.28597216968325,475
21815000,43630.000007971095,301.5167313726311,475
21820000,43640.00000797313,300.6131870034152,475
21825000,43650.00000797517,301.4488759997264,475
21830000,43660.00000797721,300.76088133088456,475
21835000,43670.000007979244,299.74276330823363,475
21840000,43680.00000798128,300.9384240628575,475
21845000,43690.00000798332,299.3363828084003,475
21850000,43700.000007985356,301.22678176029086,475
21855000,43710.00000798739,299.2369102366511,475
21860000,43720.00000798943,297.61897194305465,475
21865000,43730.00000799147,299.50727045166536,475
21870000,43740.000007993505,300.9533040452507,475
21875000,43750.00000799554,302.13010503021417,475
21880000,43760.00000799758,299.6694025629427,475
21885000,43770.00000799962,297.8448248704648,475
21890000,43780.000008001654,299.75810759914134,475
21895000,43790.00000800369,301.838386623533,475
21900000,43800.00000800573,298.8075575203147,475
21905000,43810.000008007766,298.0265021592096,475
21910000,43820.0000080098,300.3523340579836,475
21915000,43830.00000801184,298.2127119834531,475
21920000,43840.00000801388,299.1239506080522,475
21925000,43850.000008015915,302.7123257974672,475
21930000,43860.00000801795,301.22647222128126,475
21935000,43870.00000801999,299.2878294037412,475
21940000,43880.00000802203,300.3330763095965,475
21945000,43890.000008024064,298.87461693576597,475
21950000,43900.0000080261,299.90757072095164,475
21955000,43910.00000802814,299.49365073524,475
21960000,43920.000008030176,299.9965631862307,475
21965000,43930.00000803221,298.84613934687667,475
21970000,43940.00000803425,300.15117792155905,475
21975000,43950.00000803629,299.0034957134335,475
21980000,43960.000008038325,301.02566984372487,475
21985000,43970.00000804036,299.1584863175592,475
21990000,43980.0000080424,302.4022782594279,475
21995000,43990.00000804444,300.4088249272477,475
22000000,44000.000008046474,301.9302754895453,475
22005000,44010.00000804851,299.09277560779293,475
22010000,44020.00000805055,302.33643489008597,475
22015000,44030.000008052586,300.8899148780569,475
22020000,44040.00000805462,298.93106358517156,475
22025000,44050.00000805666,299.7933950462433,475
22030000,44060.0000080587,301.60570172798094,475
22035000,44070.000008060735,299.5893203991562,475
22040000,44080.00000806277,302.4571993237144,475
22045000,44090.00000806481,300.41720459043796,475
22050000,44100.00000806685,300.61783008856025,475
22055000,44110.000008068884,299.05014766417605,475
22060000,44120.00000807092,301.4616555388398,475
22065000,44130.00000807296,297.95460066924994,475
22070000,44140.000008074996,303.94382674742457,475
22075000,44150.00000807703,299.93786132404045,475
22080000,44160.00000807907,300.3370339869344,475
22085000,44170.00000808111,299.8551038588132,475
22090000,44180.000008083145,301.2434084270958,475
22095000,44190.00000808518,298.5855738305254,475
22100000,44200.00000808722,297.29897493684746,475
22105000,44210.00000808926,301.1858341712979,475
22110000,44220.000008091294,300.03151898439376,475
22115000,44230.00000809333,303.46753465126517,475
22120000,44240.00000809537,298.071871734055,475
22125000,44250.000008097406,298.0902893051301,475
22130000,44260.00000809944,298.190159855606,475
22135000,44270.00000810148,298.6852011717795,475
22140000,44280.00000810352,302.14078412604766,475
22145000,44290.000008105555,301.0245201274032,475
22150000,44300.00000810759,301.19140587347187,475
22155000,44310.00000810963,301.5155153265218,475
22160000,44320.00000811167,299.4248004155186,475
22165000,44330.000008113704,301.5752784653166,475
22170000,44340.00000811574,299.1505709628835,475
22175000,44350.00000811778,301.09832307127937,475
22180000,44360.000008119816,301.05233441841466,475
22185000,44370.00000812185,298.8820679819272,475
22190000,44380.00000812389,299.6191245838012,475
22195000,44390.00000812593,300.86645624311006,475
22200000,44400.000008127965,299.5959091580762,475
22205000,44410.00000813,298.665832873746,475
22210000,44420.00000813204,300.8761182821975,475
22215000,44430.00000813408,298.6216130152223,475
22220000,44440.000008136114,301.77057547048673,475
22225000,44450.00000813815,300.99548979028236,475
22230000,44460.00000814019,302.3579036313993,475
22235000,44470.000008142226,300.1695291628464,475
22240000,44480.00000814426,301.0702434611168,475
22245000,44490.0000081463,299.8062409151445,475
22250000,44500.00000814834,301.0061909960451,475
22255000,44510.000008150375,299.9244184870492,475
22260000,44520.00000815241,301.3747856267699,475
22265000,44530.00000815445,301.8103512332289,475
22270000,44540.00000815649,299.10940227459787,475
22275000,44550.000008158524,301.3950383219738,475
22280000,44560.00000816056,300.2137490213702,475
22285000,44570.0000081626,301.2278651468247,475
22290000,44580.000008164636,298.91288922331825,475
22295000,44590.00000816667,301.44184504222113,475
22300000,44600.00000816871,302.50544318936386,475
22305000,44610.00000817075,300.9312604457766,475
22310000,44620.000008172785,300.290227266687,475
22315000,44630.00000817482,301.093989525144,475
22320000,44640.00000817686,298.92038448933806,475
22325000,44650.0000081789,299.46221041582965,475
22330000,44660.000008180934,299.56384976064646,475
22335000,44670.00000818297,302.63841230394473,475
22340000,44680.00000818501,300.8214183172036,475
22345000,44690.000008187046,299.89934582726625,475
22350000,44700.00000818908,298.61232684493234,475
22355000,44710.00000819112,301.877145329529,475
22360000,44720.00000819316,298.8525512263626,475
22365000,44730.000008195195,300.7869268275551,475
22370000,44740.00000819723,299.6907607546097,475
22375000,44750.00000819927,301.27776725716876,475
22380000,44760.00000820131,302.26762879022306,475
22385000,44770.000008203344,300.89844931075197,475
22390000,44780.00000820538,299.78322447878287,475
22395000,44790.00000820742,300.67354711030015,475
22400000,44800.000008209456,300.8690209949044,475
22405000,44810.00000821149,301.72872137439407,475
22410000,44820.00000821353,298.1904472846864,475
22415000,44830.00000821557,300.4295198210368,475
22420000,44840.000008217605,298.3756179422546,475
22425000,44850.00000821964,301.28311786005014,475
22430000,44860.00000822168,297.3430400258664,475
22435000,44870.00000822372,297.3471745826384,475
22440000,44880.000008225754,300.67458627697545,475
22445000,44890.00000822779,301.5666777028337,475
22450000,44900.00000822983,299.19319890650036,475
22455000,44910.000008231866,302.0759799233811,475
22460000,44920.0000082339,301.92596405333927,475
22465000,44930.00000823594,301.4153131271069,475
22470000,44940.00000823798,300.83609931023346,475
22475000,44950.000008240015,302.4475151746977,475
22480000,44960.00000824205,299.4906437848604,475
22485000,44970.00000824409,299.6013039808161,475
22490000,44980.00000824613,298.5517898586133,475
22495000,44990.000008248164,297.83613566826483,475
22500000,45000.0000082502,301.10968757492,475
22505000,45010.00000825224,301.0661973440619,475
22510000,45020.000008254276,301.3209479490172,475
22515000,45030.00000825631,298.6591114552504,475
22520000,45040.00000825835,298.87886204218427,475
22525000,45050.00000826039,299.5073588913824,475
22530000,45060.000008262425,303.08109730762607,475
22535000,45070.00000826446,301.119990801956,475
22540000,45080.0000082665,299.31095638974915,475
22545000,45090.00000826854,298.1695091816754,475
22550000,45100.000008270574,300.7536734939452,475
22555000,45110.00000827261,299.140820484079,475
22560000,45120.00000827465,300.4182658670425,475
22565000,45130.000008276686,300.4155684556726,475
22570000,45140.00000827872,301.22085629924874,475
22575000,45150.00000828076,299.91243490538926,475
22580000,45160.0000082828,300.39938398745284,475
22585000,45170.000008284835,299.671701995586,475
22590000,45180.00000828687,300.4745577469433,475
22595000,45190.00000828891,298.5607222700351,475
22600000,45200.00000829095,300.4332342891528,475
22605000,45210.000008292984,299.86321820285235,475
22610000,45220.00000829502,298.4130721624242,475
22615000,45230.00000829706,299.28628170869285,475
22620000,45240.000008299095,300.51360388201977,475
22625000,45250.00000830113,299.6241214278144,475
22630000,45260.00000830317,299.4816892635094,475
22635000,45270.00000830521,300.2810516460433,475
22640000,45280.000008307245,302.1115326896342,475
22645000,45290.00000830928,299.75574183671034,475
22650000,45300.00000831132,299.391657631555,475
22655000,45310.00000831336,300.4686765057596,475
22660000,45320.000008315394,299.72898882230345,475
22665000,45330.00000831743,301.85335504564324,475
22670000,45340.00000831947,301.33885699171935,475
22675000,45350.000008321505,299.6445510024524,475
22680000,45360.00000832354,298.64553595868364,475
22685000,45370.00000832558,301.34801050243374,475
22690000,45380.00000832762,301.92236013486956,475
22695000,45390.000008329655,298.7924785485581,475
22700000,45400.00000833169,299.7578422799902,475
22705000,45410.00000833373,302.0388352422211,475
22710000,45420.000008335766,298.6105138307328,475
22715000,45430.0000083378,300.85215111887766,475
22720000,45440.00000833984,299.63126293496595,475
22725000,45450.00000834188,300.30114957174237,475
22730000,45460.000008343915,302.34381960645953,475
22735000,45470.00000834595,298.76156886744997,475
22740000,45480.00000834799,300.3190586144445,475
22745000,45490.00000835003,299.0460573272626,475
22750000,45500.000008352064,300.1429088080151,475
22755000,45510.0000083541,302.14520611190005,475
22760000,45520.00000835614,298.61904826342794,475
22765000,45530.000008358176,299.28345163774736,475
22770000,45540.00000836021,299.0258046320587,475
22775000,45550.00000836225,301.4396561592242,475
22780000,45560.00000836429,299.3942002734201,475
22785000,45570.000008366325,300.58095072655146,475
22790000,45580.00000836836,301.67101445902057,475
22795000,45590.0000083704,296.9010183200629,475
22800000,45600.00000837244,301.255922647058,475
22805000,45610.000008374474,297.06777140655606,475
22810000,45620.00000837651,303.0976134247847,475
22815000,45630.00000837855,300.9865794887898,475
22820000,45640.000008380586,299.07667957929027,475
22825000,45650.00000838262,302.06311194455066,475
22830000,45660.00000838466,300.23714132652924,475
22835000,45670.0000083867,298.1174402982637,475
22840000,45680.000008388735,298.83627831842585,475
22845000,45690.00000839077,302.00483017101635,475
22850000,45700.00000839281,301.1937495259736,475
22855000,45710.00000839485,300.80468110075236,475
22860000,45720.000008396884,298.034727052895,475
22865000,45730.00000839892,297.4526610551468,475
22870000,45740.00000840096,301.77917623296963,475
22875000,45750.000008402996,300.02975019005277,475
22880000,45760.00000840503,300.6252811347215,475
22885000,45770.00000840707,300.6586892378362,475
22890000,45780.00000840911,300.62879661347415,475
22895000,45790.000008411145,300.39135808313085,475
22900000,45800.00000841318,298.5090734752793,475
22905000,45810.00000841522,298.0469538437768,475
22910000,45820.00000841726,302.30088212383293,475
22915000,45830.000008419294,301.1541285327363,475
22920000,45840.00000842133,302.5715297679276,475
22925000,45850.00000842337,300.98994019803763,475
22930000,45860.000008425406,299.9329529197443,475
22935000,45870.00000842744,301.12790615663175,475
22940000,45880.00000842948,301.2895739593946,475
22945000,45890.00000843152,297.237045024985,475
22950000,45900.000008433555,302.2695744639981,475
22955000,45910.00000843559,301.2844444558059,475
22960000,45920.00000843763,299.45294635546895,475
22965000,45930.00000843967,298.53631290812996,475
22970000,45940.000008441704,301.0476692233404,475
22975000,45950.00000844374,297.3213722951898,475
22980000,45960.00000844578,301.1058404472284,475
22985000,45970.000008447816,300.89234697027575,475
22990000,45980.00000844985,299.85457322051093,475
22995000,45990.00000845189,299.57486050541894,475
23000000,46000.00000845393,300.053407814363,475
23005000,46010.000008455965,298.71102556915736,475
23010000,46020.000008458,300.16106105993913,475
23015000,46030.00000846004,301.9183140178147,475
23020000,46040.00000846208,300.72338289085644,475
23025000,46050.000008464114,300.53005366939055,475
23030000,46060.00000846615,300.15785512019613,475
23035000,46070.00000846819,301.55299165662063,475
23040000,46080.000008470226,299.8884677420694,475
23045000,46090.00000847226,299.99092515426895,475
23050000,46100.0000084743,299.40965511397417,475
23055000,46110.00000847634,297.749862724285,475
23060000,46120.000008478375,300.9072048427397,475
23065000,46130.00000848041,300.5778111165962,475
23070000,46140.00000848245,301.9518547805049,475
23075000,46150.00000848449,300.52793111618143,475
23080000,46160.000008486524,302.9514667923637,475
23085000,46170.00000848856,300.9042863320771,475
23090000,46180.0000084906,301.29041413670654,475
23095000,46190.000008492636,300.34680657566815,475
23100000,46200.00000849467,299.46767156835733,475
23105000,46210.00000849671,302.64276796000934,475
23110000,46220.00000849875,300.96610569429333,475
23115000,46230.000008500785,298.4284606731905,475
23120000,46240.00000850282,300.87775441696283,475
23125000,46250.00000850486,298.0287573719943,475
23130000,46260.0000085069,302.4803705295808,475
23135000,46270.000008508934,298.72028962951805,475
23140000,46280.00000851097,301.19220183092534,475
23145000,46290.00000851301,299.54793061157795,475
23150000,46300.000008515046,300.54382815532074,475
23155000,46310.00000851708,301.30735034252115,475
23160000,46320.00000851912,300.2206915391584,475
23165000,46330.00000852116,297.9564357933787,475
23170000,46340.000008523195,301.2156383559429,475
23175000,46350.00000852523,302.80536437980123,475
23180000,46360.00000852727,299.4970335544171,475
23185000,46370.00000852931,302.1770223001079,475
23190000,46380.000008531344,301.42539525485034,475
23195000,46390.00000853338,298.62342602942175,475
23200000,46400.00000853542,299.23688812672185,475
23205000,46410.000008537456,298.1365653870752,475
23210000,46420.00000853949,299.5542098314883,475
23215000,46430.00000854153,300.2039985425656,475
23220000,46440.00000854357,298.6385934408954,475
23225000,46450.000008545605,300.85566659763026,475
23230000,46460.00000854764,301.2884905728608,475
23235000,46470.00000854968,300.0859757401658,475
23240000,46480.00000855172,303.1355540633981,475
23245000,46490.000008553754,299.72321813076616,475
23250000,46500.00000855579,301.1847286748348,475
23255000,46510.00000855783,299.7725232730201,475
23260000,46520.000008559866,299.8369737168185,475
23265000,46530.0000085619,300.79371457583846,475
23270000,46540.00000856394,298.3840418253034,475
23275000,46550.00000856598,299.52977835965396,475
23280000,46560.000008568015,299.02949699024543,475
23285000,46570.00000857005,302.80069918472697,475
23290000,46580.00000857209,301.84042073702506,475
23295000,46590.00000857413,301.48604279081565,475
23300000,46600.000008576164,303.01428110139665,475
23305000,46610.0000085782,303.48769890675203,475
23310000,46620.00000858024,300.0875455451433,475
23315000,46630.000008582276,300.3082689689647,475
23320000,46640.00000858431,301.17615002228115,475
23325000,46650.00000858635,299.9450691609798,475
23330000,46660.00000858839,298.6428385473137,475
23335000,46670.000008590425,298.29531467917553,475
23340000,46680.00000859246,298.33166340288204,475
23345000,46690.0000085945,301.11265030544104,475
23350000,46700.00000859654,299.09012241628153,475
23355000,46710.000008598574,300.70591604673956,475
23360000,46720.00000860061,301.9145774397694,475
23365000,46730.00000860265,301.2590180371547,475
23370000,46740.000008604686,302.7745210284808,475
23375000,46750.00000860672,300.175321964313,475
23380000,46760.00000860876,299.1151729661352,475
23385000,46770.0000086108,303.0924618112667,475
23390000,46780.000008612835,301.9381908442211,475
23395000,46790.00000861487,300.461534998608,475
23400000,46800.00000861691,301.6039550435692,475
23405000,46810.00000861895,298.6335523770237,475
23410000,46820.000008620984,302.622050956291,475
23415000,46830.00000862302,299.6160734135631,475
23420000,46840.00000862506,299.26969926174644,475
23425000,46850.000008627096,299.881171465413,475
23430000,46860.00000862913,298.03202964152507,475
23435000,46870.00000863117,298.74153727153873,475
23440000,46880.00000863321,301.29523410128564,475
23445000,46890.000008635245,300.4602084028523,475
23450000,46900.00000863728,299.6789319424546,475
23455000,46910.00000863932,298.2829773386474,475
23460000,46920.00000864136,301.6059007173443,475
23465000,46930.000008643394,300.6822805323586,475
23470000,46940.00000864543,299.522946391512,475
23475000,46950.00000864747,296.553096473198,475
23480000,46960.000008649506,302.5816340056002,475
23485000,46970.00000865154,297.6153238047264,475
23490000,46980.00000865358,300.3009063625205,475
23495000,46990.00000865562,301.5030674363473,475
23500000,47000.000008657655,300.45890391702585,475
23505000,47010.00000865969,299.6793962509691,475
23510000,47020.00000866173,300.1289795525801,475
23515000,47030.00000866377,297.947260172735,475
23520000,47040.000008665804,298.6069320221924,475
23525000,47050.00000866784,299.478195894686,475
23530000,47060.00000866988,302.08009237022384,475
23535000,47070.000008671916,299.5191877035375,475
23540000,47080.00000867395,301.0701550213997,475
23545000,47090.00000867599,299.55000894492855,475
23550000,47100.00000867803,298.0636468403696,475
23555000,47110.000008680065,297.9323801903418,475
23560000,47120.0000086821,301.347015555617,475
23565000,47130.00000868414,300.20901749650807,475
23570000,47140.00000868618,299.53707463631036,475
23575000,47150.000008688214,299.419096053769,475
23580000,47160.00000869025,300.4763265412842,475
23585000,47170.00000869229,301.52570800391146,475
23590000,47180.000008694326,301.8749564465321,475
23595000,47190.00000869636,303.26169120983707,475
23600000,47200.0000086984,302.40641281619986,475
23605000,47210.00000870044,301.0421638509542,475
23610000,47220.000008702475,296.55612553350693,475
23615000,47230.00000870451,299.1958520980118,475
23620000,47240.00000870655,299.82140832661815,475
23625000,47250.00000870859,300.1582088790643,475
23630000,47260.000008710624,300.2118033475951,475
23635000,47270.00000871266,299.98838251240386,475
23640000,47280.0000087147,300.5614055490839,475
23645000,47290.000008716735,298.85509386822775,475
23650000,47300.00000871877,300.92736909822656,475
23655000,47310.00000872081,299.98924479964506,475
23660000,47320.00000872285,299.04676484499896,475
23665000,47330.000008724885,300.46540423622884,475
23670000,47340.00000872692,300.10465863039207,475
23675000,47350.00000872896,301.986987458102,475
23680000,47360.000008730996,298.6381512423102,475
23685000,47370.00000873303,300.96460221910354,475
23690000,47380.00000873507,300.0917685416324,475
23695000,47390.00000873711,301.06714807102014,475
23700000,47400.000008739145,301.5144098300587,475
23705000,47410.00000874118,300.04841097034983,475
23710000,47420.00000874322,302.3717002272587,475
23715000,47430.00000874526,301.00652264498405,475
23720000,47440.000008747294,298.5052705674463,475
23725000,47450.00000874933,300.3486416997969,475
23730000,47460.00000875137,300.26993035162457,475
23735000,47470.000008753406,301.6506291042411,475
23740000,47480.00000875544,300.23353740805953,475
23745000,47490.00000875748,301.34453924353966,475
23750000,47500.00000875952,299.53696408666406,475
23755000,47510.000008761555,302.2305504388509,475
23760000,47520.00000876359,299.5342666752941,475
23765000,47530.00000876563,300.77733111825546,475
23770000,47540.00000876767,298.4952326595614,475
23775000,47550.000008769704,297.8985519985711,475
23780000,47560.00000877174,299.13281668968614,475
23785000,47570.00000877378,298.8202928395695,475
23790000,47580.000008775816,299.82852772384047,475
23795000,47590.00000877785,300.07635792093686,475
23800000,47600.00000877989,300.2745513268403,475
23805000,47610.00000878193,300.40977565420593,475
23810000,47620.000008783965,297.78320449761185,475
23815000,47630.000008786,296.8962867952009,475
23820000,47640.00000878804,299.2487390488062,475
23825000,47650.00000879008,301.49011101779985,475
23830000,47660.000008792114,300.9111846300068,475
23835000,47670.00000879415,300.93302924011755,475
23840000,47680.00000879619,297.0900361053227,475
23845000,47690.000008798226,300.82168363635475,475
23850000,47700.00000880026,301.80882564810986,475
23855000,47710.0000088023,300.11230866591666,475
23860000,47720.00000880434,299.6816293538245,475
23865000,47730.000008806375,297.9508419812754,475
23870000,47740.00000880841,296.59143509053814,475
23875000,47750.00000881045,300.103641573646,475
23880000,47760.00000881249,302.16284983545097,475
23885000,47770.000008814524,302.3939207061669,475
23890000,47780.00000881656,300.83242906197603,475
23895000,47790.0000088186,301.372176655117,475
23900000,47800.000008820636,299.74826868061984,475
23905000,47810.00000882267,299.61253582488115,475
23910000,47820.00000882471,298.71471792734405,475
23915000,47830.00000882675,297.0980841195741,475
23920000,47840.000008828785,301.3567218145629,475
23925000,47850.00000883082,300.2726940927823,475
23930000,47860.00000883286,300.31914705416153,475
23935000,47870.0000088349,300.89064450572255,475
23940000,47880.000008836934,300.84965269687103,475
23945000,47890.00000883897,302.26862373703983,475
23950000,47900.00000884101,297.56453729721187,475
23955000,47910.000008843046,300.17983238988245,475
23960000,47920.00000884508,301.45995307428666,475
23965000,47930.00000884712,300.7679565082484,475
23970000,47940.00000884916,301.56267580563735,475
23975000,47950.000008851195,301.12576149349337,475
23980000,47960.00000885323,299.5515787499062,475
23985000,47970.00000885527,297.9944869816384,475
23990000,47980.00000885731,303.6927463907267,475
23995000,47990.000008859344,299.70752008099015,475
24000000,48000.00000886138,299.3215691557948,475
24005000,48010.00000886342,297.9210377966304,475
24010000,48020.000008865456,299.78026174826175,475
24015000,48030.00000886749,302.23448600625954,475
24020000,48040.00000886953,299.65436781104466,475
24025000,48050.00000887157,297.1631536413918,475
24030000,48060.000008873605,301.5042613725274,475
24035000,48070.00000887564,298.5019098581985,475
24040000,48080.00000887768,300.5493556376362,475
24045000,48090.00000887972,300.32292785206533,475
24050000,48100.000008881754,302.38812790470024,475
24055000,48110.00000888379,298.9792632309625,475
24060000,48120.00000888583,299.64083653433636,475
24065000,48130.000008887866,299.8386982913009,475
24070000,48140.0000088899,299.4452963199443,475
24075000,48150.00000889194,301.888708822533,475
24080000,48160.00000889398,300.11396691061134,475
24085000,48170.000008896015,299.4170398303476,475
24090000,48180.00000889805,300.2410326740793,475
24095000,48190.00000890009,299.03153110373756,475
24100000,48200.00000890213,298.10693808186426,475
24105000,48210.000008904164,300.9338694174295,475
24110000,48220.0000089062,299.7466104359252,475
24115000,48230.00000890824,301.4359638010375,475
24120000,48240.000008910276,301.326497541262,475
24125000,48250.00000891231,300.444222923996,475
24130000,48260.00000891435,300.92865147412374,475
24135000,48270.00000891639,299.4872830756126,475
24140000,48280.000008918425,299.548107491012,475
24145000,48290.00000892046,300.85537916854986,475
24150000,48300.0000089225,299.08839784179906,475
24155000,48310.00000892454,299.1993675767645,475
24160000,48320.000008926574,300.20632008513815,475
24165000,48330.00000892861,300.25208763871024,475
24170000,48340.00000893065,300.52063483952503,475
24175000,48350.000008932686,302.2624992866343,475
24180000,48360.00000893472,302.46073691239627,475
24185000,48370.00000893676,302.2693533647055,475
24190000,48380.0000089388,302.6487155309808,475
24195000,48390.000008940835,299.62653141010395,475
24200000,48400.00000894287,299.55403295205423,475
24205000,48410.00000894491,299.4112028090225,475
24210000,48420.00000894695,300.5445577829864,475
24215000,48430.000008948984,300.74631088750095,475
24220000,48440.00000895102,299.6066545836975,475
24225000,48450.00000895306,301.04941590775206,475
24230000,48460.000008955096,301.8884877232404,475
24235000,48470.00000895713,300.6834523586095,475
24240000,48480.00000895917,301.1953414408805,475
24245000,48490.00000896121,300.6456001597131,475
24250000,48500.000008963245,301.22793147661247,475
24255000,48510.00000896528,300.33844902240713,475
24260000,48520.00000896732,298.48603492898843,475
24265000,48530.00000896936,300.77523067497555,475
24270000,48540.000008971394,300.2222392342067,475
24275000,48550.00000897343,299.77239061344454,475
24280000,48560.00000897547,300.4896146087706,475
24285000,48570.000008977506,299.60610183546595,475
24290000,48580.00000897954,301.36355378270486,475
24295000,48590.00000898158,300.3545892707683,475
24300000,48600.00000898362,300.0173907395954,475
24305000,48610.000008985655,301.69896140960753,475
24310000,48620.00000898769,299.47804112518116,475
24315000,48630.00000898973,298.0138773896011,475
24320000,48640.00000899177,301.8589488577465,475
24325000,48650.000008993804,298.1451661495581,475
24330000,48660.00000899584,299.9763326009561,475
24335000,48670.00000899788,300.5898831379732,475
24340000,48680.000008999916,301.2022839586687,475
24345000,48690.00000900195,297.2067323119669,475
24350000,48700.00000900399,301.2001171856011,475
24355000,48710.00000900603,301.08602995060977,475
24360000,48720.000009008065,298.94974647539783,475
24365000,48730.0000090101,303.0189020766124,475
24370000,48740.00000901214,300.38775416466115,475
24375000,48750.00000901418,299.7019925986747,475
24380000,48760.000009016214,298.96248179465266,475
24385000,48770.00000901825,300.8505813139,475
24390000,48780.00000902029,300.5869204074521,475
24395000,48790.000009022326,300.662890124396,475
24400000,48800.00000902436,299.2535590133853,475
24405000,48810.0000090264,300.8563298955081,475
24410000,48820.00000902844,297.3356110896344,475
24415000,48830.000009030475,301.7351553638092,475
24420000,48840.00000903251,302.0065989653573,475
24425000,48850.00000903455,300.01195169699696,475
24430000,48860.00000903659,300.56799430800396,475
24435000,48870.000009038624,297.46670086022806,475
24440000,48880.00000904066,298.09566201794075,475
24445000,48890.0000090427,300.14589364846546,475
24450000,48900.000009044736,298.075674641888,475
24455000,48910.00000904677,297.5482201694166,475
24460000,48920.00000904881,302.27554414489884,475
24465000,48930.00000905085,303.9995437691645,475
24470000,48940.000009052885,300.28169283399194,475
24475000,48950.00000905492,301.730910257391,475
24480000,48960.00000905696,301.25663016479444,475
24485000,48970.000009059,301.89792866303515,475
24490000,48980.000009061034,299.2473019034042,475
24495000,48990.00000906307,301.22465920708174,475
24500000,49000.00000906511,298.8986504288736,475
24505000,49010.000009067146,300.41017363293264,475
24510000,49020.00000906918,300.886377289375,475
24515000,49030.00000907122,301.2304298986191,475
24520000,49040.00000907326,301.3021545091446,475
24525000,49050.000009075295,301.79768224376187,475
24530000,49060.00000907733,296.9297170082449,475
24535000,49070.00000907937,301.1780514761977,475
24540000,49080.00000908141,299.3471724538801,475
24545000,49090.000009083444,301.83405307739764,475
24550000,49100.00000908548,298.0735299787496,475
24555000,49110.00000908752,300.4126057251515,475
24560000,49120.000009089556,300.0808241266477,475
24565000,49130.00000909159,300.72201207524216,475
24570000,49140.00000909363,301.43355381874795,475
24575000,49150.00000909567,297.14153013057364,475
24580000,49160.000009097705,298.902143797697,475
24585000,49170.00000909974,298.8558013859641,475
24590000,49180.00000910178,301.5878590150666,475
24595000,49190.00000910382,301.90139992192934,475
24600000,49200.000009105854,297.23792942215545,475
24605000,49210.00000910789,301.0695359433804,475
24610000,49220.00000910993,300.74429888393814,475
24615000,49230.000009111965,302.2016748712349,475
24620000,49240.000009114,300.5135817720905,475
24625000,49250.00000911604,301.11521505723545,475
24630000,49260.00000911808,299.4355237312106,475
24635000,49270.000009120115,298.82226062327385,475
24640000,49280.00000912215,301.320925839088,475
24645000,49290.00000912419,302.29537675144667,475
24650000,49300.000009126226,301.37774835729095,475
24655000,49310.00000912826,300.3441533841567,475
24660000,49320.0000091303,298.2417644305032,475
24665000,49330.00000913234,300.05915639597106,475
24670000,49340.000009134375,300.47652553064756,475
24675000,49350.00000913641,300.06430800948914,475
24680000,49360.00000913845,301.2218291361362,475
24685000,49370.00000914049,300.1443459534171,475
24690000,49380.000009142525,302.91591402611056,475
24695000,49390.00000914456,300.6883828728349,475
24700000,49400.0000091466,298.9537041527357,475
24705000,49410.000009148636,301.35382541382967,475
24710000,49420.00000915067,299.5554037676685,475
24715000,49430.00000915271,303.81638511515905,475
24720000,49440.00000915475,299.7983034505395,475
24725000,49450.000009156785,299.0821628417472,475
24730000,49460.00000915882,300.59377448552334,475
24735000,49470.00000916086,300.2635405820679,475
24740000,49480.0000091629,302.8457592205627,475
24745000,49490.000009164934,300.15714760245976,475
24750000,49500.00000916697,302.2701493221589,475
24755000,49510.00000916901,298.4331700881233,475
24760000,49520.000009171046,301.2529378066077,475
24765000,49530.00000917308,300.36922604393965,475
24770000,49540.00000917512,301.6615292993672,475
24775000,49550.00000917716,300.99798821228893,475
24780000,49560.000009179195,300.3329436500209,475
24785000,49570.00000918123,301.94159577332744,475
24790000,49580.00000918327,298.77731113708444,475
24795000,49590.00000918531,300.7064687949711,475
24800000,49600.000009187344,299.85455111058167,475
24805000,49610.00000918938,296.28266992839605,475
24810000,49620.00000919142,298.41921872275907,475
24815000,49630.000009193456,301.6721641753422,475
24820000,49640.00000919549,301.87785284726544,475
24825000,49650.00000919753,298.3277057255442,475
24830000,49660.00000919957,300.0072865019227,475
24835000,49670.000009201605,300.710426472309,475
24840000,49680.00000920364,301.1684778768273,475
24845000,49690.00000920568,301.51611229461184,475
24850000,49700.00000920772,299.36864119519333,475
24855000,49710.000009209754,301.99886049011565,475
24860000,49720.00000921179,298.9275702163482,475
24865000,49730.00000921383,300.6553727484469,475
24870000,49740.000009215866,299.5997562857678,475
24875000,49750.0000092179,298.26780992717374,475
24880000,49760.00000921994,301.9973791248551,475
24885000,49770.00000922198,302.01482385904274,475
24890000,49780.000009224015,300.73647196897946,475
24895000,49790.00000922605,300.4084048385917,475
24900000,49800.00000922809,302.11325726411667,475
24905000,49810.00000923013,300.7624732457914,475
24910000,49820.000009232164,299.42937717087574,475
24915000,49830.0000092342,302.9027143983413,475
24920000,49840.00000923624,299.8357134508505,475
24925000,49850.000009238276,302.798001773357,475
24930000,49860.00000924031,300.3410801039893,475
24935000,49870.00000924235,299.6698005416694,475
24940000,49880.00000924439,298.309288154469,475
24945000,49890.000009246425,299.2056246867456,475
24950000,49900.00000924846,300.9621701268847,475
24955000,49910.0000092505,300.1626308649167,475
24960000,49920.00000925254,295.85011127231667,475
24965000,49930.000009254574,298.8687578045116,475
24970000,49940.00000925661,301.6206038203035,475
24975000,49950.00000925865,300.613164893486,475
24980000,49960.000009260686,300.68444730542626,475
24985000,49970.00000926272,295.5521357556543,475
24990000,49980.00000926476,299.3787454328661,475
24995000,49990.0000092668,301.04236284031754,475
25000000,50000.000009268835,299.74075130467077,475
25005000,50010.00000927087,302.05853518919344,475
25010000,50020.00000927291,298.94101305333936,475
25015000,50030.00000927495,299.34270624816924,475
25020000,50040.000009276984,301.41641862357,475
25025000,50050.00000927902,300.9364783890824,475
25030000,50060.00000928106,298.8688683541579,475
25035000,50070.000009283096,299.1393612287477,475
25040000,50080.00000928513,299.5698194415472,475
25045000,50090.00000928717,301.2325524518282,475
25050000,50100.00000928921,300.2254230640204,475
25055000,50110.000009291245,302.6073699632611,475
25060000,50120.00000929328,300.9799686199405,475
25065000,50130.00000929532,300.9584335488394,475
25070000,50140.00000929736,301.28926442038494,475
25075000,50150.000009299394,297.19393066292434,475
25080000,50160.00000930143,299.7027001164111,475
25085000,50170.00000930347,300.87967798080865,475
25090000,50180.000009305506,301.65582493761764,475
25095000,50190.00000930754,301.2118133381806,475
25100000,50200.00000930958,301.6823347428026,475
25105000,50210.00000931162,299.77504380495594,475
25110000,50220.000009313655,299.8256755429657,475
25115000,50230.00000931569,299.70608293558814,475
25120000,50240.00000931773,297.71853295452087,475
25125000,50250.00000931977,301.8202122616797,475
25130000,50260.000009321804,297.8314041434028,475
25135000,50270.00000932384,298.09112948244206,475
25140000,50280.00000932588,300.2410326740793,475
25145000,50290.000009327916,299.6287645129594,475
25150000,50300.00000932995,298.1325855998081,475
25155000,50310.00000933199,301.1968449160703,475
25160000,50320.00000933403,303.6450994931673,475
25165000,50330.000009336065,299.45201773843996,475
25170000,50340.0000093381,300.7199779617501,475
25175000,50350.00000934014,302.0714694978117,475
25180000,50360.00000934218,301.88603352109226,475
25185000,50370.000009344214,300.905546598045,475
25190000,50380.00000934625,302.25250559860797,475
25195000,50390.00000934829,301.639397260176,475
25200000,50400.000009350326,301.0772965285513,475
25205000,50410.00000935236,301.3413554137259,475
25210000,50420.0000093544,300.86537285657624,475
25215000,50430.00000935644,304.4552515211811,475
25220000,50440.000009358475,298.47999891829994,475
25225000,50450.00000936051,300.59614024795434,475
25230000,50460.00000936255,301.85428366267223,475
25235000,50470.00000936459,300.2172423901935,475
25240000,50480.000009366624,300.13654114838766,475
25245000,50490.00000936866,300.906806864013,475
25250000,50500.0000093707,300.1563958648648,475
25255000,50510.000009372736,300.5866993081595,475
25260000,50520.00000937477,301.0378745246774,475
25265000,50530.00000937681,300.2257768228886,475
25270000,50540.00000937885,300.3705084198369,475
25275000,50550.000009380885,301.34453924353966,475
25280000,50560.00000938292,299.4937612848864,475
25285000,50570.00000938496,300.86661101261484,475
25290000,50580.000009387,300.7692167742163,475
25295000,50590.000009389034,299.7279054357697,475
25300000,50600.00000939107,300.41342379253416,475
25305000,50610.00000939311,300.9583008892639,475
25310000,50620.000009395146,299.8370621565355,475
25315000,50630.00000939718,298.04675485441345,475
25320000,50640.00000939922,299.76836660631886,475
25325000,50650.00000940126,299.63289906973137,475
25330000,50660.000009403295,299.47043530951504,475
25335000,50670.00000940533,302.3918644827455,475
25340000,50680.00000940737,297.53404770475976,475
25345000,50690.00000940941,301.23987083841394,475
25350000,50700.000009411444,299.86808238729,475
25355000,50710.00000941348,303.58801165581315,475
25360000,50720.00000941552,298.62731737697186,475
25365000,50730.000009417556,300.60027480472627,475
25370000,50740.00000941959,302.60056010504843,475
25375000,50750.00000942163,298.85482854907656,475
25380000,50760.00000942367,297.3892497780237,475
25385000,50770.000009425705,300.6575616314438,475
25390000,50780.00000942774,300.14587153853614,475
25395000,50790.00000942978,300.4982374811827,475
25400000,50800.00000943182,299.0949423808606,475
25405000,50810.000009433854,299.7597879537653,475
25410000,50820.00000943589,301.7918231125075,475
25415000,50830.00000943793,298.4357790597762,475
25420000,50840.000009439966,297.4429990160594,475
25425000,50850.000009442,300.135391432066,475
25430000,50860.00000944404,298.99067195446156,475
25435000,50870.00000944608,301.47377178007537,475
25440000,50880.000009448115,299.7038498327327,475
25445000,50890.00000945015,298.69702998393456,475
25450000,50900.00000945219,298.9771406777533,475
25455000,50910.00000945423,297.9329329385733,475
25460000,50920.000009456264,298.12219393305503,475
25465000,50930.0000094583,301.0555624680869,475
25470000,50940.00000946034,300.6712476776569,475
25475000,50950.000009462376,300.7553538485691,475
25480000,50960.00000946441,299.6236571192999,475
25485000,50970.00000946645,298.4143103184629,475
25490000,50980.00000946849,300.5181143075892,475
25495000,50990.000009470525,296.7615046664205,475
25500000,51000.00000947256,301.54003523807313,475
25505000,51010.0000094746,298.29913969693786,475
25510000,51020.00000947664,300.20561256740183,475
25515000,51030.000009478674,300.611904627518,475
25520000,51040.00000948071,299.00380525244316,475
25525000,51050.00000948275,299.9471474943304,475
25530000,51060.000009484786,298.9822701813421,475
25535000,51070.00000948682,299.67966157012023,475
25540000,51080.00000948886,301.35574897767543,475
25545000,51090.0000094909,299.3331105388695,475
25550000,51100.000009492935,300.1882120530727,475
25555000,51110.00000949497,298.4008232616132,475
25560000,51120.00000949701,297.68488164218434,475
25565000,51130.00000949905,301.7158755054929,475
25570000,51140.000009501084,299.99388788479,475
25575000,51150.00000950312,299.0726113523061,475
25580000,51160.00000950516,299.00325250421156,475
25585000,51170.000009507196,299.4889413203072,475
25590000,51180.00000950923,301.08943487971607,475
25595000,51190.00000951127,299.26969926174644,475
25600000,51200.00000951331,300.679273581979,475
25605000,51210.000009515345,301.5302184294809,475
25610000,51220.00000951738,300.9956887796457,475
25615000,51230.00000951942,301.5858027916453,475
25620000,51240.00000952146,299.5984296900121,475
25625000,51250.000009523494,299.71565653495855,475
25630000,51260.00000952553,303.31227872798826,475
25635000,51270.00000952757,301.222403994297,475
25640000,51280.000009529605,301.09695225566514,475
25645000,51290.00000953164,296.7572816699315,475
25650000,51300.00000953368,300.95065085373926,475
25655000,51310.00000953572,297.40565534553605,475
25660000,51320.000009537755,300.0223654736793,475
25665000,51330.00000953979,301.5516208410064,475
25670000,51340.00000954183,300.42587168270865,475
25675000,51350.000009543866,303.13944541094816,475
25680000,51360.0000095459,296.4995241145965,475
25685000,51370.00000954794,299.74963949623407,475
25690000,51380.00000954998,301.243342097308,475
25695000,51390.000009552015,299.7034076341475,475
25700000,51400.00000955405,302.3670350321845,475
25705000,51410.00000955609,299.92158841610365,475
25710000,51420.00000955813,301.60972573510657,475
25715000,51430.000009560164,301.8363967298994,475
25720000,51440.0000095622,300.53664242831064,475
25725000,51450.00000956424,299.0178450575244,475
25730000,51460.000009566276,300.63691095751324,475
25735000,51470.00000956831,301.60035112509956,475
25740000,51480.00000957035,298.2021213273367,475
25745000,51490.00000957239,297.94248442801444,475
25750000,51500.000009574425,301.6910018350732,475
25755000,51510.00000957646,301.60570172798094,475
25760000,51520.0000095785,301.1129156245922,475
25765000,51530.00000958054,303.2342748975524,475
25770000,51540.000009582574,300.16163591809993,475
25775000,51550.00000958461,300.8521068990191,475
25780000,51560.00000958665,302.5281279767865,475
25785000,51570.000009588686,299.475410043599,475
25790000,51580.00000959072,302.41435028080485,475
25795000,51590.00000959276,301.09752711382595,475
25800000,51600.0000095948,299.6811208254515,475
25805000,51610.000009596835,299.9547533099965,475
25810000,51620.00000959887,298.41008732197395,475
25815000,51630.00000960091,299.09032140564483,475
25820000,51640.00000960295,299.99875206922763,475
25825000,51650.000009604984,301.7750195662684,475
25830000,51660.00000960702,302.5370603882083,475
25835000,51670.00000960906,299.0560731252182,475
25840000,51680.000009611096,298.04463230120433,475
25845000,51690.00000961313,299.2941528435101,475
25850000,51700.00000961517,301.3491823286846,475
25855000,51710.00000961721,300.26137380900025,475
25860000,51720.000009619245,303.31900014648386,475
25865000,51730.00000962128,298.70731110104134,475
25870000,51740.00000962332,299.92008494091385,475
25875000,51750.00000962536,298.6373995047153,475
25880000,51760.000009627394,303.23051620957784,475
25885000,51770.00000962943,300.04502815117274,475
25890000,51780.00000963147,298.06948386169466,475
25895000,51790.000009633506,300.69915040838544,475
25900000,51800.00000963554,300.3638975509876,475
25905000,51810.00000963758,301.9668010926859,475
25910000,51820.00000963962,302.6785639354843,475
25915000,51830.000009641655,300.05575146686476,475
25920000,51840.00000964369,300.7723342742422,475
25925000,51850.00000964573,301.35776098123824,475
25930000,51860.00000964777,298.23676758649003,475
25935000,51870.000009649804,300.5980195919416,475
25940000,51880.00000965184,303.4610785519207,475
25945000,51890.00000965388,300.71705945108755,475
25950000,51900.000009655916,302.09941644839864,475
25955000,51910.00000965795,300.8595579451803,475
25960000,51920.00000965999,298.2723645726017,475
25965000,51930.00000966203,299.02275346182057,475
25970000,51940.000009664065,302.51764787031635,475
25975000,51950.0000096661,300.37972826033905,475
25980000,51960.00000966814,300.7311213660981,475
25985000,51970.00000967018,298.72309759053434,475
25990000,51980.000009672214,297.6150584855753,475
25995000,51990.00000967425,301.799384708315,475
26000000,52000.00000967629,301.6906701861343,475
26005000,52010.000009678326,300.0347028142075,475
26010000,52020.00000968036,298.55439883026617,475
26015000,52030.0000096824,299.9795164307698,475
26020000,52040.00000968444,300.16939650327083,475
26025000,52050.000009686475,300.733818777468,475
26030000,52060.00000968851,301.03356308847134,475
26035000,52070.00000969055,300.3136416817753,475
26040000,52080.00000969259,301.0122933365214,475
26045000,52090.000009694624,302.4752852458506,475
26050000,52100.00000969666,300.19995242551073,475
26055000,52110.0000096987,300.5717751059077,475
26060000,52120.000009700736,299.6110544596206,475
26065000,52130.00000970277,297.830409196586,475
26070000,52140.00000970481,299.5842130054967,475
26075000,52150.00000970685,301.2681273280106,475
26080000,52160.000009708885,300.3210263981488,475
26085000,52170.00000971092,299.6576400805754,475
26090000,52180.00000971296,301.7038698139037,475
26095000,52190.000009715,301.47872440423,475
26100000,52200.000009717034,299.64479421167425,475
26105000,52210.00000971907,299.57267162242204,475
26110000,52220.00000972111,298.42532106323534,475
26115000,52230.000009723146,300.84792812238857,475
26120000,52240.00000972518,300.37632333123275,475
26125000,52250.00000972722,302.58424297725315,475
26130000,52260.00000972926,297.8985741085003,475
26135000,52270.000009731295,298.23287623894,475
26140000,52280.00000973333,298.02181485420607,475
26145000,52290.00000973537,302.68267638232703,475
26150000,52300.00000973741,302.6723289354325,475
26155000,52310.000009739444,299.17372005882066,475
26160000,52320.00000974148,300.34256146924986,475
26165000,52330.00000974352,298.3877341834901,475
26170000,52340.000009745556,299.9058019266107,475
26175000,52350.00000974759,299.5051257885269,475
26180000,52360.00000974963,301.3925841198257,475
26185000,52370.00000975167,299.4425989085744,475
26190000,52380.000009753705,300.45275735669105,475
26195000,52390.00000975574,300.07489866560553,475
26200000,52400.00000975778,297.8911893921269,475
26205000,52410.00000975982,302.0856640723978,475
26210000,52420.000009761854,298.6793199305958,475
26215000,52430.00000976389,300.6312950354807,475
26220000,52440.00000976593,299.59086809420455,475
26225000,52450.000009767966,302.42805843694725,475
26230000,52460.00000977,301.2908121154333,475
26235000,52470.00000977204,299.6800595488469,475
26240000,52480.00000977408,299.9935783457804,475
26245000,52490.000009776115,300.1521949783051,475
26250000,52500.00000977815,297.99167902062214,475
26255000,52510.00000978019,299.9200628309846,475
26260000,52520.00000978223,300.08360997773474,475
26265000,52530.000009784264,299.0522038875974,475
26270000,52540.0000097863,299.8623116957526,475
26275000,52550.00000978834,299.92494912535153,475
26280000,52560.000009790376,297.18316312737375,475
26285000,52570.00000979241,299.10292406532415,475
26290000,52580.00000979445,299.70256745683554,475
26295000,52590.00000979649,299.1661805729424,475
26300000,52600.000009798525,300.0531424952119,475
26305000,52610.00000980056,299.7816767837345,475
26310000,52620.0000098026,299.8315125642908,475
26315000,52630.00000980464,298.28337531737407,475
26320000,52640.000009806674,300.1739069288402,475
26325000,52650.00000980871,298.8773585669944,475
26330000,52660.00000981075,300.610976010489,475
26335000,52670.000009812786,299.1940390838123,475
26340000,52680.00000981482,302.59870287099045,475
26345000,52690.00000981686,298.90459799984507,475
26350000,52700.0000098189,298.18631272791447,475
26355000,52710.000009820935,301.71939098424554,475
26360000,52720.00000982297,301.56223360705206,475
26365000,52730.00000982501,300.70162672046274,475
26370000,52740.00000982705,294.9939042616504,475
26375000,52750.000009829084,296.92109413583273,475
26380000,52760.00000983112,299.9029276358067,475
26385000,52770.00000983316,301.0345580352881,475
26390000,52780.000009835196,300.51064115149865,475
26395000,52790.00000983723,301.95406577343107,475
26400000,52800.00000983927,298.5387007804903,475
26405000,52810.00000984131,301.7662198144222,475
26410000,52820.000009843345,298.94138892213687,475
26415000,52830.00000984538,300.02125997721623,475
26420000,52840.00000984742,301.1350034439248,475
26425000,52850.00000984946,300.66200572722545,475
26430000,52860.000009851494,298.4313128540653,475
26435000,52870.00000985353,299.61131977877176,475
26440000,52880.00000985557,299.60970575393566,475
26445000,52890.000009857606,301.2589074875084,475
26450000,52900.00000985964,298.8326080701684,475
26455000,52910.00000986168,300.8713867573354,475
26460000,52920.00000986372,301.0983672911379,475
26465000,52930.000009865755,297.5885486803903,475
26470000,52940.00000986779,301.6483296715978,475
26475000,52950.00000986983,302.90930315726126,475
26480000,52960.00000987187,298.18903224921365,475
26485000,52970.000009873904,299.9165694621612,475
26490000,52980.00000987594,298.9842600749756,475
26495000,52990.00000987798,301.1719933555799,475
26500000,53000.000009880016,302.4112106708497,475
26505000,53010.00000988205,303.18056987937524,475
26510000,53020.00000988409,301.15092259299337,475
26515000,53030.00000988613,298.6466414551467,475
26520000,53040.000009888165,302.0140279015893,475
26525000,53050.0000098902,299.9153976359104,475
26530000,53060.00000989224,300.7505781038485,475
26535000,53070.00000989428,299.3918787308476,475
26540000,53080.000009896314,299.5503405938675,475
26545000,53090.00000989835,301.30876537799395,475
26550000,53100.00000990039,299.14725447349423,475
26555000,53110.000009902426,302.0045648518652,475
26560000,53120.00000990446,299.2572734815013,475
26565000,53130.0000099065,297.36320428135326,475
26570000,53140.00000990854,298.8097242933824,475
26575000,53150.000009910575,300.3053504583021,475
26580000,53160.00000991261,299.51985100141536,475
26585000,53170.00000991465,299.1628640835531,475
26590000,53180.00000991669,299.7817431135223,475
26595000,53190.000009918724,300.00096306215386,475
26600000,53200.00000992076,301.62546800474104,475
26605000,53210.0000099228,301.6608217816308,475
26610000,53220.000009924835,302.77012115255775,475
26615000,53230.00000992687,299.547178873983,475
26620000,53240.00000992891,299.1010889411954,475
26625000,53250.00000993095,298.54192883016253,475
26630000,53260.000009932985,301.3538033039004,475
26635000,53270.00000993502,302.34010513834346,475
26640000,53280.00000993706,300.15027141445927,475
26645000,53290.000009939096,297.62390245728005,475
26650000,53300.00000994113,299.2760890313032,475
26655000,53310.00000994317,298.24065893404014,475
26660000,53320.00000994521,299.1882462823457,475
26665000,53330.000009947245,301.4308785173073,475
26670000,53340.00000994928,301.0606919716757,475
26675000,53350.00000995132,300.5050252294661,475
26680000,53360.00000995336,300.1455398895973,475
26685000,53370.000009955394,302.4764349621722,475
26690000,53380.00000995743,298.03335623728077,475
26695000,53390.00000995947,297.67179256406126,475
26700000,53400.000009961506,300.14007873706953,475
26705000,53410.00000996354,299.3039033223146,475
26710000,53420.00000996558,300.1965474964044,475
26715000,53430.00000996762,301.03265658137155,475
26720000,53440.000009969655,298.6744557461582,475
26725000,53450.00000997169,299.2887138009117,475
26730000,53460.00000997373,301.3738127898823,475
26735000,53470.00000997577,301.91780548944166,475
26740000,53480.000009977804,301.19806096217974,475
26745000,53490.00000997984,297.63347605665047,475
26750000,53500.00000998188,297.70108822033325,475
26755000,53510.000009983916,299.21709974003244,475
26760000,53520.00000998595,299.8930666073559,475
26765000,53530.00000998799,300.82902413286973,475
26770000,53540.00000999003,299.5669230408139,475
26775000,53550.000009992065,299.8270463585799,475
26780000,53560.0000099941,298.2389785794162,475
26785000,53570.00000999614,301.5058090675758,475
26790000,53580.00000999818,297.95888999552676,475
26795000,53590.000010000214,299.24758933248455,475
26800000,53600.00001000225,298.58017900778555,475
26805000,53610.00001000429,299.1690548637464,475
26810000,53620.000010006326,301.12060987997535,475
26815000,53630.00001000836,303.76895931689234,475
26820000,53640.0000100104,301.6229032529467,475
26825000,53650.00001001244,300.14728657400894,475
26830000,53660.000010014475,297.57603446042805,475
26835000,53670.00001001651,300.7353001427286,475
26840000,53680.00001001855,302.33422389715986,475
26845000,53690.00001002059,301.8569147442544,475
26850000,53700.000010022624,300.6199968616279,475
26855000,53710.00001002466,301.85810868043455,475
26860000,53720.0000100267,303.2559868480875,475
26865000,53730.000010028736,300.9606666516949,475
26870000,53740.00001003077,299.619279353306,475
26875000,53750.00001003281,301.9967600468358,475
26880000,53760.00001003485,301.33750828603434,475
26885000,53770.000010036885,297.6407944432361,475
26890000,53780.00001003892,300.6086765778458,475
26895000,53790.00001004096,299.40215984795435,475
26900000,53800.000010043,300.873288211252,475
26905000,53810.000010045034,302.1369148884268,475
26910000,53820.00001004707,301.58602389093784,475
26915000,53830.00001004911,299.1775892964415,475
26920000,53840.000010051146,299.17102264745074,475
26925000,53850.00001005318,299.4276083765348,475
26930000,53860.00001005522,298.5895536177926,475
26935000,53870.00001005726,300.9564878750644,475
26940000,53880.000010059295,299.0752866537468,475
26945000,53890.00001006133,298.3736059386918,475
26950000,53900.00001006337,300.02979440991135,475
26955000,53910.00001006541,301.2127861750681,475
26960000,53920.000010067444,298.9578829293662,475
26965000,53930.00001006948,296.8393537273515,475
26970000,53940.00001007152,300.28772884468043,475
26975000,53950.000010073556,300.6364024291402,475
26980000,53960.00001007559,302.5720382963006,475
26985000,53970.00001007763,297.63022589704894,475
26990000,53980.00001007967,299.0229524511839,475
26995000,53990.000010081705,297.2927178268664,475
27000000,54000.00001008374,299.0139758199036,475
27005000,54010.00001008578,299.96010391287786,475
27010000,54020.00001008782,302.97339984219144,475
27015000,54030.000010089854,301.1834020790791,475
27020000,54040.00001009189,300.3621729765051,475
27025000,54050.00001009393,302.2827519818382,475
27030000,54060.000010095966,297.3863312673612,475
27035000,54070.000010098,299.99857518979354,475
27040000,54080.00001010004,298.7754096831679,475
27045000,54090.00001010208,301.2771039592909,475
27050000,54100.000010104115,303.3660942958117,475
27055000,54110.00001010615,301.03289979059343,475
27060000,54120.00001010819,300.3892797497802,475
27065000,54130.00001011023,299.1467901649797,475
27070000,54140.000010112264,300.9096369349585,475
27075000,54150.0000101143,301.8195489638018,475
27080000,54160.00001011634,300.62483893613626,475
27085000,54170.000010118376,301.76778961939976,475
27090000,54180.00001012041,300.64741317391264,475
27095000,54190.00001012245,301.5482601317586,475
27100000,54200.00001012449,300.5009127826234,475
27105000,54210.000010126525,303.77052912186997,475
27110000,54220.00001012856,299.3756500427694,475
27115000,54230.0000101306,299.8065725640834,475
27120000,54240.00001013264,299.4248888552356,475
27125000,54250.000010134674,297.44899080688936,475
27130000,54260.00001013671,300.4927542187258,475
27135000,54270.00001013875,298.55170141889624,475
27140000,54280.000010140786,298.6031070044301,475
27145000,54290.00001014282,298.6029080150667,475
27150000,54300.00001014486,297.9798059886085,475
27155000,54310.0000101469,301.13719232692176,475
27160000,54320.000010148935,299.5547404697906,475
27165000,54330.00001015097,302.1085920690424,475
27170000,54340.00001015301,298.62070650812257,475
27175000,54350.00001015505,300.0623402257848,475
27180000,54360.000010157084,299.0058614758645,475
27185000,54370.00001015912,300.7135218624056,475
27190000,54380.00001016116,301.5648867985635,475
27195000,54390.000010163196,300.4860991300179,475
27200000,54400.00001016523,299.2247276656278,475
27205000,54410.00001016727,298.9634988513987,475
27210000,54420.00001016931,300.63719838659364,475
27215000,54430.000010171345,301.671987295908,475
27220000,54440.00001017338,301.26932126419075,475
27225000,54450.00001017542,298.0783720532579,475
27230000,54460.00001017746,299.5342666752941,475
27235000,54470.000010179494,302.1011410228811,475
27240000,54480.00001018153,300.56748577963094,475
27245000,54490.00001018357,301.4431495280476,475
27250000,54500.000010185606,301.5833485894972,475
27255000,54510.00001018764,300.3195671428175,475
27260000,54520.00001018968,301.91174736882385,475
27265000,54530.00001019172,298.7836566867826,475
27270000,54540.000010193755,300.3121382065855,475
27275000,54550.00001019579,300.0318285234034,475
27280000,54560.00001019783,299.11705231012246,475
27285000,54570.00001019987,303.0424933711348,475
27290000,54580.000010201904,298.6316067032487,475
27295000,54590.00001020394,302.8997295578909,475
27300000,54600.00001020598,299.2126777541801,475
27305000,54610.000010208016,302.02388893004013,475
27310000,54620.00001021005,300.1167748716275,475
27315000,54630.00001021209,299.8919168910342,475
27320000,54640.00001021413,301.21369268216785,475
27325000,54650.000010216165,300.2706599792902,475
27330000,54660.0000102182,300.28131696519443,475
27335000,54670.00001022024,302.08957752987715,475
27340000,54680.00001022228,301.88802341472586,475
27345000,54690.000010224314,299.6451037506839,475
27350000,54700.00001022635,300.45883758723807,475
27355000,54710.00001022839,299.5072041218776,475
27360000,54720.000010230426,300.7610139904602,475
27365000,54730.00001023246,301.17429278822317,475
27370000,54740.0000102345,299.1433189060856,475
27375000,54750.00001023654,300.98063191781836,475
27380000,54760.000010238575,299.0508109620539,475
27385000,54770.00001024061,301.9783203658314,475
27390000,54780.00001024265,298.2698440406658,475
27395000,54790.00001024469,298.2025414159927,475
27400000,54800.000010246724,300.24076735492815,475
27405000,54810.00001024876,302.3545429221515,475
27410000,54820.0000102508,299.6854985914453,475
27415000,54830.000010252836,301.7904965167517,475
27420000,54840.00001025487,299.58962993816584,475
27425000,54850.00001025691,300.1873276559022,475
27430000,54860.00001025895,300.4099525336401,475
27435000,54870.000010260985,299.2712690667241,475
27440000,54880.00001026302,300.28730875602446,475
27445000,54890.00001026506,300.68500005365786,475
27450000,54900.0000102671,301.0262668118149,475
27455000,54910.000010269134,299.9800470690721,475
27460000,54920.00001027117,297.7312461638465,475
27465000,54930.00001027321,300.1894723190406,475
27470000,54940.000010275246,298.48033056723887,475
27475000,54950.00001027728,300.60518320902247,475
27480000,54960.00001027932,299.8511019616168,475
27485000,54970.00001028136,299.46041951155945,475
27490000,54980.000010283395,300.61676881195564,475
27495000,54990.00001028543,299.8402902062078,475
27500000,55000.00001028747,299.6768314991747,475
27505000,55010.00001028951,299.84588401831104,475
27510000,55020.000010291544,299.75773173034395,475
27515000,55030.00001029358,299.4272546176666,475
27520000,55040.00001029562,303.19129319506726,475
27525000,55050.000010297656,301.158152539862,475
27530000,55060.00001029969,299.05089940177095,475
27535000,55070.00001030173,300.98111833626217,475
27540000,55080.00001030377,298.20665386283537,475
27545000,55090.000010305805,297.93722226485016,475
27550000,55100.00001030784,302.75915462764385,475
27555000,55110.00001030988,300.7990872886491,475
27560000,55120.00001031192,301.02593516287595,475
27565000,55130.000010313954,297.19152068063477,475
27570000,55140.00001031599,298.4488902478285,475
27575000,55150.00001031803,301.33021200937793,475
27580000,55160.000010320065,303.17048775163187,475
27585000,55170.0000103221,299.44602594760994,475
27590000,55180.00001032414,298.55101601108913,475
27595000,55190.00001032618,298.97941800046726,475
27600000,55200.000010328215,300.70058755378744,475
27605000,55210.00001033025,299.1685463353734,475
27610000,55220.00001033229,296.1850988105633,475
27615000,55230.000010334326,300.59775427279044,475
27620000,55240.00001033636,299.2713575064411,475
27625000,55250.0000103384,302.309925084901,475
27630000,55260.00001034044,303.29556362146633,475
27635000,55270.000010342475,300.59642767703474,475
27640000,55280.00001034451,296.9620417248257,475
27645000,55290.00001034655,300.9105655519875,475
27650000,55300.00001034859,301.31663651281116,475
27655000,55310.000010350625,298.6724658525246,475
27660000,55320.00001035266,301.67181041647393,475
27665000,55330.0000103547,300.35883437718655,475
27670000,55340.000010356736,297.37005835942443,475
27675000,55350.00001035877,301.5118008584057,475
27680000,55360.00001036081,299.9416421219442,475
27685000,55370.00001036285,302.2071802436211,475
27690000,55380.000010364885,298.00094308098284,475
27695000,55390.00001036692,301.4888065319734,475
27700000,55400.00001036896,298.8901823259663,475
27705000,55410.000010371,302.6964729781865,475
27710000,55420.000010373034,299.59834125029505,475
27715000,55430.00001037507,299.7924664292143,475
27720000,55440.00001037711,301.3045644914342,475
27725000,55450.000010379146,300.87403994884687,475
27730000,55460.00001038118,299.8388088409472,475
27735000,55470.00001038322,299.5981201510024,475
27740000,55480.00001038526,301.90369935457255,475
27745000,55490.000010387295,301.17606158256416,475
27750000,55500.00001038933,302.62731311945527,475
27755000,55510.00001039137,299.1929778072078,475
27760000,55520.00001039341,298.8577249498099,475
27765000,55530.000010395444,302.0266084513393,475
27770000,55540.00001039748,299.11015401219277,475
27775000,55550.00001039952,300.0530098356363,475
27780000,55560.000010401556,301.0561152163184,475
27785000,55570.00001040359,299.04072883431047,475
27790000,55580.00001040563,302.4120066283031,475
27795000,55590.00001040767,299.4137675608169,475
27800000,55600.000010409705,302.75192468077523,475
27805000,55610.00001041174,300.3935027462692,475
27810000,55620.00001041378,300.3415444125038,475
27815000,55630.00001041582,300.1224792333771,475
27820000,55640.000010417854,300.45527788862694,475
27825000,55650.00001041989,298.2247840048301,475
27830000,55660.00001042193,299.23131642454786,475
27835000,55670.000010423966,299.427542046747,475
27840000,55680.000010426,298.50279425536894,475
27845000,55690.00001042804,298.66923780285236,475
27850000,55700.00001043008,297.5901848151557,475
27855000,55710.000010432115,300.5576468611094,475
27860000,55720.00001043415,299.84606089774513,475
27865000,55730.00001043619,300.832340622259,475
27870000,55740.00001043823,301.9175180603612,475
27875000,55750.000010440264,297.4454089983489,475
27880000,55760.0000104423,300.78873984175453,475
27885000,55770.00001044434,301.2298771503875,475
27890000,55780.000010446376,296.63744585333205,475
27895000,55790.00001044841,300.66779852869206,475
27900000,55800.00001045045,300.31872696550556,475
27905000,55810.00001045249,299.1457952181629,475
27910000,55820.000010454525,299.7279717655574,475
27915000,55830.00001045656,299.7876906844937,475
27920000,55840.0000104586,300.7982913311957,475
27925000,55850.00001046064,303.0895654105334,475
27930000,55860.000010462674,299.11439911861106,475
27935000,55870.00001046471,300.97004126170197,475
27940000,55880.00001046675,299.9268063594095,475
27945000,55890.000010468786,301.3120155375954,475
27950000,55900.00001047082,303.26743979144516,475
27955000,55910.00001047286,300.6812855855418,475
27960000,55920.0000104749,299.3434358758348,475
27965000,55930.000010476935,299.38409603574746,475
27970000,55940.00001047897,302.85663730575953,475
27975000,55950.00001048101,298.80600982526636,475
27980000,55960.00001048305,299.35256727662,475
27985000,55970.000010485084,299.23167018341604,475
27990000,55980.00001048712,300.94364200616326,475
27995000,55990.00001048916,301.19589418911204,475
28000000,56000.000010491196,301.7996500274661,475
28005000,56010.00001049323,297.93580722937736,475
28010000,56020.00001049527,300.89128569367114,475
28015000,56030.00001049731,301.43355381874795,475
28020000,56040.000010499345,298.4365971271589,475
28025000,56050.00001050138,302.471769767098,475
28030000,56060.00001050342,301.70771694159527,475
28035000,56070.00001050546,300.026898009178,475
28040000,56080.000010507494,299.93052082752547,475
28045000,56090.00001050953,298.04295194658044,475
28050000,56100.00001051157,299.07042246930916,475
28055000,56110.000010513606,299.41487305728,475
28060000,56120.00001051564,299.5597815336623,475
28065000,56130.00001051768,298.62543803298456,475
28070000,56140.00001051972,300.0121949062189,475
28075000,56150.000010521755,300.1810263260626,475
28080000,56160.00001052379,298.5620046459323,475
28085000,56170.00001052583,300.86367039202304,475
28090000,56180.00001052787,301.8732097621204,475
28095000,56190.000010529904,300.5361338999376,475
28100000,56200.00001053194,299.55511633858805,475
28105000,56210.00001053398,301.7889488217034,475
28110000,56220.000010536016,299.52241575320977,475
28115000,56230.00001053805,301.5555342984857,475
28120000,56240.00001054009,299.2457320984266,475
28125000,56250.00001054213,298.4501284038672,475
28130000,56260.000010544165,301.15788722071085,475
28135000,56270.0000105462,300.52019264093974,475
28140000,56280.00001054824,299.3235811593576,475
28145000,56290.00001055028,302.58086015807606,475
28150000,56300.000010552314,298.52057063849554,475
28155000,56310.00001055435,297.5373420842198,475
28160000,56320.00001055639,302.24403749570064,475
28165000,56330.000010558426,301.70484265079125,475
28170000,56340.00001056046,302.54362703719903,475
28175000,56350.0000105625,300.9646243290328,475
28180000,56360.00001056454,300.2020528687906,475
28185000,56370.000010566575,297.48465412278875,475
28190000,56380.00001056861,299.2969829144556,475
28195000,56390.00001057065,301.3039896332734,475
28200000,56400.00001057269,300.2175077093447,475
28205000,56410.000010574724,301.98373729850056,475
28210000,56420.00001057676,300.24337632658103,475
28215000,56430.0000105788,301.6724958242811,475
28220000,56440.000010580836,299.1846644738053,475
28225000,56450.00001058287,299.6118283071448,475
28230000,56460.00001058491,297.91703589943404,475
28235000,56470.00001058695,297.83029864693964,475
28240000,56480.000010588985,299.1925577185518,475
28245000,56490.00001059102,301.03283346080565,475
28250000,56500.00001059306,299.6923305595873,475
28255000,56510.0000105951,302.57769843819165,475
28260000,56520.000010597134,297.24657440449687,475
28265000,56530.00001059917,301.2052466891898,475
28270000,56540.00001060121,301.0423407303883,475
28275000,56550.000010603246,302.7392335813789,475
28280000,56560.00001060528,298.97585830185614,475
28285000,56570.00001060732,300.4805716477025,475
28290000,56580.00001060936,299.523366480168,475
28295000,56590.000010611395,299.8028580959674,475
28300000,56600.00001061343,299.5181706467915,475
28305000,56610.00001061547,298.2846576932713,475
28310000,56620.00001061751,300.8746148070077,475
28315000,56630.000010619544,298.0458041274552,475
28320000,56640.00001062158,299.6022989276329,475
28325000,56650.00001062362,300.85363248413813,475
28330000,56660.000010625656,297.91515655544674,475
28335000,56670.00001062769,300.36942503330306,475
28340000,56680.00001062973,300.52253629344153,475
28345000,56690.00001063177,299.026755359017,475
28350000,56700.000010633805,300.3210263981488,475
28355000,56710.00001063584,300.41857540605224,475
28360000,56720.00001063788,300.9519995594243,475
28365000,56730.00001063992,297.30682396173546,475
28370000,56740.000010641954,302.2697955632907,475
28375000,56750.00001064399,300.5445577829864,475
28380000,56760.00001064603,300.1396144285551,475
28385000,56770.000010648066,301.85817501022234,475
28390000,56780.0000106501,301.7465198674498,475
28395000,56790.00001065214,302.0455124408582,475
28400000,56800.00001065418,300.93519601318525,475
28405000,56810.000010656215,298.79325239608227,475
28410000,56820.00001065825,299.3444308226516,475
28415000,56830.00001066029,301.5871736072595,475
28420000,56840.00001066233,299.26050153117353,475
28425000,56850.000010664364,300.3935248561985,475
28430000,56860.0000106664,299.7643425991932,475
28435000,56870.00001066844,302.2161126550429,475
28440000,56880.000010670476,298.5758012417917,475
28445000,56890.00001067251,302.6996346980709,475
28450000,56900.00001067455,301.79483006288706,475
28455000,56910.00001067659,298.17163173488456,475
28460000,56920.000010678625,299.1062847745719,475
28465000,56930.00001068066,299.5285623135445,475
28470000,56940.0000106827,301.2946813530541,475
28475000,56950.00001068474,300.70998427372376,475
28480000,56960.000010686774,299.578243324596,475
28485000,56970.00001068881,301.37051841042233,475
28490000,56980.00001069085,300.4027446967007,475
28495000,56990.000010692886,299.5714555763126,475
28500000,57000.00001069492,298.80176471884806,475
28505000,57010.00001069696,298.20028620320795,475
28510000,57020.000010699,299.34485091130756,475
28515000,57030.000010701035,298.3611580485174,475
28520000,57040.00001070307,301.1516964405175,475
28525000,57050.00001070511,297.78048497631266,475
28530000,57060.00001070715,298.13391219556377,475
28535000,57070.000010709184,300.1378014143556,475
28540000,57080.00001071122,299.9096490543023,475
28545000,57090.00001071326,300.70436835169124,475
28550000,57100.000010715296,303.1499255174183,475
28555000,57110.00001071733,300.2038437730608,475
28560000,57120.00001071937,301.1899908379991,475
28565000,57130.00001072141,300.12294354189163,475
28570000,57140.000010723445,300.7334650185999,475
28575000,57150.00001072548,300.4817213640241,475
28580000,57160.00001072752,302.3920192522504,475
28585000,57170.00001072956,300.2811843056189,475
28590000,57180.000010731594,302.78086657817903,475
28595000,57190.00001073363,300.1514432407102,475
28600000,57200.00001073567,298.9734704294958,475
28605000,57210.000010737705,300.23990506768695,475
28610000,57220.00001073974,296.968475714241,475
28615000,57230.00001074178,299.7939256845456,475
28620000,57240.00001074382,301.5878811249959,475
28625000,57250.000010745855,300.36679395172087,475
28630000,57260.00001074789,303.43459085666495,475
28635000,57270.00001074993,302.87633725273184,475
28640000,57280.000010751966,300.0844280451174,475
28645000,57290.000010754,303.04833039246,475
28650000,57300.00001075604,299.2142475591577,475
28655000,57310.00001075808,303.99308766982006,475
28660000,57320.000010760115,302.77646670225596,475
28665000,57330.00001076215,298.4945472517543,475
28670000,57340.00001076419,302.0668706325252,475
28675000,57350.00001076623,300.2625456352511,475
28680000,57360.000010768264,299.2244623464766,475
28685000,57370.0000107703,301.1293654119631,475
28690000,57380.00001077234,302.5333238101631,475
28695000,57390.000010774376,301.8915388934785,475
28700000,57400.00001077641,299.3018913187518,475
28705000,57410.00001077845,299.27208713410676,475
28710000,57420.00001078049,300.6984871105076,475
28715000,57430.000010782525,300.18823416300194,475
28720000,57440.00001078456,299.29012883638444,475
28725000,57450.0000107866,299.7732307907565,475
28730000,57460.00001078864,299.3482779503432,475
28735000,57470.000010790674,299.7641214999006,475
28740000,57480.00001079271,298.61984422088136,475
28745000,57490.00001079475,299.3438559644908,475
28750000,57500.000010796786,299.55642082441454,475
28755000,57510.00001079882,298.1901156357475,475
28760000,57520.00001080086,298.7052106577614,475
28765000,57530.0000108029,300.2806978871751,475
28770000,57540.000010804935,299.57999000900764,475
28775000,57550.00001080697,300.48284897041646,475
28780000,57560.00001080901,302.2132162543096,475
28785000,57570.00001081105,298.09791723072544,475
28790000,57580.000010813084,298.14125269207875,475
28795000,57590.00001081512,301.4116649887787,475
28800000,57600.00001081716,299.6010607715943,475
28805000,57610.000010819196,299.38431713504,475
28810000,57620.00001082123,299.23591528983434,475
28815000,57630.00001082327,300.66014849316747,475
28820000,57640.00001082531,300.2371192166,475
28825000,57650.000010827345,298.8180376267848,475
28830000,57660.00001082938,301.272129225207,475
28835000,57670.00001083142,296.4803548059264,475
28840000,57680.00001083346,302.0987973703794,475
28845000,57690.000010835494,303.20650482639945,475
28850000,57700.00001083753,299.3355205211591,475
28855000,57710.00001083957,298.5627342735979,475
28860000,57720.000010841606,301.4333548293846,475
28865000,57730.00001084364,301.64970048721204,475
28870000,57740.00001084568,299.58739683531036,475
28875000,57750.00001084772,299.9461746574429,475
28880000,57760.000010849755,301.02031924084343,475
28885000,57770.00001085179,304.3607315735865,475
28890000,57780.00001085383,301.0554076985821,475
28895000,57790.00001085587,302.65548116933496,475
28900000,57800.000010857904,296.1010368595097,475
28905000,57810.00001085994,299.5221946539171,475
28910000,57820.00001086198,301.1965353770606,475
28915000,57830.000010864016,301.3947951127519,475
28920000,57840.00001086605,300.39155707249415,475
28925000,57850.00001086809,301.4989107696461,475
28930000,57860.00001087013,302.8059613478913,475
28935000,57870.000010872165,300.28808260354856,475
28940000,57880.0000108742,301.9328844611982,475
28945000,57890.00001087624,303.59948670910006,475
28950000,57900.00001087828,300.8843431758829,475
28955000,57910.000010880314,300.5322646623168,475
28960000,57920.00001088235,298.66908303334753,475
28965000,57930.00001088439,305.29571626221286,475
28970000,57940.000010886426,301.23949496961643,475
28975000,57950.00001088846,299.0879998630724,475
28980000,57960.0000108905,298.9093516346364,475
28985000,57970.00001089254,299.25026463392527,475
28990000,57980.000010894575,301.87898045365773,475
28995000,57990.00001089661,302.8575659227885,475
29000000,58000.00001089865,300.6223405141297,475
29005000,58010.00001090069,299.18039725745774,475
29010000,58020.000010902724,299.273037861065,475
29015000,58030.00001090476,298.82117723674,475
29020000,58040.0000109068,299.5639824202221,475
29025000,58050.000010908836,299.9033035046041,475
29030000,58060.00001091087,302.19006715837236,475
29035000,58070.00001091291,301.18572362165156,475
29040000,58080.00001091495,301.88273914163227,475
29045000,58090.000010916985,299.08782298363826,475
29050000,58100.00001091902,301.6207585898083,475
29055000,58110.00001092106,300.34517044090273,475
29060000,58120.0000109231,302.22066730047084,475
29065000,58130.000010925134,298.3500809739572,475
29070000,58140.00001092717,301.259548675457,475
29075000,58150.00001092921,299.55810117903843,475
29080000,58160.000010931246,303.1778282481468,475
29085000,58170.00001093328,300.2188785249589,475
29090000,58180.00001093532,301.5375589259958,475
29095000,58190.00001093736,300.29920389796735,475
29100000,58200.000010939395,297.44191562952557,475
29105000,58210.00001094143,300.8191631044189,475
29110000,58220.00001094347,300.5616045384473,475
29115000,58230.00001094551,299.8997659159222,475
29120000,58240.000010947544,301.56280846521287,475
29125000,58250.00001094958,303.6161575957635,475
29130000,58260.00001095162,299.76372352117386,475
29135000,58270.000010953656,300.18438703531035,475
29140000,58280.00001095569,299.9405366254811,475
29145000,58290.00001095773,301.8366620490505,475
29150000,58300.00001095977,302.21144745996867,475
29155000,58310.000010961805,300.29066946527223,475
29160000,58320.00001096384,301.3033926651833,475
29165000,58330.00001096588,300.9012793816975,475
29170000,58340.00001096792,301.65374660426704,475
29175000,58350.000010969954,301.8427643895268,475
29180000,58360.00001097199,300.7715825366473,475
29185000,58370.00001097403,299.83704004660626,475
29190000,58380.000010976066,300.33712242665143,475
29195000,58390.0000109781,301.10771979121563,475
29200000,58400.00001098014,299.75638302465893,475
29205000,58410.00001098218,298.8649770066078,475
29210000,58420.000010984215,299.78751380505963,475
29215000,58430.00001098625,300.6456664895009,475
29220000,58440.00001098829,299.453543323559,475
29225000,58450.00001099033,301.8262261624389,475
29230000,58460.000010992364,296.7679165459065,475
29235000,58470.0000109944,299.7859218901528,475
29240000,58480.00001099644,302.9860246118,475
29245000,58490.000010998476,297.92114834627677,475
29250000,58500.00001100051,300.8448106223627,475
29255000,58510.00001100255,300.6299905496543,475
29260000,58520.00001100459,302.28925230104113,475
29265000,58530.000011006625,300.41654129256005,475
29270000,58540.00001100866,301.91031022342185,475
29275000,58550.0000110107,298.0824845001007,475
29280000,58560.00001101274,299.4543171710832,475
29285000,58570.000011014774,301.4157332157629,475
29290000,58580.00001101681,300.34934921753324,475
29295000,58590.00001101885,300.87324399139345,475
29300000,58600.000011020886,302.08360784897644,475
29305000,58610.00001102292,300.46505047736065,475
29310000,58620.00001102496,299.8198606315698,475
29315000,58630.000011027,300.54155083260673,475
29320000,58640.000011029035,298.98684693669924,475
29325000,58650.00001103107,298.5512150004525,475
29330000,58660.00001103311,298.41004310211537,475
29335000,58670.00001103515,300.62258372335157,475
29340000,58680.000011037184,301.17424856836465,475
29345000,58690.00001103922,299.6094183248552,475
29350000,58700.00001104126,302.7079701414026,475
29355000,58710.000011043296,297.19923704594714,475
29360000,58720.00001104533,301.12556250413,475
29365000,58730.00001104737,297.6111671380252,475
29370000,58740.00001104941,300.30369221360746,475
29375000,58750.000011051445,299.85306974532114,475
29380000,58760.00001105348,301.14782720289674,475
29385000,58770.00001105552,302.65435356294256,475
29390000,58780.00001105756,298.4309148753386,475
29395000,58790.000011059594,300.3332310791013,475
29400000,58800.00001106163,301.93889836195746,475
29405000,58810.00001106367,300.5448452120668,475
29410000,58820.000011065706,300.1195386127853,475
29415000,58830.00001106774,300.635628581616,475
29420000,58840.00001106978,301.66225892703284,475
29425000,58850.00001107182,299.6216672256663,475
29430000,58860.000011073855,301.2013553416397,475
29435000,58870.00001107589,298.9091305353438,475
29440000,58880.00001107793,299.686736747484,475
29445000,58890.00001107997,300.76008537343114,475
29450000,58900.000011082004,300.15739081168164,475
29455000,58910.00001108404,300.5241503182777,475
29460000,58920.00001108608,298.71418728904183,475
29465000,58930.000011088116,301.7774516584872,475
29470000,58940.00001109015,299.3355205211591,475
29475000,58950.00001109219,297.70274646502793,475
29480000,58960.00001109423,302.19130531441107,475
29485000,58970.000011096265,300.52585278283084,475
29490000,58980.0000110983,299.71709368036056,475
29495000,58990.00001110034,300.53628866944246,475
29500000,59000.00001110238,300.5290366126445,475
29505000,59010.000011104414,301.0325681416545,475
29510000,59020.00001110645,300.4525141474692,475
29515000,59030.00001110849,299.3333095282329,475
29520000,59040.000011110526,301.19764087352377,475
29525000,59050.00001111256,299.6360386796865,475
29530000,59060.0000111146,298.48457567365716,475
29535000,59070.00001111664,301.5813365859343,475
29540000,59080.000011118675,300.1231646411842,475
29545000,59090.00001112071,301.4716713367954,475
29550000,59100.00001112275,298.77364088882695,475
29555000,59110.00001112479,302.16055040280776,475
29560000,59120.000011126824,301.9170095319882,475
29565000,59130.00001112886,299.2238211585281,475
29570000,59140.0000111309,300.89057817593476,475
29575000,59150.000011132935,300.2187458653833,475
29580000,59160.00001113497,298.93623730861884,475
29585000,59170.00001113701,301.6427137495653,475
29590000,59180.00001113905,299.12527720380785,475
29595000,59190.000011141085,300.1665885422546,475
29600000,59200.00001114312,300.8084840085854,475
29605000,59210.00001114516,301.0235472905157,475
29610000,59220.000011147196,301.4582727196628,475
29615000,59230.00001114923,302.2657715561651,475
29620000,59240.00001115127,299.8761304015413,475
29625000,59250.00001115331,301.1399339581502,475
29630000,59260.000011155345,300.3216896960266,475
29635000,59270.00001115738,300.31507882717733,475
29640000,59280.00001115942,300.3892134199924,475
29645000,59290.00001116146,297.9107566795237,475
29650000,59300.000011163494,301.0439547552244,475
29655000,59310.00001116553,300.79842399077125,475
29660000,59320.00001116757,301.59767582365885,475
29665000,59330.000011169606,299.43366649715256,475
29670000,59340.00001117164,299.357210361765,475
29675000,59350.00001117368,298.19179599037136,475
29680000,59360.00001117572,302.8731313129889,475
29685000,59370.000011177755,298.8071374316587,475
29690000,59380.00001117979,300.92084666909426,475
29695000,59390.00001118183,299.55624394498045,475
29700000,59400.00001118387,298.8672543293218,475
29705000,59410.000011185904,298.08555778026806,475
29710000,59420.00001118794,299.42632600063763,475
29715000,59430.00001118998,302.2682920881009,475
29720000,59440.000011192016,301.1815890648796,475
29725000,59450.00001119405,302.0136299228626,475
29730000,59460.00001119609,302.38905652172934,475
29735000,59470.00001119813,300.1937616453174,475
29740000,59480.000011200165,299.2167017613058,475
29745000,59490.0000112022,301.17389480949646,475
29750000,59500.00001120424,298.2437101042783,475
29755000,59510.00001120628,301.1565385150259,475
29760000,59520.000011208314,298.93258917029067,475
29765000,59530.00001121035,301.6311060367028,475
29770000,59540.00001121239,299.6280348852937,475
29775000,59550.000011214426,298.6043230505395,475
29780000,59560.00001121646,302.04246127062004,475
29785000,59570.0000112185,301.2742959982747,475
29790000,59580.00001122054,300.5054010982636,475
29795000,59590.000011222575,299.65352763373266,475
29800000,59600.00001122461,299.92138942674035,475
29805000,59610.00001122665,299.3043013010413,475
29810000,59620.00001122869,298.6441651430694,475
29815000,59630.000011230724,301.67786853709174,475
29820000,59640.00001123276,300.21646854266936,475
29825000,59650.0000112348,299.01167638726037,475
29830000,59660.000011236836,298.664815817,475
29835000,59670.00001123887,303.36865904760606,475
29840000,59680.00001124091,301.70669988484923,475
29845000,59690.00001124295,300.354898809778,475
29850000,59700.000011244985,300.4692071440619,475
29855000,59710.00001124702,301.1466995965044,475
29860000,59720.00001124906,299.0515184797903,475
29865000,59730.0000112511,298.07832783339944,475
29870000,59740.000011253134,298.2134195011895,475
29875000,59750.00001125517,299.424247667287,475
29880000,59760.00001125721,298.28492301242244,475
29885000,59770.000011259246,298.3532869137002,475
29890000,59780.00001126128,301.82980797097935,475
29895000,59790.00001126332,300.37099483828064,475
29900000,59800.00001126536,297.4385107004192,475
29905000,59810.000011267395,298.98819564238426,475
29910000,59820.00001126943,299.4314997240849,475
29915000,59830.00001127147,300.71785540854097,475
29920000,59840.00001127351,299.39462036207607,475
29925000,59850.000011275544,300.2348861137445,475
29930000,59860.00001127758,298.9767426990266,475
29935000,59870.00001127962,300.5599241838234,475
29940000,59880.000011281656,299.90582403653997,475
29945000,59890.00001128369,303.0425154810641,475
29950000,59900.00001128573,302.16977024331,475
29955000,59910.00001128777,300.5222046445026,475
29960000,59920.000011289805,301.29076789557473,475
29965000,59930.00001129184,299.8387646210887,475
29970000,59940.00001129388,301.3276472575835,475
29975000,59950.00001129592,301.29625115803174,475
29980000,59960.000011297954,298.51942092217394,475
29985000,59970.00001129999,298.87309135064686,475
29990000,59980.00001130203,298.79115195280235,475
29995000,59990.000011304066,302.4389365221441,475
30000000,60000.0000113061,299.6126684844567,475
30005000,60010.00001130814,303.2698276638055,475
30010000,60020.00001131018,301.08063512786987,475
30015000,60030.000011312215,302.0385257032115,475
30020000,60040.00001131425,300.67608975216524,475
30025000,60050.00001131629,299.73195155282457,475
30030000,60060.00001131833,300.9020974490802,475
30035000,60070.000011320364,302.64575280045966,475
30040000,60080.0000113224,301.1291443126704,475
30045000,60090.00001132444,300.1541406520801,475
30050000,60100.000011326476,299.20319259452674,475
30055000,60110.00001132851,299.473132720885,475
30060000,60120.00001133055,300.2720086849752,475
30065000,60130.00001133259,301.72169041688875,475
30070000,60140.000011334625,302.06932483467324,475
30075000,60150.00001133666,299.47288951166314,475
30080000,60160.0000113387,303.8280591578094,475
30085000,60170.00001134074,297.97757288575303,475
30090000,60180.000011342774,301.745436480916,475
30095000,60190.00001134481,297.54446148144217,475
30100000,60200.00001134685,300.88031916875724,475
30105000,60210.000011348886,297.5575063397066,475
30110000,60220.00001135092,301.1497507667425,475
30115000,60230.00001135296,299.02317355047654,475
30120000,60240.000011355,300.8652844168592,475
30125000,60250.000011357035,301.5189202556281,475
30130000,60260.00001135907,298.0560631346327,475
30135000,60270.00001136111,301.88464059554883,475
30140000,60280.00001136315,299.9952587004043,475
30145000,60290.000011365184,298.7666099313217,475
30150000,60300.00001136722,300.01511341688143,475
30155000,60310.00001136926,298.1763190398881,475
30160000,60320.000011371296,299.1878040837605,475
30165000,60330.00001137333,299.53397924621373,475
30170000,60340.00001137537,299.90478486986467,475
30175000,60350.00001137741,300.3793745014709,475
30180000,60360.000011379445,301.2664911932452,475
30185000,60370.00001138148,300.3564907246848,475
30190000,60380.00001138352,297.089461247162,475
30195000,60390.00001138556,299.08110156514266,475
30200000,60400.000011387594,302.4391576214367,475
30205000,60410.00001138963,301.0303129288698,475
30210000,60420.00001139167,298.9335841171074,475
30215000,60430.000011393706,298.70399461165204,475
30220000,60440.00001139574,299.14552989901176,475
30225000,60450.00001139778,302.43455875615024,475
30230000,60460.00001139982,299.19620585688,475
30235000,60470.000011401855,301.3857300417545,475
30240000,60480.00001140389,300.5068382436656,475
30245000,60490.00001140593,299.80409625200605,475
30250000,60500.00001140797,299.3792981810976,475
30255000,60510.000011410004,300.59222679047497,475
30260000,60520.00001141204,302.6428342897971,475
30265000,60530.00001141408,302.63040850955196,475
30270000,60540.000011416116,300.58849021242975,475
30275000,60550.00001141815,298.2744871258108,475
30280000,60560.00001142019,301.2438727356103,475
30285000,60570.00001142223,299.6943425631501,475
30290000,60580.000011424265,300.7113771992672,475
30295000,60590.0000114263,299.85937107516077,475
30300000,60600.00001142834,300.3306884372362,475
30305000,60610.00001143038,301.4391034109927,475
30310000,60620.000011432414,301.55705988360484,475
30315000,60630.00001143445,298.7967236549764,475
30320000,60640.00001143649,303.58922770192254,475
30325000,60650.000011438526,298.5769730680426,475
30330000,60660.00001144056,299.5290929518468,475
30335000,60670.0000114426,301.4259922229404,475
30340000,60680.00001144464,299.75700210267826,475
30345000,60690.000011446675,302.7445399644018,475
30350000,60700.00001144871,300.0074191614983,475
30355000,60710.00001145075,301.01156370885576,475
30360000,60720.00001145279,301.37575846365746,475
30365000,60730.000011454824,300.51254260541515,475
30370000,60740.00001145686,300.12637058092724,475
30375000,60750.0000114589,301.0164721131519,475
30380000,60760.000011460936,299.3838749364548,475
30385000,60770.00001146297,299.77875827307196,475
30390000,60780.00001146501,304.0387667836751,475
30395000,60790.00001146705,299.5231011610169,475
30400000,60800.000011469085,300.58017687902725,475
30405000,60810.00001147112,298.7965467755423,475
30410000,60820.00001147316,296.37241413127,475
30415000,60830.0000114752,300.62662984040645,475
30420000,60840.000011477234,298.4694967019006,475
30425000,60850.00001147927,301.24617216825357,475
30430000,60860.00001148131,301.9033013758458,475
30435000,60870.000011483346,299.9037457031893,475
30440000,60880.00001148538,301.84006697815687,475
30445000,60890.00001148742,301.1668859619204,475
30450000,60900.00001148946,300.9289167932749,475
30455000,60910.000011491495,299.3469292446582,475
30460000,60920.00001149353,301.6954017109964,475
30465000,60930.00001149557,299.6902743361659,475
30470000,60940.00001149761,299.7121631661352,475
30475000,60950.000011499644,298.7511329808384,475
30480000,60960.00001150168,300.14401430447816,475
30485000,60970.00001150372,300.3095734547911,475
30490000,60980.000011505756,298.8078228394658,475
30495000,60990.00001150779,299.45400763207346,475
30500000,61000.00001150983,301.2655625762162,475
30505000,61010.00001151187,299.4946456820568,475
30510000,61020.000011513905,299.2402267260404,475
30515000,61030.00001151594,300.6431238476358,475
30520000,61040.00001151798,302.17299829298224,475
30525000,61050.00001152002,300.67199941525183,475
30530000,61060.000011522054,298.5043419504173,475
30535000,61070.00001152409,302.5759959736385,475
30540000,61080.00001152613,301.21196810768544,475
30545000,61090.000011528165,300.3242986676795,475
30550000,61100.0000115302,301.9876065361214,475
30555000,61110.00001153224,299.2009594916713,475
30560000,61120.00001153428,302.145626200556,475
30565000,61130.000011536315,298.84510018020137,475
30570000,61140.00001153835,300.1705019997339,475
30575000,61150.00001154039,299.4305711070559,475
30580000,61160.00001154243,301.9178497093001,475
30585000,61170.00001154446,300.10390689279717,475
30590000,61180.0000115465,299.87449426677586,475
30595000,61190.00001154854,301.0656888156889,475
30600000,61200.000011550575,296.64763853072185,475
30605000,61210.00001155261,299.3877220641464,475
30610000,61220.00001155465,301.14479814258783,475
30615000,61230.00001155669,299.50315800482264,475
30620000,61240.000011558725,302.30128010255964,475
30625000,61250.00001156076,300.5867656379473,475
30630000,61260.0000115628,301.67178830654467,475
30635000,61270.000011564836,299.7624853651352,475
30640000,61280.00001156687,299.0001792240442,475
30645000,61290.00001156891,300.5694093434767,475
30650000,61300.00001157095,300.15498082939206,475
30655000,61310.000011572985,299.2110416194147,475
30660000,61320.00001157502,301.41537945689475,475
30665000,61330.00001157706,300.62554645387263,475
30670000,61340.0000115791,300.53757104533963,475
30675000,61350.000011581134,300.82013594130643,475
30680000,61360.00001158317,298.35032418317905,475
30685000,61370.00001158521,301.3880958041855,475
30690000,61380.000011587246,301.85501329033787,475
30695000,61390.00001158928,299.73051440742256,475
30700000,61400.00001159132,302.8865299301215,475
30705000,61410.00001159336,301.86191158826756,475
30710000,61420.000011595395,302.0281782563169,475
30715000,61430.00001159743,300.22126639731914,475
30720000,61440.00001159947,299.852892865887,475
30725000,61450.00001160151,299.30472138969725,475
30730000,61460.000011603544,301.352167169135,475
30735000,61470.00001160558,299.6868030772718,475
30740000,61480.00001160762,301.8531339463506,475
30745000,61490.000011609656,299.17918121134835,475
30750000,61500.00001161169,299.4866197777348,475
30755000,61510.00001161373,300.440685335314,475
30760000,61520.00001161577,300.41658551241864,475
30765000,61530.000011617805,300.4860991300179,475
30770000,61540.00001161984,299.6017461794014,475
30775000,61550.00001162188,296.4865013662613,475
30780000,61560.00001162392,297.92943956974995,475
30785000,61570.000011625954,302.2484815914823,475
30790000,61580.00001162799,299.6927064283847,475
30795000,61590.00001163003,298.6262118805088,475
30800000,61600.000011632066,301.73190520420775,475
30805000,61610.0000116341,301.145571990112,475
30810000,61620.00001163614,299.0562942245108,475
30815000,61630.00001163818,298.33845115116543,475
30820000,61640.000011640215,299.4848730933231,475
30825000,61650.00001164225,300.7962572177036,475
30830000,61660.00001164429,302.5280616469987,475
30835000,61670.00001164633,299.99534714012134,475
30840000,61680.000011648364,299.8479402417324,475
30845000,61690.0000116504,301.7151679877565,475
30850000,61700.00001165244,298.134265954432,475
30855000,61710.000011654476,297.9099828319995,475
30860000,61720.00001165651,300.82442526758325,475
30865000,61730.00001165855,301.6498773666462,475
30870000,61740.00001166059,300.23382483713993,475
30875000,61750.000011662625,301.71779906933864,475
30880000,61760.00001166466,301.1480704121186,475
30885000,61770.0000116667,300.1764716806346,475
30890000,61780.00001166874,301.8941478651314,475
30895000,61790.000011670774,301.72111555872794,475
30900000,61800.00001167281,300.204617620585,475
30905000,61810.00001167485,298.00563038598636,475
30910000,61820.000011676886,297.7128949225591,475
30915000,61830.00001167892,298.15770247944954,475
30920000,61840.00001168096,301.6862703102112,475
30925000,61850.000011683,300.6447157625427,475
30930000,61860.000011685035,300.6790745926156,475
30935000,61870.00001168707,297.4799889277145,475
30940000,61880.00001168911,301.88994697857163,475
30945000,61890.00001169115,301.0845706952785,475
30950000,61900.000011693184,300.0356977610242,475
30955000,61910.00001169522,301.3514817613279,475
30960000,61920.00001169726,298.6147147172926,475
30965000,61930.000011699296,302.74730370555955,475
30970000,61940.00001170133,302.72212049613023,475
30975000,61950.00001170337,302.1396122997968,475
30980000,61960.00001170541,299.83991433741033,475
30985000,61970.000011707445,299.36884018455675,475
30990000,61980.00001170948,302.2752567158184,475
30995000,61990.00001171152,300.2531931351733,475
31000000,62000.00001171356,298.3704221088781,475
31005000,62010.000011715594,300.3998925158259,475
31010000,62020.00001171763,300.8464467571281,475
31015000,62030.00001171967,300.8296211009598,475
31020000,62040.000011721706,298.48302797860885,475
31025000,62050.00001172374,297.8556808457323,475
31030000,62060.00001172578,299.96613992356635,475
31035000,62070.00001172782,301.78037016914976,475
31040000,62080.000011729855,303.89118300585204,475
31045000,62090.00001173189,299.8492447275588,475
31050000,62100.00001173393,298.93831564196944,475
31055000,62110.00001173597,299.2573619212183,475
31060000,62120.000011738004,301.8738951699275,475
31065000,62130.00001174004,299.5721409841197,475
31070000,62140.00001174208,299.86394783051793,475
31075000,62150.000011744116,300.4264907607279,475
31080000,62160.00001174615,298.29193185999844,475
31085000,62170.00001174819,301.6890561612982,475
31090000,62180.00001175023,301.00784924073974,475
31095000,62190.000011752265,300.6036355139741,475
31100000,62200.0000117543,296.77804289350837,475
31105000,62210.00001175634,300.9208687790235,475
31110000,62220.00001175838,298.83110459497857,475
31115000,62230.000011760414,301.58964991933686,475
31120000,62240.00001176245,303.8788677752531,475
31125000,62250.00001176449,300.4417687218479,475
31130000,62260.000011766526,299.30215663790295,475
31135000,62270.00001176856,298.15796779860074,475
31140000,62280.0000117706,297.98192854181764,475
31145000,62290.00001177264,298.3662654421769,475
31150000,62300.000011774675,300.0974950133112,475
31155000,62310.00001177671,299.482927419548,475
31160000,62320.00001177875,302.0697228134,475
31165000,62330.00001178079,301.59694619599327,475
31170000,62340.000011782824,299.2761332511617,475
31175000,62350.00001178486,300.6901737771051,475
31180000,62360.0000117869,299.0622417954823,475
31185000,62370.000011788936,299.66882770478185,475
31190000,62380.00001179097,300.28861324185084,475
31195000,62390.00001179301,301.04475071267785,475
31200000,62400.00001179505,300.65700888321226,475
31205000,62410.000011797085,300.4378552643686,475
31210000,62420.00001179912,298.51995156047616,475
31215000,62430.00001180116,302.97996649118227,475
31220000,62440.0000118032,301.40206927947906,475
31225000,62450.000011805234,299.8602112524727,475
31230000,62460.00001180727,297.75384251155214,475
31235000,62470.00001180931,300.58499684360635,475
31240000,62480.000011811346,299.8316673337956,475
31245000,62490.00001181338,299.4469766745682,475
31250000,62500.00001181542,300.21553992564037,475
31255000,62510.00001181746,298.97477491532226,475
31260000,62520.000011819495,302.8506676248588,475
31265000,62530.00001182153,299.0886631609502,475
31270000,62540.00001182357,297.62511850338944,475
31275000,62550.00001182561,301.47669029073785,475
31280000,62560.000011827644,300.7268762596798,475
31285000,62570.00001182968,302.0062452064891,475
31290000,62580.00001183172,298.74107296302424,475
31295000,62590.000011833756,302.1497165374695,475
31300000,62600.00001183579,303.53824220504464,475
31305000,62610.00001183783,302.9650422889305,475
31310000,62620.00001183987,300.757542731566,475
31315000,62630.000011841905,300.4740713284995,475
31320000,62640.00001184394,299.7442667834234,475
31325000,62650.00001184598,302.2469781162925,475
31330000,62660.00001184802,301.6738887498246,475
31335000,62670.000011850054,301.4590686771162,475
31340000,62680.00001185209,298.8761646308143,475
31345000,62690.00001185413,301.7108123316919,475
31350000,62700.000011856166,302.0584246395472,475
31355000,62710.0000118582,299.19094369371567,475
31360000,62720.00001186024,301.104115872746,475
31365000,62730.00001186228,297.80493855807634,475
31370000,62740.000011864315,300.8289578030819,475
31375000,62750.00001186635,300.4972867542245,475
31380000,62760.00001186839,300.0554419278551,475
31385000,62770.00001187043,301.77860137480883,475
31390000,62780.000011872464,301.14709757523104,475
31395000,62790.0000118745,302.28133694636546,475
31400000,62800.00001187654,299.9009377421731,475
31405000,62810.000011878576,298.29151177134247,475
31410000,62820.00001188061,301.4610364608205,475
31415000,62830.00001188265,297.2229831099744,475
31420000,62840.00001188469,299.2170113003154,475
31425000,62850.000011886725,301.2351172036226,475
31430000,62860.00001188876,300.1442354037708,475
31435000,62870.0000118908,300.9787525738311,475
31440000,62880.00001189284,300.2079783298328,475
31445000,62890.000011894874,299.87529022422933,475
31450000,62900.00001189691,301.36572055577255,475
31455000,62910.00001189895,298.6140293094855,475
31460000,62920.000011900986,300.9763868114001,475
31465000,62930.00001190302,299.6882844425324,475
31470000,62940.00001190506,303.4536275057594,475
31475000,62950.0000119071,303.5270545808382,475
31480000,62960.000011909135,298.5169446100966,475
31485000,62970.00001191117,300.1600440031931,475
31490000,62980.00001191321,300.56542955620955,475
31495000,62990.00001191525,298.28160652303313,475
31500000,63000.000011917284,300.72081813906203,475
31505000,63010.00001191932,300.6111749998524,475
31510000,63020.00001192136,301.822688573757,475
31515000,63030.000011923396,301.603424405267,475
31520000,63040.00001192543,298.1611074085559,475
31525000,63050.00001192747,299.9444279730312,475
31530000,63060.00001192951,300.6643051598687,475
31535000,63070.000011931545,299.7070336625464,475
31540000,63080.00001193358,297.1793159996822,475
31545000,63090.00001193562,301.92713587959014,475
31550000,63100.00001193766,298.6274058166889,475
31555000,63110.000011939694,300.27428600768917,475
31560000,63120.00001194173,299.5283854341104,475
31565000,63130.00001194377,299.978941572609,475
31570000,63140.000011945805,301.61127343015494,475
31575000,63150.00001194784,299.8059755959933,475
31580000,63160.00001194988,302.8512203730903,475
31585000,63170.00001195192,299.7979054718127,475
31590000,63180.000011953955,299.01512553622524,475
31595000,63190.00001195599,300.23117164562854,475
31600000,63200.00001195803,300.92498122586625,475
31605000,63210.000011960066,299.9917653315809,475
31610000,63220.0000119621,301.22527828510107,475
31615000,63230.00001196414,299.0460573272626,475
31620000,63240.00001196618,299.5291371717054,475
31625000,63250.000011968215,299.12773140595596,475
31630000,63260.00001197025,301.8504807548392,475
31635000,63270.00001197229,302.4402188980413,475
31640000,63280.00001197433,299.4769135187888,475
31645000,63290.000011976364,297.80726010064876,475
31650000,63300.0000119784,301.1918480720571,475
31655000,63310.00001198044,299.9823022818568,475
31660000,63320.000011982476,300.0321380624131,475
31665000,63330.00001198451,300.997148034977,475
31670000,63340.00001198655,301.2288822035707,475
31675000,63350.00001198859,300.8485914202664,475
31680000,63360.000011990625,300.9884367228478,475
31685000,63370.00001199266,299.7468315352178,475
31690000,63380.0000119947,299.8564967843567,475
31695000,63390.00001199674,300.58313960954837,475
31700000,63400.000011998774,300.931039346484,475
31705000,63410.00001200081,296.5042998593171,475
31710000,63420.00001200285,301.2028588168295,475
31715000,63430.000012004886,298.2717012747238,475
31720000,63440.00001200692,300.6202179609205,475
31725000,63450.00001200896,300.9831082298957,475
31730000,63460.000012011,298.75469267944953,475
31735000,63470.000012013035,300.67348078051236,475
31740000,63480.00001201507,299.5415629519505,475
31745000,63490.00001201711,302.883611419459,475
31750000,63500.00001201915,299.5072925615946,475
31755000,63510.000012021184,301.14877792985493,475
31760000,63520.00001202322,298.40009363394756,475
31765000,63530.00001202526,297.68171992229986,475
31770000,63540.000012027296,300.71608661420004,475
31775000,63550.00001202933,300.38063476743883,475
31780000,63560.00001203137,298.634503103982,475
31785000,63570.00001203341,300.7112224297624,475
31790000,63580.000012035445,299.5660607535727,475
31795000,63590.00001203748,302.3516686313474,475
31800000,63600.00001203952,299.6253153639945,475
31805000,63610.00001204156,299.5572610017265,475
31810000,63620.000012043594,301.279138072783,475
31815000,63630.00001204563,300.0088120870418,475
31820000,63640.00001204767,301.5919935718386,475
31825000,63650.000012049706,301.2938632856714,475
31830000,63660.00001205174,302.4736491110852,475
31835000,63670.00001205378,300.23497455346154,475
31840000,63680.00001205582,299.15685018279385,475
31845000,63690.000012057855,300.3671034907305,475
31850000,63700.00001205989,301.22934651208527,475
31855000,63710.00001206193,300.895154931292,475
31860000,63720.00001206397,300.00538504800625,475
31865000,63730.000012066004,299.7463451167741,475
31870000,63740.00001206804,299.98707802657736,475
31875000,63750.00001207008,300.20868584756914,475
31880000,63760.000012072116,301.315354136914,475
31885000,63770.00001207415,299.4647088378362,475
31890000,63780.00001207619,297.4977210909825,475
31895000,63790.00001207823,300.83669627832353,475
31900000,63800.000012080265,300.15376478328267,475
31905000,63810.0000120823,300.5731238115927,475
31910000,63820.00001208434,299.3043234109706,475
31915000,63830.00001208638,299.56194830673,475
31920000,63840.000012088414,303.0509393641129,475
31925000,63850.00001209045,298.461338138003,475
31930000,63860.00001209249,299.12883690241904,475
31935000,63870.000012094526,300.6531396455914,475
31940000,63880.00001209656,300.2952020007709,475
31945000,63890.0000120986,303.3719313171368,475
31950000,63900.00001210064,301.4422651308771,475
31955000,63910.000012102675,299.3221219040264,475
31960000,63920.00001210471,296.89400947248697,475
31965000,63930.00001210675,299.1356025407732,475
31970000,63940.00001210879,302.5937060269772,475
31975000,63950.000012110824,300.53969359854875,475
31980000,63960.00001211286,300.73899250091534,475
31985000,63970.0000121149,299.30127224073243,475
31990000,63980.000012116936,301.42614699244524,475
31995000,63990.00001211897,302.17058831069266,475
32000000,64000.00001212101,297.30257885531717,475
32005000,64010.00001212305,301.5682032879528,475
32010000,64020.000012125085,298.311145388527,475
32015000,64030.00001212712,296.3112138470731,475
32020000,64040.00001212916,302.514154501493,475
32025000,64050.0000121312,301.3638633217145,475
32030000,64060.000012133234,300.7546021109742,475
32035000,64070.00001213527,300.3436890756422,475
32040000,64080.00001213731,299.5014555402695,475
32045000,64090.000012139346,301.3769523998376,475
32050000,64100.00001214138,298.6819289022487,475
32055000,64110.00001214342,300.30013251499633,475
32060000,64120.00001214546,301.1085820784569,475
32065000,64130.000012147495,301.91013334398775,475
32070000,64140.00001214953,301.5067376846048,475
32075000,64150.00001215157,299.9909693741275,475
32080000,64160.00001215361,302.2605978327178,475
32085000,64170.000012155644,300.90530338882314,475
32090000,64180.00001215768,299.19313257671257,475
32095000,64190.00001215972,302.7115077300845,475
32100000,64200.000012161756,303.06181744930973,475
32105000,64210.00001216379,299.5803879877344,475
32110000,64220.00001216583,298.8804097372326,475
32115000,64230.00001216787,300.8566173245885,475
32120000,64240.000012169905,298.27470822510344,475
32125000,64250.00001217194,299.42902341200755,475
32130000,64260.00001217398,303.61699777307547,475
32135000,64270.00001217602,300.41720459043796,475
32140000,64280.000012178054,300.98717645687987,475
32145000,64290.00001218009,299.9573622816494,475
32150000,64300.00001218213,301.95154524149524,475
32155000,64310.000012184166,300.87532232474405,475
32160000,64320.0000121862,298.9585241173148,475
32165000,64330.00001218824,299.07805039490455,475
32170000,64340.00001219028,300.7375332455841,475
32175000,64350.000012192315,297.7885551004932,475
32180000,64360.00001219435,297.32546263210327,475
32185000,64370.00001219639,299.7328138400658,475
32190000,64380.00001219843,301.13104576658696,475
32195000,64390.000012200464,300.4466992360733,475
32200000,64400.0000122025,302.547584714537,475
32205000,64410.00001220454,299.9586446575466,475
32210000,64420.000012206576,299.50110178140125,475
32215000,64430.00001220861,299.26158491770735,475
32220000,64440.00001221065,300.9485946303179,475
32225000,64450.00001221269,300.92705955921684,475
32230000,64460.000012214725,300.2540775323438,475
32235000,64470.00001221676,300.7115761886306,475
32240000,64480.0000122188,299.98110834567666,475
32245000,64490.00001222084,300.7017151601798,475
32250000,64500.000012222874,302.42025363191783,475
32255000,64510.00001222491,301.8499722264662,475
32260000,64520.00001222695,301.31844952701067,475
32265000,64530.000012228986,300.3245197669722,475
32270000,64540.00001223102,300.0942006338512,475
32275000,64550.00001223306,296.8050612270664,475
32280000,64560.0000122351,302.10450173212894,475
32285000,64570.000012237135,298.653672412652,475
32290000,64580.00001223917,300.9397064387547,475
32295000,64590.00001224121,298.6739693277145,475
32300000,64600.00001224325,301.4110901306179,475
32305000,64610.000012245284,298.65426938074205,475
32310000,64620.00001224732,301.9954997808679,475
32315000,64630.00001224936,300.42494306567966,475
32320000,64640.000012251396,300.8745484772199,475
32325000,64650.00001225343,299.90807924932466,475
32330000,64660.00001225547,299.2460637473655,475
32335000,64670.00001225751,297.70688102179986,475
32340000,64680.000012259545,298.9535272733016,475
32345000,64690.00001226158,301.30160176091306,475
32350000,64700.00001226362,299.1766827893417,475
32355000,64710.00001226566,301.58766002570326,475
32360000,64720.000012267694,301.3506858038744,475
32365000,64730.00001226973,299.81320554286197,475
32370000,64740.00001227177,302.3577488618945,475
32375000,64750.000012273806,300.9646906588206,475
32380000,64760.00001227584,299.6617525274181,475
32385000,64770.00001227788,302.27784357754206,475
32390000,64780.00001227992,302.1895144101409,475
32395000,64790.000012281955,299.8742068376955,475
32400000,64800.00001228399,299.5412534129409,475
32405000,64810.00001228603,303.1323039037966,475
32410000,64820.00001228807,301.16597945482073,475
32415000,64830.000012290104,300.7752527849048,475
32420000,64840.00001229214,300.0089447466174,475
32425000,64850.00001229418,298.32613592056657,475
32430000,64860.000012296216,299.38336640808177,475
32435000,64870.00001229825,299.90226433792884,475
32440000,64880.00001230029,303.0527081584538,475
32445000,64890.00001230233,300.2118033475951,475
32450000,64900.000012304365,302.1332446401694,475
32455000,64910.0000123064,298.4364202477248,475
32460000,64920.00001230844,299.2218312648945,475
32465000,64930.00001231048,303.000462395608,475
32470000,64940.000012312514,300.319102834303,475
32475000,64950.00001231455,301.6407680757903,475
32480000,64960.00001231659,298.90179003882884,475
32485000,64970.000012318626,301.2691886046152,475
32490000,64980.00001232066,300.6531617555207,475
32495000,64990.0000123227,300.0828582401398,475
32500000,65000.00001232474,299.1521186579318,475
32505000,65010.000012326775,302.04595463944344,475
32510000,65020.00001232881,299.37881176265387,475
32515000,65030.00001233085,301.5099436243477,475
32520000,65040.00001233289,300.3072298022893,475
32525000,65050.000012334924,299.87741277743845,475
32530000,65060.00001233696,298.8679839569874,475
32535000,65070.000012339,301.7856323323141,475
32540000,65080.000012341035,299.3101162124372,475
32545000,65090.00001234307,301.4919682518579,475
32550000,65100.00001234511,299.4601763023376,475
32555000,65110.00001234715,301.47724303896945,475
32560000,65120.000012349185,299.6280127753645,475
32565000,65130.00001235122,299.69000901701475,475
32570000,65140.00001235326,300.2500093053596,475
32575000,65150.000012355296,299.8293015713646,475
32580000,65160.00001235733,303.24400326642757,475
32585000,65170.00001235937,302.06488073889165,475
32590000,65180.00001236141,300.74124771370003,475
32595000,65190.000012363445,299.37474353566967,475
32600000,65200.00001236548,297.4224588917751,475
32605000,65210.00001236752,300.10629476515743,475
32610000,65220.00001236956,301.9485604010449,475
32615000,65230.000012371594,302.67239526522025,475
32620000,65240.00001237363,298.9065878934786,475
32625000,65250.00001237567,300.1105840914342,475
32630000,65260.000012377706,301.2905025764236,475
32635000,65270.00001237974,303.60477098219366,475
32640000,65280.00001238178,300.6754043443582,475
32645000,65290.00001238382,301.34392016552033,475
32650000,65300.000012385855,299.23056468695296,475
32655000,65310.00001238789,301.8583076697979,475
32660000,65320.00001238993,304.9270553017003,475
32665000,65330.00001239197,301.0496812269032,475
32670000,65340.000012394004,302.7073510633833,475
32675000,65350.00001239604,298.92177741488155,475
32680000,65360.00001239808,299.1987263888158,475
32685000,65370.000012400116,301.86558183652505,475
32690000,65380.00001240215,297.5244741053894,475
32695000,65390.00001240419,301.68547435275775,475
32700000,65400.00001240623,297.1860595281071,475
32705000,65410.000012408265,298.51168244693224,475
32710000,65420.0000124103,299.7410608436805,475
32715000,65430.00001241234,298.7515530694944,475
32720000,65440.00001241438,301.7540372433989,475
32725000,65450.000012416414,300.87403994884687,475
32730000,65460.00001241845,300.7066898942637,475
32735000,65470.00001242049,299.84157258210496,475
32740000,65480.000012422526,301.8645205599205,475
32745000,65490.00001242456,301.25284936689064,475
32750000,65500.0000124266,299.4265692098595,475
32755000,65510.00001242864,300.84047707622733,475
32760000,65520.000012430675,300.6318698936415,475
32765000,65530.00001243271,299.2685495454249,475
32770000,65540.00001242019,299.6787108431619,475
32775000,65550.00001238585,301.6833960194072,475
32780000,65560.0000123515,301.7978370132667,475
32785000,65570.00001231716,303.8432707891415,475
32790000,65580.00001228282,298.5935776249182,475
32795000,65590.00001224848,299.31849587562743,475
32800000,65600.00001221414,300.2439290748126,475
32805000,65610.0000121798,301.5620788375473,475
32810000,65620.00001214545,298.3484448391918,475
32815000,65630.00001211111,303.2837569192405,475
32820000,65640.00001207677,297.5361481480396,475
32825000,65650.00001204242,300.5509254426138,475
32830000,65660.00001200808,301.0941664045781,475
32835000,65670.00001197374,301.2177166892935,475
32840000,65680.0000119394,300.4337870373844,475
32845000,65690.00001190505,300.1107609708683,475
32850000,65700.00001187071,300.8964151972599,475
32855000,65710.00001183637,300.2251577448693,475
32860000,65720.00001180203,299.91497754725435,475
32865000,65730.00001176768,300.09939646722773,475
32870000,65740.00001173334,299.4493203270699,475
32875000,65750.000011699,299.0146391177814,475
32880000,65760.00001166466,302.4069213445729,475
32885000,65770.00001163031,299.88008807887917,475
32890000,65780.00001159597,301.3471924350511,475
32895000,65790.00001156163,300.50931455574295,475
32900000,65800.00001152729,303.71443623133257,475
32905000,65810.00001149294,301.7740246194516,475
32910000,65820.0000114586,300.6528301065818,475
32915000,65830.00001142426,298.376237020274,475
32920000,65840.00001138992,298.24581054755816,475
32925000,65850.00001135557,301.81309286445736,475
32930000,65860.00001132123,299.20471817964585,475
32935000,65870.00001128689,300.39341430655213,475
32940000,65880.00001125254,297.34445506133915,475
32945000,65890.0000112182,299.7159660739682,475
32950000,65900.00001118386,301.28782727498293,475
32955000,65910.00001114952,298.46441141817036,475
32960000,65920.00001111517,299.2451793501951,475
32965000,65930.00001108083,301.07139317743844,475
32970000,65940.00001104649,300.8179691682388,475
32975000,65950.00001101215,300.98580564126564,475
32980000,65960.0000109778,298.1685805646464,475
32985000,65970.00001094346,300.6267182801235,475
32990000,65980.00001090912,299.5185244056596,475
32995000,65990.00001087478,302.705383279679,475
33000000,66000.00001084043,301.6540119234182,475
33005000,66010.00001080609,300.4905432257996,475
33010000,66020.00001077175,299.90995859331196,475
33015000,66030.0000107374,301.9246816774421,475
33020000,66040.00001070306,299.54620603709554,475
33025000,66050.00001066872,298.5306085463804,475
33030000,66060.00001063438,300.95259652751434,475
33035000,66070.00001060004,299.5308617461878,475
33040000,66080.0000105657,299.63013532857366,475
33045000,66090.00001053135,299.03349888744185,475
33050000,66100.00001049701,301.08706911728507,475
33055000,66110.00001046267,300.46991466179827,475
33060000,66120.00001042832,300.3741786680944,475
33065000,66130.00001039398,298.54756686212426,475
33070000,66140.00001035964,299.2117712470804,475
33075000,66150.0000103253,301.2471228952118,475
33080000,66160.00001029095,301.0420975211664,475
33085000,66170.00001025661,302.5620003884157,475
33090000,66180.00001022227,301.4532095458618,475
33095000,66190.00001018793,299.2409342437768,475
33100000,66200.00001015358,301.8388509320474,475
33105000,66210.00001011924,300.1430193576614,475
33110000,66220.0000100849,301.1111910501098,475
33115000,66230.00001005056,301.3105341723349,475
33120000,66240.00001001621,300.8183229271069,475
33125000,66250.00000998187,300.3670150510135,475
33130000,66260.00000994753,298.653672412652,475
33135000,66270.00000991319,300.5695862229108,475
33140000,66280.00000987884,300.9473564742793,475
33145000,66290.0000098445,302.18414169733023,475
33150000,66300.00000981016,300.63591601069646,475
33155000,66310.00000977582,299.2611648290514,475
33160000,66320.00000974147,298.491230762365,475
33165000,66330.00000970713,299.89881518896397,475
33170000,66340.00000967279,298.3125162041412,475
33175000,66350.00000963845,299.98645894855804,475
33180000,66360.0000096041,300.39717299452667,475
33185000,66370.00000956976,297.40264839515646,475
33190000,66380.00000953542,297.40519103702155,475
33195000,66390.00000950108,303.72683990164853,475
33200000,66400.00000946673,301.1680798981006,475
33205000,66410.00000943239,302.84876617094227,475
33210000,66420.00000939805,298.9506308725683,475
33215000,66430.0000093637,300.56693303139934,475
33220000,66440.00000932936,300.2982089511505,475
33225000,66450.00000929502,299.3089886060448,475
33230000,66460.00000926068,303.20794197180146,475
33235000,66470.00000922634,301.9482066421767,475
33240000,66480.000009192,301.13128897580884,475
33245000,66490.00000915765,304.9136566845676,475
33250000,66500.00000912331,301.9782098161851,475
33255000,66510.00000908897,300.82393884913944,475
33260000,66520.00000905462,301.2892865303142,475
33265000,66530.00000902028,300.5998768259996,475
33270000,66540.00000898594,297.73312550783373,475
33275000,66550.0000089516,303.118573637725,475
33280000,66560.00000891725,302.4932606183405,475
33285000,66570.00000888291,301.05286505671694,475
33290000,66580.00000884857,300.5794030315031,475
33295000,66590.00000881423,301.1557204476432,475
33300000,66600.00000877988,301.2928020090668,475
33305000,66610.00000874554,301.87126408834536,475
33310000,66620.0000087112,302.06439432044783,475
33315000,66630.00000867686,299.74223266993135,475
33320000,66640.00000864251,299.0887073808087,475
33325000,66650.00000860817,300.62059382971796,475
33330000,66660.00000857383,299.1481830905232,475
33335000,66670.00000853949,300.37011044111017,475
33340000,66680.00000850514,302.02875311447775,475
33345000,66690.0000084708,302.0403387174109,475
33350000,66700.00000843646,301.2132725935119,475
33355000,66710.00000840212,300.2087300674277,475
33360000,66720.00000836777,299.48155660393377,475
33365000,66730.00000833343,301.1345391354103,475
33370000,66740.00000829909,300.64155404265824,475
33375000,66750.00000826475,297.7567610222147,475
33380000,66760.0000082304,300.66143086906465,475
33385000,66770.00000819606,299.56964256211313,475
33390000,66780.00000816172,299.2480536409991,475
33395000,66790.00000812738,299.33187238283085,475
33400000,66800.00000809303,299.4666102917528,475
33405000,66810.00000805869,301.999059479479,475
33410000,66820.00000802435,302.11644109393035,475
33415000,66830.00000799,299.83336979834877,475
33420000,66840.00000795566,300.93466537488297,475
33425000,66850.00000792132,298.8932113862752,475
33430000,66860.00000788698,300.8353033527801,475
33435000,66870.00000785264,299.2252583039301,475
33440000,66880.0000078183,299.85450689072314,475
33445000,66890.00000778395,300.4311338458729,475
33450000,66900.00000774961,301.05671218440847,475
33455000,66910.00000771527,300.10501238926025,475
33460000,66920.00000768092,301.6736013207442,475
33465000,66930.00000764658,299.2714680560874,475
33470000,66940.00000761224,300.4228205124705,475
33475000,66950.0000075779,299.45444983065875,475
33480000,66960.00000754355,300.63883452135906,475
33485000,66970.00000750921,302.34923653912864,475
33490000,66980.00000747487,300.652763776794,475
33495000,66990.00000744053,299.9478329021376,475
33500000,67000.00000740618,300.16426699968207,475
33505000,67010.00000737184,299.25855585739845,475
33510000,67020.0000073375,298.0701913794311,475
33515000,67030.00000730316,296.96341254043995,475
33520000,67040.00000726881,301.2440275051151,475
33525000,67050.00000723447,300.4691408142741,475
33530000,67060.00000720013,302.3360369113593,475
33535000,67070.00000716579,301.13365473823984,475
33540000,67080.00000713144,299.93270971052243,475
33545000,67090.0000070971,302.6428563997264,475
33550000,67100.00000706276,301.4003889248552,475
33555000,67110.00000702841,300.56666771224826,475
33560000,67120.00000699407,300.51086225079126,475
33565000,67130.00000695973,300.8579439203442,475
33570000,67140.00000692539,301.9390752413915,475
33575000,67150.00000689104,302.9092589374028,475
33580000,67160.0000068567,299.644948981179,475
33585000,67170.00000682236,297.19547835797266,475
33590000,67180.00000678802,300.97804505609474,475
33595000,67190.00000675367,299.52396344825803,475
33600000,67200.00000671933,301.3307868675388,475
33605000,67210.00000668499,299.32950662039985,475
33610000,67220.00000665065,296.09716762188884,475
33615000,67230.0000066163,300.0760704918564,475
33620000,67240.00000658196,299.01587727382014,475
33625000,67250.00000654762,300.8779312963969,475
33630000,67260.00000651328,298.47909241120027,475
33635000,67270.00000647893,301.69935938833424,475
33640000,67280.00000644459,300.1635152620872,475
33645000,67290.00000641025,299.80208424844324,475
33650000,67300.0000063759,300.0197343920972,475
33655000,67310.00000634156,301.5483043516171,475
33660000,67320.00000630722,299.89574190879654,475
33665000,67330.00000627288,302.2255757047669,475
33670000,67340.00000623854,299.1676840481322,475
33675000,67350.0000062042,299.5236539092484,475
33680000,67360.00000616985,300.6234460105928,475
33685000,67370.00000613551,300.07131685706514,475
33690000,67380.00000610117,298.9175323084633,475
33695000,67390.00000606682,301.2509258030449,475
33700000,67400.00000603248,300.1061842155111,475
33705000,67410.00000599814,300.10892584673957,475
33710000,67420.0000059638,300.36854063613254,475
33715000,67430.00000592945,302.81790070969265,475
33720000,67440.00000589511,299.53685353701775,475
33725000,67450.00000586077,298.2959779770534,475
33730000,67460.00000582643,300.55123498162345,475
33735000,67470.00000579208,302.07275187370885,475
33740000,67480.00000575774,300.3247850861233,475
33745000,67490.0000057234,297.65881403558456,475
33750000,67500.00000568906,299.989156359928,475
33755000,67510.00000565471,298.8617931767941,475
33760000,67520.00000562037,301.59769793358817,475
33765000,67530.00000558603,299.40342011392227,475
33770000,67540.00000555169,301.6127326854862,475
33775000,67550.00000551734,301.8472969250255,475
33780000,67560.000005483,301.6707933597279,475
33785000,67570.00000544866,301.0952940109705,475
33790000,67580.00000541432,301.1893717599798,475
33795000,67590.00000537997,302.83200684456176,475
33800000,67600.00000534563,298.53239945065064,475
33805000,67610.00000531129,298.56505581617046,475
33810000,67620.00000527695,298.7832144881974,475
33815000,67630.0000052426,301.0124923258848,475
33820000,67640.00000520826,302.64287850965565,475
33825000,67650.00000517392,300.4611591298106,475
33830000,67660.00000513958,298.71217528547896,475
33835000,67670.00000510523,299.1254098633835,475
33840000,67680.00000507089,300.7615225188332,475
33845000,67690.00000503655,300.10819621907393,475
33850000,67700.0000050022,298.7012972002821,475
33855000,67710.00000496786,300.12749818731953,475
33860000,67720.00000493352,300.1451640207998,475
33865000,67730.00000489918,299.1029903951119,475
33870000,67740.00000486484,299.5251131645797,475
33875000,67750.0000048305,301.0643622199331,475
33880000,67760.00000479615,300.3919550512209,475
33885000,67770.00000476181,297.3099193518321,475
33890000,67780.00000472747,299.8828518200369,475
33895000,67790.00000469312,301.412195627081,475
33900000,67800.00000465878,302.493216398482,475
33905000,67810.00000462444,301.6050826499616,475
33910000,67820.0000045901,302.3739775499727,475
33915000,67830.00000455575,300.16320572307745,475
33920000,67840.00000452141,300.4180889876084,475
33925000,67850.00000448707,299.04391266412415,475
33930000,67860.00000445273,301.52559745426515,475
33935000,67870.00000441838,296.4942398415029,475
33940000,67880.00000438404,298.2994713458768,475
33945000,67890.0000043497,297.3379547421362,475
33950000,67900.00000431536,300.22108951788505,475
33955000,67910.00000428101,302.5502379060484,475
33960000,67920.00000424667,300.1899587374844,475
33965000,67930.00000421233,300.24974398620844,475
33970000,67940.00000417799,299.0494843662982,475
33975000,67950.00000414364,298.06603471272985,475
33980000,67960.0000041093,301.72071758000124,475
33985000,67970.00000407496,302.43323216039454,475
33990000,67980.00000404062,299.90301607552374,475
33995000,67990.00000400627,301.7102374735311,475
34000000,68000.00000397193,300.05990813356595,475
34005000,68010.00000393759,299.0150149865789,475
34010000,68020.00000390325,298.75758908018287,475
34015000,68030.0000038689,299.15609844519895,475
34020000,68040.00000383456,301.7250290162073,475
34025000,68050.00000380022,301.8957618899675,475
34030000,68060.00000376588,298.6407159941046,475
34035000,68070.00000373153,301.1055309082187,475
34040000,68080.00000369719,300.6044535813568,475
34045000,68090.00000366285,302.60571171856645,475
34050000,68100.0000036285,300.1319422831012,475
34055000,68110.00000359416,300.5427447687869,475
34060000,68120.00000355982,299.8026148867455,475
34065000,68130.00000352548,298.9594085144853,475
34070000,68140.00000349114,301.4613238899009,475
34075000,68150.0000034568,299.4171061601354,475
34080000,68160.00000342245,300.2657073551356,475
34085000,68170.00000338811,299.1949455909121,475
34090000,68180.00000335377,299.79932050728553,475
34095000,68190.00000331942,301.51531633715837,475
34100000,68200.00000328508,298.396755034629,475
34105000,68210.00000325074,300.77912202252566,475
34110000,68220.0000032164,300.62256161342225,475
34115000,68230.00000318205,300.81427681005204,475
34120000,68240.00000314771,299.3947751315809,475
34125000,68250.00000311337,299.3478136418287,475
34130000,68260.00000307903,301.13445069569326,475
34135000,68270.00000304468,303.0726955345066,475
34140000,68280.00000301034,301.6864914095039,475
34145000,68290.000002976,300.6913677132853,475
34150000,68300.00000294166,299.940779834703,475
34155000,68310.00000290731,300.28074210703363,475
34160000,68320.00000287297,302.2010557932156,475
34165000,68330.00000283863,299.46209986618334,475
34170000,68340.00000280429,299.6746426161778,475
34175000,68350.00000276994,298.94331248598263,475
34180000,68360.0000027356,303.85065550551496,475
34185000,68370.00000270126,298.872848141425,475
34190000,68380.00000266691,301.3283989951785,475
34195000,68390.00000263257,299.9087204372733,475
34200000,68400.00000259823,302.28991559891904,475
34205000,68410.00000256389,301.4132790136148,475
34210000,68420.00000252954,298.8468247546838,475
34215000,68430.0000024952,300.339112320285,475
34220000,68440.00000246086,297.8929802963971,475
34225000,68450.00000242652,301.36067949190084,475
34230000,68460.00000239217,303.19682067738273,475
34235000,68470.00000235783,299.81895412447005,475
34240000,68480.00000232349,300.0914590026227,475
34245000,68490.00000228915,300.16369214152127,475
34250000,68500.0000022548,299.78547969156756,475
34255000,68510.00000222046,299.44191350076727,475
34260000,68520.00000218612,301.2560331967044,475
34265000,68530.00000215178,301.8525811981191,475
34270000,68540.00000211743,301.6058564974858,475
34275000,68550.00000208309,301.3902404673239,475
34280000,68560.00000204875,298.7569700021635,475
34285000,68570.0000020144,300.21427965967246,475
34290000,68580.00000198006,301.24343053702506,475
34295000,68590.00000194572,299.5309501859048,475
34300000,68600.00000191138,301.40461192134416,475
34305000,68610.00000187704,299.8351164827605,475
34310000,68620.0000018427,301.2867438884491,475
34315000,68630.00000180835,297.9326233995637,475
34320000,68640.00000177401,299.1085620972859,475
34325000,68650.00000173967,300.0895575487062,475
34330000,68660.00000170532,298.91837248577525,475
34335000,68670.00000167098,297.7188203836013,475
34340000,68680.00000163664,301.6403479871343,475
34345000,68690.0000016023,300.7114656389843,475
34350000,68700.00000156795,298.7491430872048,475
34355000,68710.00000153361,300.7333323590243,475
34360000,68720.00000149927,301.522037755654,475
34365000,68730.00000146493,303.12182379732644,475
34370000,68740.00000143058,303.76031433455097,475
34375000,68750.00000139624,298.84231432911434,475
34380000,68760.0000013619,298.76435471853694,475
34385000,68770.00000132756,301.83142199581545,475
34390000,68780.00000129321,297.98077882549603,475
34395000,68790.00000125887,299.51962990212274,475
34400000,68800.00000122453,300.3545450509098,475
34405000,68810.00000119019,300.78573289137495,475
34410000,68820.00000115584,301.3848898644426,475
34415000,68830.0000011215,299.3617428972637,475
34420000,68840.00000108716,304.228978505115,475
34425000,68850.00000105282,302.517957409326,475
34430000,68860.00000101847,300.5406001056485,475
34435000,68870.00000098413,304.2537416258883,475
34440000,68880.00000094979,301.932950790986,475
34445000,68890.00000091545,299.569465682679,475
34450000,68900.0000008811,303.1828914219478,475
34455000,68910.00000084676,299.16034355161725,475
34460000,68920.00000081242,298.736496207667,475
34465000,68930.00000077808,299.3952173301662,475
34470000,68940.00000074373,299.6613103288329,475
34475000,68950.00000070939,298.90161315939474,475
34480000,68960.00000067505,300.16386902095536,475
34485000,68970.0000006407,299.89412788396044,475
34490000,68980.00000060636,300.63989579796356,475
34495000,68990.00000057202,299.5255553631649,475
34500000,69000.00000053768,299.94047029569333,475
34505000,69010.00000050334,301.1885094727386,475
34510000,69020.000000469,302.6900832086298,475
34515000,69030.00000043465,301.3075714418138,475
34520000,69040.00000040031,302.1849818746422,475
34525000,69050.00000036597,301.16374635196524,475
34530000,69060.00000033162,301.3325556618797,475
34535000,69070.00000029728,298.85257333629187,475
34540000,69080.00000026294,301.0820501633426,475
34545000,69090.0000002286,299.18099422554786,475
34550000,69100.00000019425,301.9213430781235,475
34555000,69110.00000015991,301.9745837877861,475
34560000,69120.00000012557,302.52074326041304,475
34565000,69130.00000009123,301.841260914337,475
34570000,69140.00000005688,301.5987149903342,475
34575000,69150.00000002254,302.9643568811233,475
34580000,69159.9999999882,298.5741651070263,475
34585000,69169.99999995386,299.1800213886603,475
34590000,69179.99999991951,301.40629227596804,475
34595000,69189.99999988517,298.3294524099558,475
34600000,69199.99999985083,301.2461058384658,475
34605000,69209.99999981649,298.93641418805294,475
34610000,69219.99999978214,299.7455491593206,475
34615000,69229.9999997478,301.42873385416885,475
34620000,69239.99999971346,299.5486381293143,475
34625000,69249.99999967912,302.00065139438584,475
34630000,69259.99999964477,300.82725533852874,475
34635000,69269.99999961043,300.56582753493626,475
34640000,69279.99999957609,301.54803903246597,475
34645000,69289.99999954175,300.9939199853048,475
34650000,69299.9999995074,300.64966838669733,475
34655000,69309.99999947306,298.7214614557689,475
34660000,69319.99999943872,302.1783046760051,475
34665000,69329.99999940438,302.19908800951123,475
34670000,69339.99999937003,299.5076684303921,475
34675000,69349.99999933569,300.87695845950947,475
34680000,69359.99999930135,302.0274707385806,475
34685000,69369.999999267,302.4112106708497,475
34690000,69379.99999923266,298.4388081200851,475
34695000,69389.99999919832,297.92437639594897,475
34700000,69399.99999916398,300.94629519767466,475
34705000,69409.99999912964,298.75794283905105,475
34710000,69419.9999990953,299.18083945604303,475
34715000,69429.99999906095,297.42971094857296,475
34720000,69439.99999902661,301.5027136774791,475
34725000,69449.99999899227,303.2896160504949,475
34730000,69459.99999895792,299.7068567831123,475
34735000,69469.99999892358,300.0574318214887,475
34740000,69479.99999888924,297.75096822074806,475
34745000,69489.9999988549,298.4542850705684,475
34750000,69499.99999882055,302.5503263457654,475
34755000,69509.99999878621,301.82184839644503,475
34760000,69519.99999875187,298.2107663096781,475
34765000,69529.99999871753,300.54066643543626,475
34770000,69539.99999868318,303.1388484428581,475
34775000,69549.99999864884,299.7063040348808,475
34780000,69559.9999986145,302.04374364651727,475
34785000,69569.99999858016,301.4187622760718,475
34790000,69579.99999854581,297.4899162859531,475
34795000,69589.99999851147,302.369024925818,475
34800000,69599.99999847713,298.9158740637686,475
34805000,69609.99999844278,301.33288731081865,475
34810000,69619.99999840844,301.2814817252847,475
34815000,69629.9999983741,299.7083160384436,475
34820000,69639.99999833976,299.86993962134795,475
34825000,69649.99999830541,301.1262700218664,475
34830000,69659.99999827107,297.2960785361142,475
34835000,69669.99999823673,300.9390431408768,475
34840000,69679.99999820239,304.0468147979264,475
34845000,69689.99999816804,300.113944800682,475
34850000,69699.9999981337,300.9435093465877,475
34855000,69709.99999809936,299.73805389330084,475
34860000,69719.99999806502,302.4980363630611,475
34865000,69729.99999803067,301.0514942411027,475
34870000,69739.99999799633,298.3291428709462,475
34875000,69749.99999796199,302.3247387375065,475
34880000,69759.99999792765,301.0638094717016,475
34885000,69769.9999978933,301.51356965274675,475
34890000,69779.99999785896,298.0300397478915,475
34895000,69789.99999782462,301.18828837344597,475
34900000,69799.99999779028,297.26457188691603,475
34905000,69809.99999775593,298.4753116132964,475
34910000,69819.99999772159,301.37819055587624,475
34915000,69829.99999768725,298.13837840127474,475
34920000,69839.9999976529,302.02172215697243,475
34925000,69849.99999761856,303.8363724912118,475
34930000,69859.99999758422,298.73769014384715,475
34935000,69869.99999754988,302.53975779957824,475
34940000,69879.99999751554,299.55785796981655,475
34945000,69889.9999974812,297.886634746699,475
34950000,69899.99999744685,300.6235344503098,475
34955000,69909.99999741251,302.8563277667498,475
34960000,69919.99999737817,300.3091754760644,475
34965000,69929.99999734382,297.362673643051,475
34970000,69939.99999730948,299.32300630119687,475
34975000,69949.99999727514,299.440962773809,475
34980000,69959.9999972408,296.86203851477427,475
34985000,69969.99999720645,300.9402149671277,475
34990000,69979.99999717211,302.4455031711349,475
34995000,69989.99999713777,300.5193524636278,475
35000000,69999.99999710343,298.4011770204814,475
35005000,70009.99999706908,300.45264680704474,475
35010000,70019.99999703474,299.8270905784384,475
35015000,70029.9999970004,300.01803192754403,475
35020000,70039.99999696606,299.6555617472248,475
35025000,70049.99999693171,300.00171479974875,475
35030000,70059.99999689737,301.95247385852423,475
35035000,70069.99999686303,301.59699041585174,475
35040000,70079.99999682869,302.40608116726094,475
35045000,70089.99999679434,300.7010739722312,475
35050000,70099.99999676,298.56708992966253,475
35055000,70109.99999672566,298.84642677595707,475
35060000,70119.99999669132,302.7242872691979,475
35065000,70129.99999665697,300.35618118567515,475
35070000,70139.99999662263,301.22174069641915,475
35075000,70149.99999658829,300.3725867531875,475
35080000,70159.99999655395,300.0052744983599,475
35085000,70169.9999965196,300.6812855855418,475
35090000,70179.99999648526,298.1684479050709,475
35095000,70189.99999645092,301.4921009114334,475
35100000,70199.99999641658,301.0865163690535,475
35105000,70209.99999638223,300.2676530289106,475
35110000,70219.99999634789,299.20115848103467,475
35115000,70229.99999631355,301.1649623980747,475
35120000,70239.9999962792,301.71762218990455,475
35125000,70249.99999624486,297.6581065178482,475
35130000,70259.99999621052,299.5979432715683,475
35135000,70269.99999617618,299.8687899050263,475
35140000,70279.99999614184,298.18454393357354,475
35145000,70289.9999961075,302.6917193433951,475
35150000,70299.99999607315,301.14877792985493,475
35155000,70309.99999603881,299.673647669361,475
35160000,70319.99999600447,300.5695420030523,475
35165000,70329.99999597012,302.8089682982709,475
35170000,70339.99999593578,300.50027159467487,475
35175000,70349.99999590144,301.2755120443841,475
35180000,70359.9999958671,302.84925258938597,475
35185000,70369.99999583275,297.1332167971712,475
35190000,70379.99999579841,300.599744166424,475
35195000,70389.99999576407,299.72819286485003,475
35200000,70399.99999572973,299.5910891934971,475
35205000,70409.99999569538,302.3126888260588,475
35210000,70419.99999566104,303.05496337123856,475
35215000,70429.9999956267,300.8833040092076,475
35220000,70439.99999559236,299.0520491180925,475
35225000,70449.99999555801,296.7858698084671,475
35230000,70459.99999552367,299.6111650092669,475
35235000,70469.99999548933,300.736936277494,475
35240000,70479.99999545499,298.3334764170815,475
35245000,70489.99999542064,300.49098542438486,475
35250000,70499.9999953863,301.2999656261477,475
35255000,70509.99999535196,302.4058158481098,475
35260000,70519.99999531762,297.67513116337983,475
35265000,70529.99999528327,298.0835899965638,475
35270000,70539.99999524893,300.6301674290884,475
35275000,70549.99999521459,302.0143816604575,475
35280000,70559.99999518025,301.0368132480728,475
35285000,70569.9999951459,299.86901100431896,475
35290000,70579.99999511156,301.09584675920206,475
35295000,70589.99999507722,300.9024512079484,475
35300000,70599.99999504288,300.01613047362747,475
35305000,70609.99999500853,298.6475700721757,475
35310000,70619.99999497419,299.6675453288847,475
35315000,70629.99999493985,303.0328092221181,475
35320000,70639.9999949055,299.5204479695054,475
35325000,70649.99999487116,299.84214744026576,475
35330000,70659.99999483682,299.8229339117372,475
35335000,70669.99999480248,297.54304644596937,475
35340000,70679.99999476814,299.8788278129112,475
35345000,70689.9999947338,302.88560131309254,475
35350000,70699.99999469945,299.9508619624464,475
35355000,70709.99999466511,303.1587473791938,475
35360000,70719.99999463077,298.2844808138372,475
35365000,70729.99999459642,299.59484788147165,475
35370000,70739.99999456208,303.08397159843014,475
35375000,70749.99999452774,301.5399025784976,475
35380000,70759.9999944934,299.3058047762311,475
35385000,70769.99999445905,298.6841398951749,475
35390000,70779.99999442471,298.52523583356975,475
35395000,70789.99999439037,299.20622165483564,475
35400000,70799.99999435603,301.90739171275925,475
35405000,70809.99999432168,298.79464532162575,475
35410000,70819.99999428734,300.3072298022893,475
35415000,70829.999994253,300.8634714026597,475
35420000,70839.99999421866,300.5789166130593,475
35425000,70849.99999418431,298.73775647363493,475
35430000,70859.99999414997,302.46250570673726,475
35435000,70869.99999411563,298.92916213125505,475
35440000,70879.99999408128,298.66103501909623,475
35445000,70889.99999404694,302.3132415742903,475
35450000,70899.9999940126,300.58068540740027,475
35455000,70909.99999397826,299.2321123820013,475
35460000,70919.99999394391,302.0264536818345,475
35465000,70929.99999390957,299.40291158554925,475
35470000,70939.99999387523,299.9364241786384,475
35475000,70949.99999384089,297.97825829356015,475
35480000,70959.99999380654,299.5912881828605,475
35485000,70969.9999937722,301.3165922929526,475
35490000,70979.99999373786,298.75002748437527,475
35495000,70989.99999370352,300.75676888404183,475
35500000,70999.99999366917,299.1576682501765,475
35505000,71009.99999363483,300.59510108127904,475
35510000,71019.99999360049,300.6247726063485,475
35515000,71029.99999356615,303.08821670484843,475
35520000,71039.9999935318,298.5705611885566,475
35525000,71049.99999349746,296.69873457724606,475
35530000,71059.99999346312,299.8908335045004,475
35535000,71069.99999342878,302.2420033822085,475
35540000,71079.99999339443,299.49468990191536,475
35545000,71089.99999336009,302.7169246627537,475
35550000,71099.99999332575,299.16872321480747,475
35555000,71109.9999932914,300.4902115768607,475
35560000,71119.99999325706,302.84472005388733,475
35565000,71129.99999322272,298.74622457654226,475
35570000,71139.99999318838,298.1646449972378,475
35575000,71149.99999315404,300.5859917904231,475
35580000,71159.9999931197,301.86228745706507,475
35585000,71169.99999308535,303.4823925237292,475
35590000,71179.99999305101,300.5233543608242,475
35595000,71189.99999301667,299.62465206611665,475
35600000,71199.99999298232,300.1690206344734,475
35605000,71209.99999294798,298.37340694932846,475
35610000,71219.99999291364,302.59618233905456,475
35615000,71229.9999928793,301.27133326775356,475
35620000,71239.99999284495,300.93395785714654,475
35625000,71249.99999281061,299.121739615126,475
35630000,71259.99999277627,300.151089481842,475
35635000,71269.99999274193,298.5222288831901,475
35640000,71279.99999270758,300.1678488082225,475
35645000,71289.99999267324,298.7226111720905,475
35650000,71299.9999926389,300.99104569450077,475
35655000,71309.99999260456,300.7900001077225,475
35660000,71319.99999257021,300.4900125874973,475
35665000,71329.99999253587,300.7318288838345,475
35670000,71339.99999250153,298.36376702017026,475
35675000,71349.99999246719,303.1781598970857,475
35680000,71359.99999243284,302.0873002071632,475
35685000,71369.9999923985,302.4001999260773,475
35690000,71379.99999236416,301.69210733153636,475
35695000,71389.99999232982,299.0786694729238,475
35700000,71399.99999229547,299.8432308267996,475
35705000,71409.99999226113,300.48645288888616,475
35710000,71419.99999222679,301.9626444259847,475
35715000,71429.99999219245,297.50930669391573,475
35720000,71439.9999921581,299.50687247293865,475
35725000,71449.99999212376,300.2848766638056,475
35730000,71459.99999208942,300.4344724451915,475
35735000,71469.99999205508,298.3592565946008,475
35740000,71479.99999202073,301.10661429475255,475
35745000,71489.99999198639,301.5889202916712,475
35750000,71499.99999195205,303.2238832307993,475
35755000,71509.9999919177,300.06176536762405,475
35760000,71519.99999188336,299.242393499108,475
35765000,71529.99999184902,301.0437115460025,475
35770000,71539.99999181468,300.1321191625353,475
35775000,71549.99999178034,302.25075891419624,475
35780000,71559.999991746,301.45767575157265,475
35785000,71569.99999171165,297.8645248174371,475
35790000,71579.99999167731,300.18624426936833,475
35795000,71589.99999164297,301.01147526913866,475
35800000,71599.99999160862,299.6130885731127,475
35805000,71609.99999157428,299.9149554373251,475
35810000,71619.99999153994,297.7863883274256,475
35815000,71629.9999915056,299.3748983051745,475
35820000,71639.99999147125,299.9538246929675,475
35825000,71649.99999143691,301.45502256006125,475
35830000,71659.99999140257,301.7605154526726,475
35835000,71669.99999136823,300.91644679317113,475
35840000,71679.99999133388,299.0146170078522,475
35845000,71689.99999129954,298.9574628407102,475
35850000,71699.9999912652,301.5004142448359,475
35855000,71709.99999123086,302.54232255137265,475
35860000,71719.99999119651,300.8742610481395,475
35865000,71729.99999116217,302.1995080981672,475
35870000,71739.99999112783,298.4140449993118,475
35875000,71749.99999109349,301.27759037773467,475
35880000,71759.99999105914,300.96741018011977,475
35885000,71769.9999910248,302.0175876002005,475
35890000,71779.99999099046,299.4990676679092,475
35895000,71789.99999095612,300.2206694292291,475
35900000,71799.99999092177,299.8113925286625,475
35905000,71809.99999088743,299.9658082746274,475
35910000,71819.99999085309,300.65320597537925,475
35915000,71829.99999081875,302.03131786627205,475
35920000,71839.9999907844,299.26417177943097,475
35925000,71849.99999075006,302.513225884464,475
35930000,71859.99999071572,300.82557498390486,475
35935000,71869.99999068138,301.3269397398472,475
35940000,71879.99999064703,300.31855008607147,475
35945000,71889.99999061269,300.32695185919096,475
35950000,71899.99999057835,298.67312915040253,475
35955000,71909.999990544,301.5346846351918,475
35960000,71919.99999050966,303.02224067593096,475
35965000,71929.99999047532,301.98634627015343,475
35970000,71939.99999044098,298.5010475709573,475
35975000,71949.99999040664,299.3153562656722,475
35980000,71959.9999903723,300.1747028862937,475
35985000,71969.99999033795,300.05866997752736,475
35990000,71979.99999030361,300.0529656157778,475
35995000,71989.99999026927,300.19924490777436,475
36000000,71999.99999023492,301.22660488085677,475
36005000,72009.99999020058,301.2283736751977,475
36010000,72019.99999016624,302.5838228885972,475
36015000,72029.9999901319,300.3529973558615,475
36020000,72039.99999009755,298.9543453406843,475
36025000,72049.99999006321,299.5970809843271,475
36030000,72059.99999002887,300.9818479639278,475
36035000,72069.99998999453,300.31757724918396,475
36040000,72079.99998996018,301.4712291382102,475
36045000,72089.99998992584,300.4644535092706,475
36050000,72099.9999898915,298.50883026605743,475
36055000,72109.99998985716,299.64508164075465,475
36060000,72119.99998982281,301.42000043211044,475
36065000,72129.99998978847,299.8936193555874,475
36070000,72139.99998975413,301.27042676065383,475
36075000,72149.99998971978,300.58139292513664,475
36080000,72159.99998968544,299.49712199413415,475
36085000,72169.9999896511,300.7607928911675,475
36090000,72179.99998961676,299.9246174764126,475
36095000,72189.99998958241,301.0564468652573,475
36100000,72199.99998954807,301.1437589759125,475
36105000,72209.99998951373,298.2881289521654,475
36110000,72219.99998947939,299.4517966391473,475
36115000,72229.99998944504,298.0240921769201,475
36120000,72239.9999894107,299.884974373246,475
36125000,72249.99998937636,299.3824156811235,475
36130000,72259.99998934202,299.95245387735326,475
36135000,72269.99998930767,299.6583697082411,475
36140000,72279.99998927333,299.14429174297305,475
36145000,72289.99998923899,299.9222296040523,475
36150000,72299.99998920465,299.434550894323,475
36155000,72309.9999891703,298.4469445740535,475
36160000,72319.99998913596,300.7276279972747,475
36165000,72329.99998910162,299.1470112642723,475
36170000,72339.99998906728,299.621468236303,475
36175000,72349.99998903293,299.43698298654186,475
36180000,72359.99998899859,298.70087711162614,475
36185000,72369.99998896425,303.0554497896823,475
36190000,72379.9999889299,301.6008375435433,475
36195000,72389.99998889556,299.3380189431657,475
36200000,72399.99998886122,301.2717754663388,475
36205000,72409.99998882688,301.54573959982275,475
36210000,72419.99998879254,299.5470019945489,475
36215000,72429.9999887582,297.8614957571282,475
36220000,72439.99998872385,298.04107260259315,475
36225000,72449.99998868951,300.4716392362807,475
36230000,72459.99998865517,300.73165200440036,475
36235000,72469.99998862082,297.580500666139,475
36240000,72479.99998858648,300.05617155552073,475
36245000,72489.99998855214,300.94939058777135,475
36250000,72499.9999885178,299.2584453077522,475
36255000,72509.99998848345,297.9386373003229,475
36260000,72519.99998844911,298.1867770364289,475
36265000,72529.99998841477,301.7414124737904,475
36270000,72539.99998838043,302.2110052613834,475
36275000,72549.99998834608,300.44243201972574,475
36280000,72559.99998831174,297.6825600996118,475
36285000,72569.9999882774,299.0006435325587,475
36290000,72579.99998824306,301.65615658655656,475
36295000,72589.99998820871,299.8892194796643,475
36300000,72599.99998817437,298.0606841098484,475
36305000,72609.99998814003,299.69149038227533,475
36310000,72619.99998810569,299.7254291236923,475
36315000,72629.99998807134,300.6261434219627,475
36320000,72639.999988037,300.34331320684475,475
36325000,72649.99998800266,298.01480600663007,475
36330000,72659.99998796832,300.73222686256116,475
36335000,72669.99998793397,304.0407124574501,475
36340000,72679.99998789963,301.117204950869,475
36345000,72689.99998786529,300.77390407921985,475
36350000,72699.99998783095,302.4393566108001,475
36355000,72709.9999877966,300.69777959277116,475
36360000,72719.99998776226,300.9390210309476,475
36365000,72729.99998772792,300.32206556482413,475
36370000,72739.99998769358,300.2561116458359,475
36375000,72749.99998765923,300.5540208327104,475
36380000,72759.99998762489,301.27847477490513,475
36385000,72769.99998759055,300.5593714355918,475
36390000,72779.9999875562,301.13705966734614,475
36395000,72789.99998752186,300.88867672201826,475
36400000,72799.99998748752,298.52724783713256,475
36405000,72809.99998745318,300.644406223533,475
36410000,72819.99998741884,300.7182976071262,475
36415000,72829.9999873845,301.5911976143851,475
36420000,72839.99998735015,297.3082389972082,475
36425000,72849.99998731581,300.3833763986673,475
36430000,72859.99998728147,300.33698976707586,475
36435000,72869.99998724712,300.4415918424138,475
36440000,72879.99998721278,299.8340773160852,475
36445000,72889.99998717844,301.3902846871825,475
36450000,72899.9999871441,297.38005204745076,475
36455000,72909.99998710975,300.4376783849345,475
36460000,72919.99998707541,299.7398226876418,475
36465000,72929.99998704107,298.2249608842642,475
36470000,72939.99998700673,300.9246716868566,475
36475000,72949.99998697238,301.887780205504,475
36480000,72959.99998693804,302.0073507029522,475
36485000,72969.9999869037,297.6589688050894,475
36490000,72979.99998686936,298.34037471501125,475
36495000,72989.99998683501,302.64431565505765,475
36500000,72999.99998680067,299.04378000454864,475
36505000,73009.99998676633,300.99856307044973,475
36510000,73019.99998673199,298.1317012026376,475
36515000,73029.99998669764,297.33061424562123,475
36520000,73039.9999866633,299.93029972823285,475
36525000,73049.99998662896,300.53845544251004,475
36530000,73059.99998659462,302.21452074013604,475
36535000,73069.99998656027,299.9839384166222,475
36540000,73079.99998652593,300.83999065778363,475
36545000,73089.99998649159,297.01674168981964,475
36550000,73099.99998645725,300.9203602506505,475
36555000,73109.9999864229,300.2318349435064,475
36560000,73119.99998638856,300.231215865487,475
36565000,73129.99998635422,299.7907418547319,475
36570000,73139.99998631988,300.3505210437841,475
36575000,73149.99998628553,302.31476715940937,475
36580000,73159.99998625119,301.4209953789272,475
36585000,73169.99998621685,301.9054902588428,475
36590000,73179.9999861825,300.59165193231416,475
36595000,73189.99998614816,301.0552971489358,475
36600000,73199.99998611382,300.5834270386287,475
36605000,73209.99998607948,300.1219043752163,475
36610000,73219.99998604514,299.72651251022614,475
36615000,73229.9999860108,301.5907333058707,475
36620000,73239.99998597645,301.20719236296486,475
36625000,73249.99998594211,302.037641306041,475
36630000,73259.99998590777,297.4993351158186,475
36635000,73269.99998587342,297.14113215184693,475
36640000,73279.99998583908,300.58424510601145,475
36645000,73289.99998580474,299.8943932031116,475
36650000,73299.9999857704,300.8967689561281,475
36655000,73309.99998573605,296.9095085328995,475
36660000,73319.99998570171,301.3537148641833,475
36665000,73329.99998566737,299.59692621482225,475
36670000,73339.99998563303,299.30547312729215,475
36675000,73349.99998559868,300.8317657640981,475
36680000,73359.99998556434,302.58344701979973,475
36685000,73369.99998553,301.87986485082826,475
36690000,73379.99998549565,299.93766233467704,475
36695000,73389.99998546131,302.27406277963826,475
36700000,73399.99998542697,301.7580391405953,475
36705000,73409.99998539263,301.0195232833901,475
36710000,73419.99998535828,301.95229697909014,475
36715000,73429.99998532394,302.52074326041304,475
36720000,73439.9999852896,296.9306898451324,475
36725000,73449.99998525526,300.1049681694017,475
36730000,73459.99998522091,301.2594160158814,475
36735000,73469.99998518657,298.457292020948,475
36740000,73479.99998515223,299.79423522355523,475
36745000,73489.99998511789,298.85142361997026,475
36750000,73499.99998508354,298.73676152681816,475
36755000,73509.9999850492,301.00685429392297,475
36760000,73519.99998501486,301.25968133503255,475
36765000,73529.99998498052,297.1486716377252,475
36770000,73539.99998494617,297.3967671539728,475
36775000,73549.99998491183,297.98714648512345,475
36780000,73559.99998487749,302.04040504719876,475
36785000,73569.99998484315,299.9165915720905,475
36790000,73579.9999848088,298.7288461721424,475
36795000,73589.99998477446,300.8561751260033,475
36800000,73599.99998474012,301.4534527550837,475
36805000,73609.99998470578,300.5197946622131,475
36810000,73619.99998467143,301.91225589719687,475
36815000,73629.99998463709,300.5456411695202,475
36820000,73639.99998460275,299.1398697571207,475
36825000,73649.9999845684,300.2021634184369,475
36830000,73659.99998453406,302.0118390185924,475
36835000,73669.99998449972,299.98526501237785,475
36840000,73679.99998446538,299.9424380793976,475
36845000,73689.99998443104,300.84929893800285,475
36850000,73699.9999843967,298.48198881193355,475
36855000,73709.99998436235,301.29430548425665,475
36860000,73719.99998432801,301.4729094928341,475
36865000,73729.99998429367,298.98169532318127,475
36870000,73739.99998425932,300.97178794611364,475
36875000,73749.99998422498,304.47702980150405,475
36880000,73759.99998419064,301.815171197808,475
36885000,73769.9999841563,301.11738183030315,475
36890000,73779.99998412195,297.629805808393,475
36895000,73789.99998408761,301.0024544179999,475
36900000,73799.99998405327,300.482473101619,475
36905000,73809.99998401893,299.96264655474295,475
36910000,73819.99998398458,300.26557469555996,475
36915000,73829.99998395024,300.9752370950785,475
36920000,73839.9999839159,298.942162769661,475
36925000,73849.99998388156,297.90365939223057,475
36930000,73859.99998384721,301.31088793120307,475
36935000,73869.99998381287,302.3717665570465,475
36940000,73879.99998377853,300.29100111421116,475
36945000,73889.99998374419,298.25587056537233,475
36950000,73899.99998370984,299.23085211603336,475
36955000,73909.9999836755,300.8693305339141,475
36960000,73919.99998364116,299.8977981322179,475
36965000,73929.99998360682,301.1654488165184,475
36970000,73939.99998357247,301.5301742096224,475
36975000,73949.99998353813,299.3794308406732,475
36980000,73959.99998350379,300.11345838223826,475
36985000,73969.99998346945,298.4687891841642,475
36990000,73979.9999834351,298.90316085444306,475
36995000,73989.99998340076,299.5487265690314,475
37000000,73999.99998336642,301.1019490996783,475
37005000,74009.99998333208,297.7767483982674,475
37010000,74019.99998329773,300.21211288660476,475
37015000,74029.99998326339,300.7406286356807,475
37020000,74039.99998322905,298.0824181703129,475
37025000,74049.9999831947,301.42590378322336,475
37030000,74059.99998316036,300.8555781579132,475
37035000,74069.99998312602,302.2317664849603,475
37040000,74079.99998309168,299.2053593675944,475
37045000,74089.99998305734,301.52155133721027,475
37050000,74099.999983023,300.5493114177777,475
37055000,74109.99998298865,299.96934586330934,475
37060000,74119.99998295431,299.70221369796735,475
37065000,74129.99998291997,303.1410594357843,475
37070000,74139.99998288562,298.6514835296551,475
37075000,74149.99998285128,300.2947598021857,475
37080000,74159.99998281694,301.35183552019606,475
37085000,74169.9999827826,302.8832134407323,475
37090000,74179.99998274825,302.50031368577504,475
37095000,74189.99998271391,301.3435221867936,475
37100000,74199.99998267957,300.9532377154629,475
37105000,74209.99998264523,300.6735028904416,475
37110000,74219.99998261088,300.9572175027301,475
37115000,74229.99998257654,298.16433545822815,475
37120000,74239.9999825422,301.0682093476247,475
37125000,74249.99998250786,300.9420058713979,475
37130000,74259.99998247351,301.69681674646915,475
37135000,74269.99998243917,300.50904923659175,475
37140000,74279.99998240483,300.6690809045893,475
37145000,74289.99998237049,299.76553653537337,475
37150000,74299.99998233614,299.55367919318604,475
37155000,74309.9999823018,298.7115783173889,475
37160000,74319.99998226746,300.49788372231455,475
37165000,74329.99998223312,299.8930666073559,475
37170000,74339.99998219877,299.4871725259663,475
37175000,74349.99998216443,301.7288098141111,475
37180000,74359.99998213009,298.8915310316513,475
37185000,74369.99998209575,299.4608838200739,475
37190000,74379.9999820614,300.07797194577296,475
37195000,74389.99998202706,299.54047956541666,475
37200000,74399.99998199272,301.3362038002079,475
37205000,74409.99998195838,297.61640719126024,475
37210000,74419.99998192403,302.87103086970893,475
37215000,74429.99998188969,302.58128024673204,475
37220000,74439.99998185535,302.2644449604093,475
37225000,74449.999981821,302.63036428969343,475
37230000,74459.99998178666,303.45015624686533,475
37235000,74469.99998175232,300.14954178679363,475
37240000,74479.99998171798,300.93537289261934,475
37245000,74489.99998168364,300.7640651606983,475
37250000,74499.9999816493,300.283218419111,475
37255000,74509.99998161495,302.8406297169739,475
37260000,74519.99998158061,301.6762766221849,475
37265000,74529.99998154627,298.5354285109595,475
37270000,74539.99998151192,302.6925816306363,475
37275000,74549.99998147758,298.79716585356164,475
37280000,74559.99998144324,302.71820703865086,475
37285000,74569.9999814089,301.4699909821715,475
37290000,74579.99998137455,301.0411025743496,475
37295000,74589.99998134021,301.0659983546985,475
37300000,74599.99998130587,301.7970410558132,475
37305000,74609.99998127153,300.7972300545911,475
37310000,74619.99998123718,298.9475133725424,475
37315000,74629.99998120284,299.4839886961526,475
37320000,74639.9999811685,299.8063514647908,475
37325000,74649.99998113415,300.592315230192,475
37330000,74659.99998109981,301.2783642252588,475
37335000,74669.99998106547,299.9426149588317,475
37340000,74679.99998103113,299.04464229178984,475
37345000,74689.99998099678,298.88611409898215,475
37350000,74699.99998096244,298.92803452486265,475
37355000,74709.9999809281,300.62525902479223,475
37360000,74719.99998089376,300.266591752306,475
37365000,74729.99998085941,302.7144483506763,475
37370000,74739.99998082507,300.59114340394115,475
37375000,74749.99998079073,300.38025889864133,475
37380000,74759.99998075639,300.17209391464075,475
37385000,74769.99998072204,300.7525237776236,475
37390000,74779.9999806877,300.2722518941971,475
37395000,74789.99998065336,298.9415879115002,475
37400000,74799.99998061902,301.91961850364106,475
37405000,74809.99998058467,301.229744490812,475
37410000,74819.99998055033,298.51446829801927,475
37415000,74829.99998051599,301.173939029355,475
37420000,74839.99998048165,300.3910706540504,475
37425000,74849.9999804473,299.4050341387584,475
37430000,74859.99998041296,299.9481203312179,475
37435000,74869.99998037862,303.0187915269661,475
37440000,74879.99998034428,303.6414071349806,475
37445000,74889.99998030993,299.81117142936984,475
37450000,74899.99998027559,299.36459507813845,475
37455000,74909.99998024125,300.95410000270414,475
37460000,74919.9999802069,302.991596313974,475
37465000,74929.99998017256,301.31192709787837,475
37470000,74939.99998013822,301.86460899963754,475
37475000,74949.99998010388,299.8041846917231,475
37480000,74959.99998006954,297.9134319809644,475
37485000,74969.9999800352,300.75614980602256,475
37490000,74979.99998000085,300.2709474083706,475
37495000,74989.99997996651,300.52001576150565,475
37500000,74999.99997993217,301.45044580470403,475
37505000,75009.99997989782,301.20988977433484,475
37510000,75019.99997986348,301.0834651988154,475
37515000,75029.99997982914,299.59984472548484,475
37520000,75039.9999797948,299.7051764284884,475
37525000,75049.99997976045,300.19413751411486,475
37530000,75059.99997972611,299.8344752948119,475
37535000,75069.99997969177,300.46947246321304,475
37540000,75079.99997965743,300.47838276470554,475
37545000,75089.99997962308,300.3348229940082,475
37550000,75099.99997958874,297.9158640731832,475
37555000,75109.9999795544,298.64058333452897,475
37560000,75119.99997952006,302.28160226551654,475
37565000,75129.99997948571,297.6209176168297,475
37570000,75139.99997945137,300.698354450932,475
37575000,75149.99997941703,299.313476921685,475
37580000,75159.99997938269,297.66531435478754,475
37585000,75169.99997934834,301.529135042947,475
37590000,75179.999979314,299.75987639348233,475
37595000,75189.99997927966,302.1799629206997,475
37600000,75199.99997924532,298.4576236698869,475
37605000,75209.99997921097,302.5545714521837,475
37610000,75219.99997917663,300.05882474703213,475
37615000,75229.99997914229,297.991833790127,475
37620000,75239.99997910795,300.0612347293217,475
37625000,75249.9999790736,299.71959210236713,475
37630000,75259.99997903926,303.22715550033,475
37635000,75269.99997900492,298.9045758899158,475
37640000,75279.99997897058,300.20574522697734,475
37645000,75289.99997893623,301.3474135343437,475
37650000,75299.99997890189,299.5485939094558,475
37655000,75309.99997886755,301.73723369715987,475
37660000,75319.9999788332,301.84163678313445,475
37665000,75329.99997879886,297.8472790726128,475
37670000,75339.99997876452,298.28815106209464,475
37675000,75349.99997873018,299.49822749059723,475
37680000,75359.99997869584,299.37195768458264,475
37685000,75369.9999786615,300.7378206746644,475
37690000,75379.99997862715,299.549787845636,475
37695000,75389.99997859281,301.26859163652506,475
37700000,75399.99997855847,300.4226657429656,475
37705000,75409.99997852412,300.76145618904536,475
37710000,75419.99997848978,300.9438631054559,475
37715000,75429.99997845544,300.73870507183494,475
37720000,75439.9999784211,300.49450090313746,475
37725000,75449.99997838675,298.3130689523728,475
37730000,75459.99997835241,301.66915722496253,475
37735000,75469.99997831807,301.21351580273375,475
37740000,75479.99997828373,303.91433210178917,475
37745000,75489.99997824938,301.0703982306216,475
37750000,75499.99997821504,299.7571347622538,475
37755000,75509.9999781807,299.31637332241826,475
37760000,75519.99997814636,300.86512964735437,475
37765000,75529.99997811201,301.9489141599131,475
37770000,75539.99997807767,299.632279991712,475
37775000,75549.99997804333,300.638746081642,475
37780000,75559.99997800899,303.019631704278,475
37785000,75569.99997797464,301.3818608041337,475
37790000,75579.9999779403,300.27873010347076,475
37795000,75589.99997790596,299.39990463516966,475
37800000,75599.99997787162,301.2155499162258,475
37805000,75609.99997783727,298.9859625395288,475
37810000,75619.99997780293,302.0345459159443,475
37815000,75629.99997776859,302.502922657428,475
37820000,75639.99997773425,300.1271002085928,475
37825000,75649.9999776999,300.8549590798939,475
37830000,75659.99997766556,300.1148291978525,475
37835000,75669.99997763122,299.0851919020561,475
37840000,75679.99997759688,299.5362344589984,475
37845000,75689.99997756253,301.29970030699656,475
37850000,75699.99997752819,299.75877089701925,475
37855000,75709.99997749385,299.92596618209757,475
37860000,75719.9999774595,299.99161056207606,475
37865000,75729.99997742516,299.2101572222443,475
37870000,75739.99997739082,300.460606381579,475
37875000,75749.99997735648,299.18227660144504,475
37880000,75759.99997732214,300.2218854753385,475
37885000,75769.99997728779,300.8012098418583,475
37890000,75779.99997725345,299.030138178194,475
37895000,75789.99997721911,302.8776859584168,475
37900000,75799.99997718477,298.7254854628946,475
37905000,75809.99997715042,298.0752766631613,475
37910000,75819.99997711608,299.7528675459063,475
37915000,75829.99997708174,300.71241636594254,475
37920000,75839.9999770474,299.54189460088946,475
37925000,75849.99997701305,301.9168326525541,475
37930000,75859.99997697871,298.8023395770089,475
37935000,75869.99997694437,300.3704420900491,475
37940000,75879.99997691002,300.94306714800246,475
37945000,75889.99997687568,298.05524506725,475
37950000,75899.99997684134,300.52127602747356,475
37955000,75909.999976807,300.06393214069163,475
37960000,75919.99997677265,300.3828899802235,475
37965000,75929.99997673831,301.54591647925685,475
37970000,75939.99997670397,300.80014856525366,475
37975000,75949.99997666963,299.89125359315636,475
37980000,75959.99997663528,298.007708719337,475
37985000,75969.99997660094,303.41137543094,475
37990000,75979.9999765666,299.63084284631,475
37995000,75989.99997653226,298.9962878764941,475
38000000,75999.99997649791,302.68364921921454,475
38005000,76009.99997646357,299.70365084336936,475
38010000,76019.99997642923,301.62763477780874,475
38015000,76029.99997639489,300.2844123552911,475
38020000,76039.99997636054,299.1696297219072,475
38025000,76049.9999763262,299.81970586206495,475
38030000,76059.99997629186,297.5500331836161,475
38035000,76069.99997625752,298.59499266039103,475
38040000,76079.99997622317,300.641620372446,475
38045000,76089.99997618883,300.0383730624649,475
38050000,76099.99997615449,299.26054575103205,475
38055000,76109.99997612015,301.24044569657474,475
38060000,76119.9999760858,300.923521970535,475
38065000,76129.99997605146,305.7803438017039,475
38070000,76139.99997601712,302.0588889480617,475
38075000,76149.99997598278,300.859779044473,475
38080000,76159.99997594843,300.3383163628316,475
38085000,76169.99997591409,298.1373613445287,475
38090000,76179.99997587975,301.0547886205627,475
38095000,76189.9999758454,300.98963065902797,475
38100000,76199.99997581106,299.1852614418953,475
38105000,76209.99997577672,299.5999331652019,475
38110000,76219.99997574238,301.94550923080675,475
38115000,76229.99997570804,297.2437001136928,475
38120000,76239.9999756737,301.5211312485543,475
38125000,76249.99997563935,300.6950379615427,475
38130000,76259.99997560501,299.0445096322142,475
38135000,76269.99997557067,303.17820411694424,475
38140000,76279.99997553632,300.52379655940945,475
38145000,76289.99997550198,302.4186838269402,475
38150000,76299.99997546764,300.7949306219479,475
38155000,76309.9999754333,299.928707813326,475
38160000,76319.99997539895,301.9635067132259,475
38165000,76329.99997536461,298.38976829698225,475
38170000,76339.99997533027,299.26863798514194,475
38175000,76349.99997529593,299.453543323559,475
38180000,76359.99997526158,301.36081215147635,475
38185000,76369.99997522724,298.2442849624391,475
38190000,76379.9999751929,299.9019547989191,475
38195000,76389.99997515856,299.7211397974155,475
38200000,76399.99997512421,298.2189912033635,475
38205000,76409.99997508987,302.4114538800716,475
38210000,76419.99997505553,300.7806033877862,475
38215000,76429.99997502119,298.90236489698964,475
38220000,76439.99997498684,299.35787365964285,475
38225000,76449.9999749525,299.0168943305662,475
38230000,76459.99997491816,301.33635856971273,475
38235000,76469.99997488382,300.851930019585,475
38240000,76479.99997484947,297.9106461298773,475
38245000,76489.99997481513,299.1642791190258,475
38250000,76499.99997478079,296.3797988476434,475
38255000,76509.99997474645,300.3608463807494,475
38260000,76519.9999747121,299.8587298872122,475
38265000,76529.99997467776,299.4031990146297,475
38270000,76539.99997464342,299.82229272378856,475
38275000,76549.99997460908,301.0240558188887,475
38280000,76559.99997457473,301.84842453141783,475
38285000,76569.99997454039,298.5985744689314,475
38290000,76579.99997450605,298.36182134639523,475
38295000,76589.9999744717,297.7241709864827,475
38300000,76599.99997443736,299.8407987345808,475
38305000,76609.99997440302,298.80057078266793,475
38310000,76619.99997436868,300.0661873534764,475
38315000,76629.99997433434,296.3166528896715,475
38320000,76639.9999743,300.06906164428045,475
38325000,76649.99997426565,299.38971195778,475
38330000,76659.99997423131,300.5038755131445,475
38335000,76669.99997419697,296.63536751998146,475
38340000,76679.99997416262,300.528992392786,475
38345000,76689.99997412828,298.6453811891788,475
38350000,76699.99997409394,299.7172926697239,475
38355000,76709.9999740596,300.1579435599132,475
38360000,76719.99997402525,301.9533140358362,475
38365000,76729.99997399091,299.9000091251441,475
38370000,76739.99997395657,301.4265228612427,475
38375000,76749.99997392223,298.9558488158741,475
38380000,76759.99997388788,298.7358771296477,475
38385000,76769.99997385354,301.08235970235233,475
38390000,76779.9999738192,300.0648607577207,475
38395000,76789.99997378486,299.13390007622,475
38400000,76799.99997375051,300.53659820845206,475
38405000,76809.99997371617,300.4733859206924,475
38410000,76819.99997368183,300.30667705405784,475
38415000,76829.99997364749,301.3069081439359,475
38420000,76839.99997361314,299.5311270653389,475
38425000,76849.9999735788,302.99634994876527,475
38430000,76859.99997354446,299.9961873174333,475
38435000,76869.99997351012,301.2659826648722,475
38440000,76879.99997347577,301.0522017588391,475
38445000,76889.99997344143,298.12374162810335,475
38450000,76899.99997340709,300.2913327631501,475
38455000,76909.99997337275,298.88224486136136,475
38460000,76919.9999733384,300.5122109564762,475
38465000,76929.99997330406,299.94515760069686,475
38470000,76939.99997326972,299.2381262827605,475
38475000,76949.99997323538,299.5816703636316,475
38480000,76959.99997320103,302.5063496964636,475
38485000,76969.99997316669,300.2500977450767,475
38490000,76979.99997313235,301.4911722944044,475
38495000,76989.999973098,302.6111949810234,475
38500000,76999.99997306366,299.9968063954526,475
38505000,77009.99997302932,303.02874099513394,475
38510000,77019.99997299498,297.6089119252405,475
38515000,77029.99997296064,301.43797580460034,475
38520000,77039.99997292629,300.8668321119075,475
38525000,77049.99997289195,301.8345394958414,475
38530000,77059.99997285761,297.5082454173112,475
38535000,77069.99997282327,301.33982982860687,475
38540000,77079.99997278892,299.58945305873175,475
38545000,77089.99997275458,300.42744148768617,475
38550000,77099.99997272024,299.67243162325155,475
38555000,77109.9999726859,300.8349717038412,475
38560000,77119.99997265155,299.5568630229997,475
38565000,77129.99997261721,300.0974065735941,475
38570000,77139.99997258287,298.8965942054523,475
38575000,77149.99997254852,298.6259686712869,475
38580000,77159.99997251418,301.47206931552216,475
38585000,77169.99997247984,301.8755976344807,475
38590000,77179.9999724455,301.1295644013264,475
38595000,77189.99997241115,301.0187273259366,475
38600000,77199.99997237681,301.8684561273291,475
38605000,77209.99997234247,299.65794961958505,475
38610000,77219.99997230813,303.4212806792493,475
38615000,77229.99997227378,300.5126310451322,475
38620000,77239.99997223944,300.02302877155716,475
38625000,77249.9999722051,302.1561505268847,475
38630000,77259.99997217076,299.66166408770107,475
38635000,77269.99997213641,299.27443078660855,475
38640000,77279.99997210207,299.9691247640167,475
38645000,77289.99997206773,300.70817125952425,475
38650000,77299.99997203339,301.3468828960414,475
38655000,77309.99997199904,299.1255646328883,475
38660000,77319.9999719647,299.30401387196093,475
38665000,77329.99997193036,299.65083022236274,475
38670000,77339.99997189602,299.0070554120446,475
38675000,77349.99997186167,300.85562237777174,475
38680000,77359.99997182733,300.60905244664326,475
38685000,77369.99997179299,298.6720236539394,475
38690000,77379.99997175865,301.52584066348703,475
38695000,77389.9999717243,301.2353604128445,475
38700000,77399.99997168996,298.5129206029709,475
38705000,77409.99997165562,297.28639438709746,475
38710000,77419.99997162128,303.5038391551132,475
38715000,77429.99997158693,300.0511304916491,475
38720000,77439.99997155259,299.1782968141778,475
38725000,77449.99997151825,300.4976405130927,475
38730000,77459.9999714839,301.80840555945383,475
38735000,77469.99997144956,298.4769698579911,475
38740000,77479.99997141522,298.98664794733594,475
38745000,77489.99997138088,301.29656069704134,475
38750000,77499.99997134654,301.7988982898712,475
38755000,77509.9999713122,302.0977139838455,475
38760000,77519.99997127785,297.42581960102285,475
38765000,77529.99997124351,302.86773649024894,475
38770000,77539.99997120917,299.9295701005672,475
38775000,77549.99997117482,300.9452781409286,475
38780000,77559.99997114048,299.4483032703239,475
38785000,77569.99997110614,299.7534424040671,475
38790000,77579.9999710718,300.2451009010635,475
38795000,77589.99997103745,300.8990241689128,475
38800000,77599.99997100311,299.56853706565,475
38805000,77609.99997096877,303.7588992990782,475
38810000,77619.99997093443,301.87643781179264,475
38815000,77629.99997090008,299.4898920472655,475
38820000,77639.99997086574,301.3921640311697,475
38825000,77649.9999708314,299.44967408593817,475
38830000,77659.99997079706,301.23819048379005,475
38835000,77669.99997076271,299.2141148995821,475
38840000,77679.99997072837,301.2298771503875,475
38845000,77689.99997069403,300.01774449846357,475
38850000,77699.99997065969,299.8210545677499,475
38855000,77709.99997062534,300.2233889505283,475
38860000,77719.999970591,301.55518053961754,475
38865000,77729.99997055666,297.9253271229073,475
38870000,77739.99997052232,298.6939567037672,475
38875000,77749.99997048797,301.17044566053164,475
38880000,77759.99997045363,300.5305621977636,475
38885000,77769.99997041929,298.7311234948564,475
38890000,77779.99997038495,302.1218801365287,475
38895000,77789.9999703506,302.38476719545247,475
38900000,77799.99997031626,299.55082701231123,475
38905000,77809.99997028192,301.346086938588,475
38910000,77819.99997024758,299.50901713607703,475
38915000,77829.99997021323,302.31025673383994,475
38920000,77839.99997017889,300.49640235705397,475
38925000,77849.99997014455,301.14311778796394,475
38930000,77859.9999701102,298.7218594344956,475
38935000,77869.99997007586,300.8232313314031,475
38940000,77879.99997004152,300.14976288608625,475
38945000,77889.99997000718,299.6711050274959,475
38950000,77899.99996997284,299.0172923092929,475
38955000,77909.9999699385,298.0974308122817,475
38960000,77919.99996990415,298.6093641144112,475
38965000,77929.99996986981,301.41829796755724,475
38970000,77939.99996983547,299.91214747630886,475
38975000,77949.99996980112,300.7590240968266,475
38980000,77959.99996976678,302.19599261941454,475
38985000,77969.99996973244,301.50755575198747,475
38990000,77979.9999696981,302.0938005263662,475
38995000,77989.99996966375,299.6212913568689,475
39000000,77999.99996962941,299.35937713483264,475
39005000,78009.99996959507,301.6681401682165,475
39010000,78019.99996956073,302.8169057628759,475
39015000,78029.99996952638,299.33162917360903,475
39020000,78039.99996949204,302.5748904771754,475
39025000,78049.9999694577,298.6318941323291,475
39030000,78059.99996942336,298.8596485136557,475
39035000,78069.99996938901,296.5174994870864,475
39040000,78079.99996935467,299.0461678769089,475
39045000,78089.99996932033,297.14752192140367,475
39050000,78099.99996928599,302.4356642526133,475
39055000,78109.99996925164,301.19892324942094,475
39060000,78119.9999692173,297.801025100597,475
39065000,78129.99996918296,300.77315234162495,475
39070000,78139.99996914862,301.3155310163481,475
39075000,78149.99996911427,299.62615554130645,475
39080000,78159.99996907993,301.6554490688202,475
39085000,78169.99996904559,297.8024401360697,475
39090000,78179.99996901125,301.84811499240817,475
39095000,78189.9999689769,301.13064778786025,475
39100000,78199.99996894256,298.1684479050709,475
39105000,78209.99996890822,301.2324419021819,475
39110000,78219.99996887388,301.01651633301043,475
39115000,78229.99996883953,301.34292521870356,475
39120000,78239.99996880519,302.3498998370065,475
39125000,78249.99996877085,298.99916216729815,475
39130000,78259.9999687365,302.06339937363106,475
39135000,78269.99996870216,300.07286455211346,475
39140000,78279.99996866782,301.60552484854685,475
39145000,78289.99996863348,302.28133694636546,475
39150000,78299.99996859914,299.5439508243108,475
39155000,78309.99996856479,300.17249189336746,475
39160000,78319.99996853045,299.6218441051004,475
39165000,78329.99996849611,300.4465223566392,475
39170000,78339.99996846177,300.09904270835955,475
39175000,78349.99996842742,299.77504380495594,475
39180000,78359.99996839308,299.98256760100793,475
39185000,78369.99996835874,300.5794030315031,475
39190000,78379.9999683244,299.47914662164425,475
39195000,78389.99996829005,300.305505227807,475
39200000,78399.99996825571,299.2150877364696,475
39205000,78409.99996822137,301.1764153414323,475
39210000,78419.99996818702,299.8660040539393,475
39215000,78429.99996815268,300.9642042403768,475
39220000,78439.99996811834,296.2008853000563,475
39225000,78449.999968084,299.2387232508506,475
39230000,78459.99996804965,300.6812855855418,475
39235000,78469.99996801531,298.6180754265404,475
39240000,78479.99996798097,302.56657714377286,475
39245000,78489.99996794663,298.78126881442233,475
39250000,78499.99996791228,299.87953533064757,475
39255000,78509.99996787794,299.2062879846234,475
39260000,78519.9999678436,303.1945212447395,475
39265000,78529.99996780926,300.6718004258885,475
39270000,78539.99996777491,299.4614365683055,475
39275000,78549.99996774057,301.861181960602,475
39280000,78559.99996770623,299.39983830538193,475
39285000,78569.99996767189,305.41535308944884,475
39290000,78579.99996763754,301.42734092862537,475
39295000,78589.9999676032,298.87587720173394,475
39300000,78599.99996756886,299.91522075647623,475
39305000,78609.99996753452,301.33410335692804,475
39310000,78619.99996750017,302.0430361287809,475
39315000,78629.99996746583,303.0443063853343,475
39320000,78639.99996743149,299.56137344856916,475
39325000,78649.99996739715,300.6275142375769,475
39330000,78659.9999673628,301.2080988700646,475
39335000,78669.99996732846,300.82787441654807,475
39340000,78679.99996729412,299.42079851832216,475
39345000,78689.99996725978,299.47892552235163,475
39350000,78699.99996722543,301.8364851696164,475
39355000,78709.99996719109,298.71763643800665,475
39360000,78719.99996715675,299.7213608967081,475
39365000,78729.9999671224,298.9898538870789,475
39370000,78739.99996708806,300.0494722469544,475
39375000,78749.99996705372,300.06596625418376,475
39380000,78759.99996701938,299.11269665405786,475
39385000,78769.99996698504,302.2660368753162,475
39390000,78779.9999669507,296.73194369099735,475
39395000,78789.99996691635,304.53378598991924,475
39400000,78799.99996688201,301.3925841198257,475
39405000,78809.99996684767,300.3649809375214,475
39410000,78819.99996681332,301.4316081449729,475
39415000,78829.99996677898,298.94649631579637,475
39420000,78839.99996674464,301.9430771385879,475
39425000,78849.9999667103,300.8606413317142,475
39430000,78859.99996667595,298.190071415889,475
39435000,78869.99996664161,301.50359807464963,475
39440000,78879.99996660727,298.01447435769114,475
39445000,78889.99996657293,298.7058297357808,475
39450000,78899.99996653858,299.1811268851234,475
39455000,78909.99996650424,301.12865789422665,475
39460000,78919.9999664699,297.8066410226295,475
39465000,78929.99996643556,298.6560602850123,475
39470000,78939.99996640121,299.15176489906366,475
39475000,78949.99996636687,298.3264012397177,475
39480000,78959.99996633253,302.33939762060714,475
39485000,78969.99996629819,299.3852899719276,475
39490000,78979.99996626384,301.120410890612,475
39495000,78989.9999662295,298.96677112092954,475
39500000,78999.99996619516,298.94317982640706,475
39505000,79009.99996616082,298.7675827682092,475
39510000,79019.99996612647,299.21316417262386,475
39515000,79029.99996609213,297.96331198137915,475
39520000,79039.99996605779,300.295378880205,475
39525000,79049.99996602345,302.0387468025041,475
39530000,79059.9999659891,300.4194155833642,475
39535000,79069.99996595476,302.1919686122889,475
39540000,79079.99996592042,300.1599334535467,475
39545000,79089.99996588608,300.4196809025153,475
39550000,79099.99996585173,297.9699449601577,475
39555000,79109.99996581739,297.70091134089915,475
39560000,79119.99996578305,299.388451691812,475
39565000,79129.9999657487,300.51950723313263,475
39570000,79139.99996571436,302.2142996408434,475
39575000,79149.99996568002,301.9667789827567,475
39580000,79159.99996564568,300.61519900697806,475
39585000,79169.99996561134,300.9134177328623,475
39590000,79179.999965577,298.8551823079448,475
39595000,79189.99996554265,301.3654552366214,475
39600000,79199.99996550831,300.73625086968684,475
39605000,79209.99996547397,300.8611719700164,475
39610000,79219.99996543962,300.08033770820396,475
39615000,79229.99996540528,300.1526371768903,475
39620000,79239.99996537094,300.8779091864677,475
39625000,79249.9999653366,301.4051204497172,475
39630000,79259.99996530225,303.5096761764383,475
39635000,79269.99996526791,299.3266986593836,475
39640000,79279.99996523357,299.0297401994673,475
39645000,79289.99996519923,300.9796590809309,475
39650000,79299.99996516488,298.20324893372907,475
39655000,79309.99996513054,300.8102306929971,475
39660000,79319.9999650962,298.6864393278181,475
39665000,79329.99996506186,302.9072027139814,475
39670000,79339.99996502751,301.1720375754385,475
39675000,79349.99996499317,301.0321922728571,475
39680000,79359.99996495883,298.28454714362493,475
39685000,79369.99996492449,300.2668570714572,475
39690000,79379.99996489014,297.1076134990859,475
39695000,79389.9999648558,299.11607947323495,475
39700000,79399.99996482146,298.3249198744571,475
39705000,79409.99996478712,300.058050899508,475
39710000,79419.99996475277,301.9544416422286,475
39715000,79429.99996471843,298.5467487947416,475
39720000,79439.99996468409,299.4202678800199,475
39725000,79449.99996464975,298.47270264164354,475
39730000,79459.9999646154,301.8255407546318,475
39735000,79469.99996458106,300.6494030675462,475
39740000,79479.99996454672,302.91551604738385,475
39745000,79489.99996451238,298.71016328191615,475
39750000,79499.99996447803,299.8895511286032,475
39755000,79509.99996444369,299.8105965712091,475
39760000,79519.99996440935,300.38036944828764,475
39765000,79529.999964375,301.1557646675017,475
39770000,79539.99996434066,301.0047538506431,475
39775000,79549.99996430632,300.03824040288936,475
39780000,79559.99996427198,298.185008242088,475
39785000,79569.99996423764,301.2680609982228,475
39790000,79579.99996420329,301.5465797771347,475
39795000,79589.99996416895,297.2741454862864,475
39800000,79599.99996413461,299.6805459672907,475
39805000,79609.99996410027,301.952031659939,475
39810000,79619.99996406592,298.1340669650686,475
39815000,79629.99996403158,299.2261869209591,475
39820000,79639.99996399724,299.12722287758294,475
39825000,79649.9999639629,301.3169460518208,475
39830000,79659.99996392855,300.0381740731016,475
39835000,79669.99996389421,297.8236435582319,475
39840000,79679.99996385987,300.5315792545096,475
39845000,79689.99996382552,299.31785468767885,475
39850000,79699.99996379118,299.4908869940823,475
39855000,79709.99996375684,298.0172823187074,475
39860000,79719.9999637225,299.9904387358252,475
39865000,79729.99996368815,293.2678041941048,475
39870000,79739.99996365381,300.99102358457145,475
39875000,79749.99996361947,300.3398640578799,475
39880000,79759.99996358513,299.45250415688366,475
39885000,79769.99996355078,302.8264130324585,475
39890000,79779.99996351644,300.63173723406595,475
39895000,79789.9999634821,300.18920699988945,475
39900000,79799.99996344776,305.02632888408607,475
39905000,79809.99996341341,298.9207603581355,475
39910000,79819.99996337907,298.18598107897554,475
39915000,79829.99996334473,299.012826103582,475
39920000,79839.99996331039,300.9406350557837,475
39925000,79849.99996327604,300.19889114890617,475
39930000,79859.9999632417,298.13488503245134,475
39935000,79869.99996320736,300.03112100566705,475
39940000,79879.99996317302,300.9547411906527,475
39945000,79889.99996313867,300.1503377442471,475
39950000,79899.99996310433,297.91347620082286,475
39955000,79909.99996306999,300.2494123372695,475
39960000,79919.99996303565,299.08048248712333,475
39965000,79929.9999630013,301.51617862439963,475
39970000,79939.99996296696,301.7350890340215,475
39975000,79949.99996293262,301.66880346609435,475
39980000,79959.99996289828,303.6549384116888,475
39985000,79969.99996286393,301.45548686857575,475
39990000,79979.99996282959,299.6428043180407,475
39995000,79989.99996279525,300.4130037038782,475
40000000,79999.9999627609,299.434550894323,475
40005000,80009.99996272656,298.1721844831161,475
40010000,80019.99996269222,299.70911199589705,475
40015000,80029.99996265788,300.20017352480335,475
40020000,80039.99996262354,301.84360456683874,475
40025000,80049.9999625892,299.37195768458264,475
40030000,80059.99996255485,298.73154358351235,475
40035000,80069.99996252051,298.86672369101944,475
40040000,80079.99996248617,300.5999210458581,475
40045000,80089.99996245182,299.2290833216924,475
40050000,80099.99996241748,298.6257033521357,475
40055000,80109.99996238314,301.470786939625,475
40060000,80119.9999623488,305.03610147281984,475
40065000,80129.99996231445,302.1940469456395,475
40070000,80139.99996228011,301.6110744407916,475
40075000,80149.99996224577,300.4536417538615,475
40080000,80159.99996221143,302.2119117684831,475
40085000,80169.99996217708,297.9447175308699,475
40090000,80179.99996214274,300.72625718166046,475
40095000,80189.9999621084,301.9568958443766,475
40100000,80199.99996207406,300.37439976738693,475
40105000,80209.99996203971,297.0180682855753,475
40110000,80219.99996200537,299.4790139620687,475
40115000,80229.99996197103,301.0738031597279,475
40120000,80239.99996193669,301.8526917477654,475
40125000,80249.99996190234,300.4282595550689,475
40130000,80259.999961868,304.79802175452795,475
40135000,80269.99996183366,300.0846712543393,475
40140000,80279.99996179932,302.7000990065854,475
40145000,80289.99996176497,298.914724347447,475
40150000,80299.99996173063,298.7526364560282,475
40155000,80309.99996169629,302.8383523942599,475
40160000,80319.99996166195,301.48073640779285,475
40165000,80329.9999616276,300.11381214110645,475
40170000,80339.99996159326,300.6144914892417,475
40175000,80349.99996155892,301.8135792829012,475
40180000,80359.99996152458,300.49755207337563,475
40185000,80369.99996149023,298.22668545874666,475
40190000,80379.99996145589,301.05916638655657,475
40195000,80389.99996142155,300.0051639487136,475
40200000,80399.9999613872,298.0680246063634,475
40205000,80409.99996135286,303.4566123462098,475
40210000,80419.99996131852,300.33535363231044,475
40215000,80429.99996128418,299.8907008449249,475
40220000,80439.99996124984,299.7628833438619,475
40225000,80449.9999612155,301.167438710152,475
40230000,80459.99996118115,298.9963542062819,475
40235000,80469.99996114681,300.29343320643,475
40240000,80479.99996111247,301.96927740476326,475
40245000,80489.99996107812,300.9872427866677,475
40250000,80499.99996104378,298.5506843621502,475
40255000,80509.99996100944,297.6232391594022,475
40260000,80519.9999609751,299.97374573923247,475
40265000,80529.99996094075,300.2301103690239,475
40270000,80539.99996090641,298.9665721315661,475
40275000,80549.99996087207,300.2379815038412,475
40280000,80559.99996083773,297.6589024753016,475
40285000,80569.99996080338,302.6130301051521,475
40290000,80579.99996076904,301.57947935187633,475
40295000,80589.9999607347,302.5051778702127,475
40300000,80599.99996070036,302.1677803496764,475
40305000,80609.99996066601,299.55093756195754,475
40310000,80619.99996063167,299.5489918881825,475
40315000,80629.99996059733,301.65538273903235,475
40320000,80639.99996056299,300.17897010264124,475
40325000,80649.99996052864,298.33310054828405,475
40330000,80659.9999604943,298.85637624412493,475
40335000,80669.99996045996,300.94213853097347,475
40340000,80679.99996042562,300.145097691012,475
40345000,80689.99996039127,298.38662868702704,475
40350000,80699.99996035693,300.7333323590243,475
40355000,80709.99996032259,296.5421299482842,475
40360000,80719.99996028825,298.6715593454249,475
40365000,80729.9999602539,298.6412245224776,475
40370000,80739.99996021956,300.3024098377103,475
40375000,80749.99996018522,300.76433047984943,475
40380000,80759.99996015088,300.87682579993384,475
40385000,80769.99996011653,302.80096450387805,475
40390000,80779.99996008219,300.7081270396658,475
40395000,80789.99996004785,302.193074108752,475
40400000,80799.9999600135,300.88381253758064,475
40405000,80809.99995997916,299.1805520269626,475
40410000,80819.99995994482,297.57510584339906,475
40415000,80829.99995991048,300.154892389675,475
40420000,80839.99995987614,301.4789455035226,475
40425000,80849.99995984179,299.36607644339904,475
40430000,80859.99995980745,302.0549754905823,475
40435000,80869.99995977311,299.8823654015931,475
40440000,80879.99995973877,298.95197957825326,475
40445000,80889.99995970442,297.28352009629344,475
40450000,80899.99995967008,302.30954921610356,475
40455000,80909.99995963574,299.23918755936506,475
40460000,80919.9999596014,300.6694346634575,475
40465000,80929.99995956705,299.55872025705776,475
40470000,80939.99995953271,300.2819360432138,475
40475000,80949.99995949837,299.60422249147865,475
40480000,80959.99995946402,300.82685735980203,475
40485000,80969.99995942968,299.18227660144504,475
40490000,80979.99995939534,303.559202417985,475
40495000,80989.999959361,300.9581018999005,475
40500000,80999.99995932665,301.5096119754088,475
40505000,81009.99995929231,299.60059646307974,475
40510000,81019.99995925797,302.788804042784,475
40515000,81029.99995922363,297.79846034880256,475
40520000,81039.99995918928,296.95432535951335,475
40525000,81049.99995915494,301.311728108515,475
40530000,81059.9999591206,301.4427515493209,475
40535000,81069.99995908626,299.31688185079133,475
40540000,81079.99995905191,302.44974827755317,475
40545000,81089.99995901757,301.6660618348659,475
40550000,81099.99995898323,299.86918788375306,475
40555000,81109.99995894889,300.0457356689091,475
40560000,81119.99995891454,301.24917911863315,475
40565000,81129.9999588802,302.5821646439025,475
40570000,81139.99995884586,299.48650922808844,475
40575000,81149.99995881152,299.01532452558854,475
40580000,81159.99995877717,300.9725617936378,475
40585000,81169.99995874283,299.6722326338882,475
40590000,81179.99995870849,300.746399327218,475
40595000,81189.99995867415,299.43373282694034,475
40600000,81199.9999586398,299.42614912120354,475
40605000,81209.99995860546,299.98460171450006,475
40610000,81219.99995857112,301.4127925951711,475
40615000,81229.99995853678,299.584743643799,475
40620000,81239.99995850243,299.53848967178317,475
40625000,81249.99995846809,301.39183238223075,475
40630000,81259.99995843375,300.0132782927527,475
40635000,81269.9999583994,298.8340009957119,475
40640000,81279.99995836506,299.08421906516855,475
40645000,81289.99995833072,298.25982824271017,475
40650000,81299.99995829638,298.6276269159815,475
40655000,81309.99995826204,300.8330923598539,475
40660000,81319.9999582277,299.15817677854955,475
40665000,81329.99995819335,302.2873066272661,475
40670000,81339.99995815901,298.0880783122039,475
40675000,81349.99995812467,301.314934048258,475
40680000,81359.99995809032,299.8707355788014,475
40685000,81369.99995805598,301.1053982486432,475
40690000,81379.99995802164,299.64083653433636,475
40695000,81389.9999579873,301.38117539632657,475
40700000,81399.99995795295,298.4937734042301,475
40705000,81409.99995791861,300.2367433478025,475
40710000,81419.99995788427,300.21063152134417,475
40715000,81429.99995784993,301.6211344586057,475
40720000,81439.99995781558,302.4266655114037,475
40725000,81449.99995778124,300.41945980322265,475
40730000,81459.9999577469,300.5030795556911,475
40735000,81469.99995771256,300.23979451804064,475
40740000,81479.99995767821,300.6278016666573,475
40745000,81489.99995764387,300.79417888435296,475
40750000,81499.99995760953,299.4041718515172,475
40755000,81509.99995757519,302.3909579756458,475
40760000,81519.99995754084,299.85375515312825,475
40765000,81529.9999575065,300.42021154081755,475
40770000,81539.99995747216,301.5225241740977,475
40775000,81549.99995743782,300.2206030994413,475
40780000,81559.99995740347,298.3101504417102,475
40785000,81569.99995736913,301.68591655134304,475
40790000,81579.99995733479,299.6599616231479,475
40795000,81589.99995730045,300.5602558327623,475
40800000,81599.9999572661,300.89942214763954,475
40805000,81609.99995723176,298.9526207662019,475
40810000,81619.99995719742,300.7754738841974,475
40815000,81629.99995716308,296.6205759773053,475
40820000,81639.99995712873,300.5080763997043,475
40825000,81649.99995709439,299.2880283931046,475
40830000,81659.99995706005,301.7804586088668,475
40835000,81669.9999570257,299.3855110712202,475
40840000,81679.99995699136,299.5268819589206,475
40845000,81689.99995695702,300.4066802641093,475
40850000,81699.99995692268,299.12112053710666,475
40855000,81709.99995688834,302.6115708498208,475
40860000,81719.999956854,301.3598172046596,475
40865000,81729.99995681965,298.14750980205986,475
40870000,81739.99995678531,302.08170639505994,475
40875000,81749.99995675097,300.51546111607774,475
40880000,81759.99995671662,301.74072706598326,475
40885000,81769.99995668228,297.74345084479904,475
40890000,81779.99995664794,301.447062985527,475
40895000,81789.9999566136,299.9115505082188,475
40900000,81799.99995657925,298.07907957099434,475
40905000,81809.99995654491,300.9159603747274,475
40910000,81819.99995651057,301.1577545611353,475
40915000,81829.99995647623,300.68937781965167,475
40920000,81839.99995644188,299.4296867098854,475
40925000,81849.99995640754,300.5692324640426,475
40930000,81859.9999563732,301.815171197808,475
40935000,81869.99995633886,298.73596556936474,475
40940000,81879.99995630451,299.57499316499445,475
40945000,81889.99995627017,301.6606227922675,475
40950000,81899.99995623583,300.54575171916656,475
40955000,81909.99995620149,299.3931611067448,475
40960000,81919.99995616714,300.70525274886165,475
40965000,81929.9999561328,301.84871196049824,475
40970000,81939.99995609846,300.5478963823049,475
40975000,81949.99995606412,297.15461920869666,475
40980000,81959.99995602977,300.8746811367955,475
40985000,81969.99995599543,300.2386890215775,475
40990000,81979.99995596109,298.4427436874937,475
40995000,81989.99995592675,300.314459749158,475
41000000,81999.9999558924,300.9164910130297,475
41005000,82009.99995585806,300.1280951554096,475
41010000,82019.99995582372,300.29736877383857,475
41015000,82029.99995578938,303.2119438689979,475
41020000,82039.99995575503,299.5318345830753,475
41025000,82049.99995572069,300.8048800901157,475
41030000,82059.99995568635,300.7817973239663,475
41035000,82069.999955652,301.8312893362399,475
41040000,82079.99995561766,302.35036414552104,475
41045000,82089.99995558332,302.23893010204114,475
41050000,82099.99995554898,300.9096369349585,475
41055000,82109.99995551464,301.28218924302115,475
41060000,82119.99995548029,298.38275944940625,475
41065000,82129.99995544595,302.0812641964747,475
41070000,82139.99995541161,300.48687297754213,475
41075000,82149.99995537726,296.95792927798306,475
41080000,82159.99995534292,300.6894220395102,475
41085000,82169.99995530858,298.10295829459716,475
41090000,82179.99995527424,300.58190145350966,475
41095000,82189.9999552399,301.80482375091344,475
41100000,82199.99995520555,300.86824714738026,475
41105000,82209.99995517121,301.893440347395,475
41110000,82219.99995513687,299.1206341186629,475
41115000,82229.99995510252,300.57040429029354,475
41120000,82239.99995506818,297.88575034952845,475
41125000,82249.99995503384,302.34813104266556,475
41130000,82259.9999549995,302.0197322633389,475
41135000,82269.99995496515,300.06957017265347,475
41140000,82279.99995493081,300.1884994821531,475
41145000,82289.99995489647,297.0071680904492,475
41150000,82299.99995486213,299.78751380505963,475
41155000,82309.99995482778,299.83821187285713,475
41160000,82319.99995479344,299.0792222211554,475
41165000,82329.9999547591,300.52264684308784,475
41170000,82339.99995472476,302.88175418540095,475
41175000,82349.99995469041,299.0962026468285,475
41180000,82359.99995465607,299.43941507876065,475
41185000,82369.99995462173,298.42359648875293,475
41190000,82379.99995458739,300.3948072320957,475
41195000,82389.99995455304,301.514608819422,475
41200000,82399.9999545187,298.9283661738016,475
41205000,82409.99995448436,299.23374851676664,475
41210000,82419.99995445002,301.9701175820752,475
41215000,82429.99995441567,302.7649695390397,475
41220000,82439.99995438133,301.5790371532911,475
41225000,82449.99995434699,298.0475729217962,475
41230000,82459.99995431265,301.72217683533256,475
41235000,82469.9999542783,302.08495655466146,475
41240000,82479.99995424396,301.35826950961126,475
41245000,82489.99995420962,300.98790608454556,475
41250000,82499.99995417528,300.5399589176999,475
41255000,82509.99995414093,300.8995548072151,475
41260000,82519.99995410659,297.7566283626391,475
41265000,82529.99995407225,298.2278351750682,475
41270000,82539.9999540379,301.35329477552733,475
41275000,82549.99995400356,300.3416549621501,475
41280000,82559.99995396922,301.50916977682357,475
41285000,82569.99995393488,299.65547330750775,475
41290000,82579.99995390054,300.8771132290143,475
41295000,82589.9999538662,300.622119414837,475
41300000,82599.99995383185,301.49331695754285,475
41305000,82609.99995379751,300.60332597496443,475
41310000,82619.99995376317,298.85796815903177,475
41315000,82629.99995372882,299.87995541930354,475
41320000,82639.99995369448,301.06082463125125,475
41325000,82649.99995366014,300.6244630673388,475
41330000,82659.9999536258,300.10744448147904,475
41335000,82669.99995359145,299.64450678259385,475
41340000,82679.99995355711,300.32659810032277,475
41345000,82689.99995352277,300.6916772522949,475
41350000,82699.99995348843,299.7752649042486,475
41355000,82709.99995345408,300.40557476764616,475
41360000,82719.99995341974,304.1895565012411,475
41365000,82729.9999533854,297.6491519964971,475
41370000,82739.99995335106,298.9341810851975,475
41375000,82749.99995331671,302.11776768968605,475
41380000,82759.99995328237,300.920404470509,475
41385000,82769.99995324803,299.248296850221,475
41390000,82779.99995321369,297.93885839961547,475
41395000,82789.99995317934,301.35930867628656,475
41400000,82799.999953145,301.8956071204627,475
41405000,82809.99995311066,299.3418218509987,475
41410000,82819.99995307632,301.1881114940119,475
41415000,82829.99995304197,300.01299086367226,475
41420000,82839.99995300763,300.24262458898613,475
41425000,82849.99995297329,298.13086102532566,475
41430000,82859.99995293895,300.7078617205146,475
41435000,82869.9999529046,299.0653371855789,475
41440000,82879.99995287026,299.5039760722054,475
41445000,82889.99995283592,299.197134473909,475
41450000,82899.99995280158,300.91998438185306,475
41455000,82909.99995276723,301.6287402742718,475
41460000,82919.99995273289,297.5071399208481,475
41465000,82929.99995269855,300.823983068998,475
41470000,82939.9999526642,298.47378602817736,475
41475000,82949.99995262986,301.0714816171555,475
41480000,82959.99995259552,300.4389386509024,475
41485000,82969.99995256118,298.46772790755966,475
41490000,82979.99995252684,302.15486815098745,475
41495000,82989.9999524925,301.3271608391398,475
41500000,82999.99995245815,301.2863016898639,475
41505000,83009.99995242381,300.00494284942096,475
41510000,83019.99995238947,300.6695231031745,475
41515000,83029.99995235512,301.3438759456618,475
41520000,83039.99995232078,300.58294062018496,475
41525000,83049.99995228644,300.4707769490395,475
41530000,83059.9999522521,304.450099907663,475
41535000,83069.99995221775,301.21535092686247,475
41540000,83079.99995218341,300.21907751432224,475
41545000,83089.99995214907,301.3850004140889,475
41550000,83099.99995211473,300.49516420101537,475
41555000,83109.99995208038,300.7486103201442,475
41560000,83119.99995204604,302.264666059702,475
41565000,83129.9999520117,302.3299566808123,475
41570000,83139.99995197736,300.65669934420265,475
41575000,83149.99995194301,296.14063574281766,475
41580000,83159.99995190867,299.2150435166111,475
41585000,83169.99995187433,299.1970018143334,475
41590000,83179.99995183999,299.66995531117425,475
41595000,83189.99995180564,300.8582976792124,475
41600000,83199.9999517713,299.28608271932956,475
41605000,83209.99995173696,298.745782377957,475
41610000,83219.99995170262,297.5929043364549,475
41615000,83229.99995166827,301.06268186530923,475
41620000,83239.99995163393,301.1886200223849,475
41625000,83249.99995159959,300.85365459406745,475
41630000,83259.99995156525,297.56805277596453,475
41635000,83269.9999515309,301.34529098113455,475
41640000,83279.99995149656,298.25949659377125,475
41645000,83289.99995146222,300.01701487079794,475
41650000,83299.99995142788,299.71954788250866,475
41655000,83309.99995139353,297.69056389400464,475
41660000,83319.99995135919,300.460186292923,475
41665000,83329.99995132485,299.09195754041025,475
41670000,83339.9999512905,298.2907600337476,475
41675000,83349.99995125616,302.94693425686495,475
41680000,83359.99995122182,298.2778036152001,475
41685000,83369.99995118748,302.8366278197775,475
41690000,83379.99995115314,300.95091617289046,475
41695000,83389.99995111879,300.8814467751496,475
41700000,83399.99995108445,301.41356644269524,475
41705000,83409.99995105011,300.83083714706913,475
41710000,83419.99995101576,298.76068447027956,475
41715000,83429.99995098142,301.0211373082262,475
41720000,83439.99995094708,300.41192031734437,475
41725000,83449.99995091274,302.01113150085604,475
41730000,83459.9999508784,299.7717715354252,475
41735000,83469.99995084405,299.40105435149127,475
41740000,83479.99995080971,299.5022514977229,475
41745000,83489.99995077537,302.1748776369695,475
41750000,83499.99995074102,302.20775510178186,475
41755000,83509.99995070668,299.8136035215887,475
41760000,83519.99995067234,300.0073307217813,475
41765000,83529.999950638,298.9384040816865,475
41770000,83539.99995060365,299.4683569761645,475
41775000,83549.99995056931,298.39012205585044,475
41780000,83559.99995053497,301.8204333609723,475
41785000,83569.99995050063,299.6693362331549,475
41790000,83579.99995046628,299.99817721106683,475
41795000,83589.99995043194,298.96100042939213,475
41800000,83599.9999503976,299.6493709670314,475
41805000,83609.99995036326,301.03924534029164,475
41810000,83619.99995032891,299.99289293797324,475
41815000,83629.99995029457,300.7289103731719,475
41820000,83639.99995026023,301.5089265676017,475
41825000,83649.99995022589,302.91684264313955,475
41830000,83659.99995019154,297.37063321758524,475
41835000,83669.9999501572,301.0953161208997,475
41840000,83679.99995012286,301.58511738383817,475
41845000,83689.99995008852,301.50830748958236,475
41850000,83699.99995005417,299.93127256512037,475
41855000,83709.99995001983,300.22548939380823,475
41860000,83719.99994998549,300.7997948063855,475
41865000,83729.99994995115,299.48425401530375,475
41870000,83739.9999499168,298.77370721861473,475
41875000,83749.99994988246,300.50599806635364,475
41880000,83759.99994984812,301.03327565939094,475
41885000,83769.99994981378,299.5274125972229,475
41890000,83779.99994977943,301.28678810830763,475
41895000,83789.99994974509,302.6753801056706,475
41900000,83799.99994971075,300.5759096626797,475
41905000,83809.9999496764,299.67994899920063,475
41910000,83819.99994964206,301.0407045956229,475
41915000,83829.99994960772,301.97887311406294,475
41920000,83839.99994957338,299.86315187306457,475
41925000,83849.99994953904,303.7966630582575,475
41930000,83859.9999495047,300.0224760233257,475
41935000,83869.99994947035,300.0346143744904,475
41940000,83879.99994943601,299.23861270120426,475
41945000,83889.99994940167,303.233987468472,475
41950000,83899.99994936732,300.0422865199443,475
41955000,83909.99994933298,300.94271338913427,475
41960000,83919.99994929864,301.11906218492703,475
41965000,83929.9999492643,300.04569144905065,475
41970000,83939.99994922995,300.44904288857504,475
41975000,83949.99994919561,298.9014804998191,475
41980000,83959.99994916127,301.0330766700275,475
41985000,83969.99994912693,302.1567917148333,475
41990000,83979.99994909258,301.43205034355816,475
41995000,83989.99994905824,300.12177171564076,475
42000000,83999.9999490239,300.70191414954314,475
42005000,84009.99994898956,299.7773211276699,475
42010000,84019.99994895521,301.4631147941711,475
42015000,84029.99994892087,300.6121257268107,475
42020000,84039.99994888653,300.8150506575762,475
42025000,84049.99994885219,300.5300094495321,475
42030000,84059.99994881784,300.5617593079521,475
42035000,84069.9999487835,302.7362266309993,475
42040000,84079.99994874916,301.31716715111344,475
42045000,84089.99994871482,299.0181545965341,475
42050000,84099.99994868047,299.8538878127038,475
42055000,84109.99994864613,300.934245286227,475
42060000,84119.99994861179,299.95479752985506,475
42065000,84129.99994857745,301.37575846365746,475
42070000,84139.9999485431,301.5223915145222,475
42075000,84149.99994850876,298.2638301399066,475
42080000,84159.99994847442,300.0385057220405,475
42085000,84169.99994844008,300.12614948163457,475
42090000,84179.99994840573,300.2065854042893,475
42095000,84189.99994837139,299.9555050475914,475
42100000,84199.99994833705,299.4441908234812,475
42105000,84209.9999483027,299.56853706565,475
42110000,84219.99994826836,301.6832191399731,475
42115000,84229.99994823402,299.68868242125905,475
42120000,84239.99994819968,301.4360301308253,475
42125000,84249.99994816534,300.53098228641954,475
42130000,84259.999948131,301.00749548187156,475
42135000,84269.99994809665,299.32192291466305,475
42140000,84279.99994806231,299.2882052725387,475
42145000,84289.99994802797,300.09258660901503,475
42150000,84299.99994799362,302.6143788108371,475
42155000,84309.99994795928,302.2786174250662,475
42160000,84319.99994792494,299.41878651475935,475
42165000,84329.9999478906,300.7258370930045,475
42170000,84339.99994785625,300.98611518027536,475
42175000,84349.99994782191,300.81600138453445,475
42180000,84359.99994778757,299.3856437307957,475
42185000,84369.99994775323,297.29351378431977,475
42190000,84379.99994771888,301.1112352699683,475
42195000,84389.99994768454,300.5883354429249,475
42200000,84399.9999476502,299.2016006796199,475
42205000,84409.99994761586,300.27888487297565,475
42210000,84419.99994758151,301.9505724046077,475
42215000,84429.99994754717,301.4477483933341,475
42220000,84439.99994751283,301.3291286228441,475
42225000,84449.99994747849,298.3351567717054,475
42230000,84459.99994744414,299.490267916063,475
42235000,84469.9999474098,300.8197379625797,475
42240000,84479.99994737546,301.44991516640175,475
42245000,84489.99994734112,299.54620603709554,475
42250000,84499.99994730677,302.6337692187997,475
42255000,84509.99994727243,299.3062690847456,475
42260000,84519.99994723809,301.96945428419735,475
42265000,84529.99994720375,299.5066071537875,475
42270000,84539.9999471694,297.6641425285367,475
42275000,84549.99994713506,299.6433791762015,475
42280000,84559.99994710072,299.93414685592444,475
42285000,84569.99994706638,297.57612290014515,475
42290000,84579.99994703203,302.2113369103223,475
42295000,84589.99994699769,300.09422274378045,475
42300000,84599.99994696335,298.5371973053004,475
42305000,84609.999946929,302.31145067002006,475
42310000,84619.99994689466,298.2908042536061,475
42315000,84629.99994686032,299.90301607552374,475
42320000,84639.99994682598,298.3879552827828,475
42325000,84649.99994679164,302.18500398457144,475
42330000,84659.99994675729,301.95055029467846,475
42335000,84669.99994672295,300.7924321999413,475
42340000,84679.99994668861,302.29663701741464,475
42345000,84689.99994665426,299.51295270348567,475
42350000,84699.99994661992,302.5769909204553,475
42355000,84709.99994658558,299.7279054357697,475
42360000,84719.99994655124,300.1001703147519,475
42365000,84729.9999465169,297.1158826126299,475
42370000,84739.99994648255,300.5531585454692,475
42375000,84749.99994644821,301.12392636936465,475
42380000,84759.99994641387,300.57252684350266,475
42385000,84769.99994637952,302.6896410100445,475
42390000,84779.99994634518,300.34888490901875,475
42395000,84789.99994631084,301.26753035992056,475
42400000,84799.9999462765,301.25070470375226,475
42405000,84809.99994624215,295.71490905488025,475
42410000,84819.99994620781,299.18809151284086,475
42415000,84829.99994617347,301.7993183785272,475
42420000,84839.99994613913,300.3240333485284,475
42425000,84849.99994610478,300.8271668988117,475
42430000,84859.99994607044,299.6064777042634,475
42435000,84869.9999460361,298.82789865523563,475
42440000,84879.99994600176,300.66324388326416,475
42445000,84889.99994596741,301.088240943536,475
42450000,84899.99994593307,300.9978776626426,475
42455000,84909.99994589873,301.1428082489543,475
42460000,84919.99994586439,301.6781338562429,475
42465000,84929.99994583004,297.50988155207654,475
42470000,84939.9999457957,300.028246714863,475
42475000,84949.99994576136,300.1429972477321,475
42480000,84959.99994572702,299.49000259691184,475
42485000,84969.99994569267,299.73635142874764,475
42490000,84979.99994565833,300.0901102969377,475
42495000,84989.99994562399,302.4688954762939,475
42500000,84999.99994558965,300.9621701268847,475
42505000,85009.9999455553,304.0087414997374,475
42510000,85019.99994552096,299.91128518906766,475
42515000,85029.99994548662,299.0285241533579,475
42520000,85039.99994545228,298.90884310626336,475
42525000,85049.99994541793,298.9867584969822,475
42530000,85059.99994538359,300.02439958717144,475
42535000,85069.99994534925,299.751828379231,475
42540000,85079.9999453149,300.8967026263403,475
42545000,85089.99994528056,302.73204785436883,475
42550000,85099.99994524622,300.6533386349548,475
42555000,85109.99994521188,300.2026056170222,475
42560000,85119.99994517754,301.230761547558,475
42565000,85129.9999451432,299.5691119238108,475
42570000,85139.99994510885,300.1357009710757,475
42575000,85149.99994507451,299.69146827234607,475
42580000,85159.99994504017,298.05031455302463,475
42585000,85169.99994500582,301.6131306642129,475
42590000,85179.99994497148,298.8706371484988,475
42595000,85189.99994493714,298.64018535580226,475
42600000,85199.9999449028,298.4023709566615,475
42605000,85209.99994486845,300.66050225203566,475
42610000,85219.99994483411,300.195839978668,475
42615000,85229.99994479977,299.03206174203984,475
42620000,85239.99994476543,299.7083602583021,475
42625000,85249.99994473108,302.1991322293698,475
42630000,85259.99994469674,298.5594177842086,475
42635000,85269.9999446624,303.2707783907637,475
42640000,85279.99994462806,299.4413165326772,475
42645000,85289.99994459371,300.250716823096,475
42650000,85299.99994455937,302.7178090599242,475
42655000,85309.99994452503,300.0075960409324,475
42660000,85319.99994449069,299.4277852559689,475
42665000,85329.99994445634,301.0330545600983,475
42670000,85339.999944422,301.32724927885687,475
42675000,85349.99994438766,300.045978878131,475
42680000,85359.99994435332,300.1257736128372,475
42685000,85369.99994431897,300.7830796998635,475
42690000,85379.99994428463,303.5233843325807,475
42695000,85389.99994425029,301.0506540637908,475
42700000,85399.99994421595,301.48907185112455,475
42705000,85409.9999441816,300.0428171582465,475
42710000,85419.99994414726,300.7400979973784,475
42715000,85429.99994411292,297.5088644953305,475
42720000,85439.99994407858,299.44056479508225,475
42725000,85449.99994404423,300.7592451961192,475
42730000,85459.99994400989,299.7335434677314,475
42735000,85469.99994397555,300.86134884945056,475
42740000,85479.9999439412,301.1168511920008,475
42745000,85489.99994390686,299.507579990675,475
42750000,85499.99994387252,300.52198354521,475
42755000,85509.99994383818,298.8826870599466,475
42760000,85519.99994380384,301.3870787474395,475
42765000,85529.9999437695,300.4993650875751,475
42770000,85539.99994373515,300.7708307990524,475
42775000,85549.99994370081,299.3358079502395,475
42780000,85559.99994366647,302.1724676546799,475
42785000,85569.99994363212,299.89567557900875,475
42790000,85579.99994359778,301.6502753453729,475
42795000,85589.99994356344,302.56918611542585,475
42800000,85599.9999435291,297.31255043341423,475
42805000,85609.99994349475,300.1736416096891,475
42810000,85619.99994346041,298.97815773449935,475
42815000,85629.99994342607,299.5769609486988,475
42820000,85639.99994339173,300.76180994791355,475
42825000,85649.99994335738,300.9297569705868,475
42830000,85659.99994332304,296.7263940987526,475
42835000,85669.9999432887,300.4732090412583,475
42840000,85679.99994325436,300.45143076093535,475
42845000,85689.99994322001,299.6887929709054,475
42850000,85699.99994318567,301.9399154187035,475
42855000,85709.99994315133,301.35369275425404,475
42860000,85719.99994311699,302.0267190009857,475
42865000,85729.99994308264,300.2134615922897,475
42870000,85739.9999430483,298.1709242171482,475
42875000,85749.99994301396,302.58837753402514,475
42880000,85759.99994297962,298.6206180684055,475
42885000,85769.99994294527,300.5193745735571,475
42890000,85779.99994291093,303.4878757861861,475
42895000,85789.99994287659,300.4772109384547,475
42900000,85799.99994284225,299.7895921384103,475
42905000,85809.9999428079,299.33717876585376,475
42910000,85819.99994277356,299.7761935212776,475
42915000,85829.99994273922,299.0889505900306,475
42920000,85839.99994270488,302.0366021393657,475
42925000,85849.99994267053,300.3240333485284,475
42930000,85859.99994263619,301.62617552247747,475
42935000,85869.99994260185,302.15082203393257,475
42940000,85879.9999425675,302.56306166502026,475
42945000,85889.99994253316,301.0999592060448,475
42950000,85899.99994249882,303.2283936563687,475
42955000,85909.99994246448,299.45785475976504,475
42960000,85919.99994243013,299.6952490702499,475
42965000,85929.99994239579,300.40358487401267,475
42970000,85939.99994236145,301.76745797046084,475
42975000,85949.99994232711,299.3232052905602,475
42980000,85959.99994229276,302.04862994088415,475
42985000,85969.99994225842,300.74067285553923,475
42990000,85979.99994222408,299.7738498687758,475
42995000,85989.99994218974,299.30819264859144,475
43000000,85999.9999421554,299.9061999053374,475
43005000,86009.99994212105,298.6664519517654,475
43010000,86019.99994208671,300.52090015867617,475
43015000,86029.99994205237,298.7110034592281,475
43020000,86039.99994201802,302.35686446472397,475
43025000,86049.99994198368,299.77066603896213,475
43030000,86059.99994194934,297.4002163029376,475
43035000,86069.999941915,299.3216133756534,475
43040000,86079.99994188065,298.56083281968137,475
43045000,86089.99994184631,302.84872195108375,475
43050000,86099.99994181197,300.51229939619327,475
43055000,86109.99994177763,304.67902611524056,475
43060000,86119.99994174328,302.89035494788385,475
43065000,86129.99994170894,301.1667311924156,475
43070000,86139.9999416746,301.5300857699053,475
43075000,86149.99994164026,298.87835351381125,475
43080000,86159.99994160591,301.1935063167517,475
43085000,86169.99994157157,301.4724672942489,475
43090000,86179.99994153723,298.4410633328698,475
43095000,86189.99994150289,301.44502887203487,475
43100000,86199.99994146854,297.92481859453426,475
43105000,86209.9999414342,301.0022554286365,475
43110000,86219.99994139986,302.845958209926,475
43115000,86229.99994136552,299.68408355597256,475
43120000,86239.99994133117,301.4405847762532,475
43125000,86249.99994129683,298.0796102092966,475
43130000,86259.99994126249,300.6247726063485,475
43135000,86269.99994122815,301.1083609791643,475
43140000,86279.9999411938,299.57934882105906,475
43145000,86289.99994115946,301.10729970255966,475
43150000,86299.99994112512,300.80691420360785,475
43155000,86309.99994109078,300.82082134911354,475
43160000,86319.99994105643,303.4194897749791,475
43165000,86329.99994102209,302.3441070355399,475
43170000,86339.99994098775,299.1704256793606,475
43175000,86349.9999409534,301.7204964807086,475
43180000,86359.99994091906,300.8898706581984,475
43185000,86369.99994088472,303.406643906078,475
43190000,86379.99994085038,299.7594563048263,475
43195000,86389.99994081604,297.79076609341945,475
43200000,86399.9999407817,300.58700884716916,475
43205000,86409.99994074735,298.0291332407918,475
43210000,86419.99994071301,298.26363115054323,475
43215000,86429.99994067867,298.4835586169111,475
43220000,86439.99994064432,301.0693590639463,475
43225000,86449.99994060998,304.5359748729162,475
43230000,86459.99994057564,298.02774031524825,475
43235000,86469.9999405413,303.0869343289512,475
43240000,86479.99994050695,299.3087453968229,475
43245000,86489.99994047261,300.77790597641626,475
43250000,86499.99994043827,302.25442916245373,475
43255000,86509.99994040393,302.6292145733718,475
43260000,86519.99994036958,302.43734460723726,475
43265000,86529.99994033524,300.42909973238085,475
43270000,86539.9999403009,297.4754563922158,475
43275000,86549.99994026656,300.0598418037782,475
43280000,86559.99994023221,300.75982005428006,475
43285000,86569.99994019787,299.8673306496951,475
43290000,86579.99994016353,299.28305365902065,475
43295000,86589.99994012919,300.541993031192,475
43300000,86599.99994009484,298.95321773429197,475
43305000,86609.9999400605,299.3665186419842,475
43310000,86619.99994002616,299.4863544585836,475
43315000,86629.99993999182,304.2213947993782,475
43320000,86639.99993995747,296.83274285850223,475
43325000,86649.99993992313,299.2225608925602,475
43330000,86659.99993988879,300.309396575357,475
43335000,86669.99993985445,300.0731740911231,475
43340000,86679.9999398201,299.5217966751904,475
43345000,86689.99993978576,301.92346563133265,475
43350000,86699.99993975142,303.50268943879155,475
43355000,86709.99993971708,302.1538510942414,475
43360000,86719.99993968273,302.14739499489696,475
43365000,86729.99993964839,300.0461557575651,475
43370000,86739.99993961405,298.97132576635744,475
43375000,86749.9999395797,298.1391080289403,475
43380000,86759.99993954536,298.9763005004413,475
43385000,86769.99993951102,300.82528755482446,475
43390000,86779.99993947668,298.42600647104246,475
43395000,86789.99993944234,300.2164906525986,475
43400000,86799.999939408,300.1888532410213,475
43405000,86809.99993937365,299.13058358683077,475
43410000,86819.99993933931,300.1205556695313,475
43415000,86829.99993930497,301.2954109807198,475
43420000,86839.99993927062,299.66851816577224,475
43425000,86849.99993923628,299.10011610430786,475
43430000,86859.99993920194,301.5119114080521,475
43435000,86869.9999391676,297.6033181131372,475
43440000,86879.99993913325,299.7588151168777,475
43445000,86889.99993909891,299.80097875198015,475
43450000,86899.99993906457,300.6236671098854,475
43455000,86909.99993903023,299.62217575403935,475
43460000,86919.99993899588,300.95014232536624,475
43465000,86929.99993896154,301.3007836935304,475
43470000,86939.9999389272,301.24228082070346,475
43475000,86949.99993889286,300.5273783679499,475
43480000,86959.99993885851,301.4055184284439,475
43485000,86969.99993882417,300.44444402328855,475
43490000,86979.99993878983,302.2189427259884,475
43495000,86989.99993875549,300.9913331235811,475
43500000,86999.99993872114,300.8618573778236,475
43505000,87009.9999386868,300.6504422342215,475
43510000,87019.99993865246,298.8082208181925,475
43515000,87029.99993861812,300.8404328563688,475
43520000,87039.99993858377,301.0617090284217,475
43525000,87049.99993854943,298.0186973541801,475
43530000,87059.99993851509,298.45788898903805,475
43535000,87069.99993848075,302.0933362178517,475
43540000,87079.9999384464,300.9433324671536,475
43545000,87089.99993841206,302.2148302791457,475
43550000,87099.99993837772,300.20010719501556,475
43555000,87109.99993834338,299.9457766787162,475
43560000,87119.99993830903,299.7112566590354,475
43565000,87129.99993827469,299.8064841243663,475
43570000,87139.99993824035,300.66625083364374,475
43575000,87149.999938206,301.4379536946711,475
43580000,87159.99993817166,297.002082806719,475
43585000,87169.99993813732,297.5073610201407,475
43590000,87179.99993810298,299.45020472424045,475
43595000,87189.99993806863,300.85159837064606,475
43600000,87199.99993803429,299.16602580343755,475
43605000,87209.99993799995,302.418330068072,475
43610000,87219.99993796561,300.8790810127186,475
43615000,87229.99993793126,299.87661681998503,475
43620000,87239.99993789692,301.5556006282735,475
43625000,87249.99993786258,301.4387496521245,475
43630000,87259.99993782824,297.3960154163779,475
43635000,87269.9999377939,298.6361613486766,475
43640000,87279.99993775955,301.4054963185147,475
43645000,87289.99993772521,299.9497122461248,475
43650000,87299.99993769087,298.3972414530728,475
43655000,87309.99993765652,301.11786824874684,475
43660000,87319.99993762218,300.29871747952353,475
43665000,87329.99993758784,301.53012998976385,475
43670000,87339.9999375535,302.28177914495063,475
43675000,87349.99993751915,298.4663349820161,475
43680000,87359.99993748481,299.9067305436397,475
43685000,87369.99993745047,300.3497250863307,475
43690000,87379.99993741613,301.65836757948273,475
43695000,87389.99993738178,299.2685495454249,475
43700000,87399.99993734744,300.26601689414525,475
43705000,87409.9999373131,302.05804877074974,475
43710000,87419.99993727876,297.8547080088448,475
43715000,87429.99993724441,299.4296203800976,475
43720000,87439.99993721007,302.59635921848866,475
43725000,87449.99993717573,299.71154408811583,475
43730000,87459.99993714139,298.21200446571675,475
43735000,87469.99993710704,300.6698326421842,475
43740000,87479.9999370727,299.1577345799643,475
43745000,87489.99993703836,303.58878550333736,475
43750000,87499.99993700402,299.29941500667445,475
43755000,87509.99993696967,301.1027892769902,475
43760000,87519.99993693533,299.360084652569,475
43765000,87529.99993690099,300.41578955496516,475
43770000,87539.99993686665,299.3802046881973,475
43775000,87549.9999368323,300.0262126013709,475
43780000,87559.99993679796,298.28744354435827,475
43785000,87569.99993676362,300.53292796019457,475
43790000,87579.99993672928,298.97833461393344,475
43795000,87589.99993669493,299.4135464615242,475
43800000,87599.99993666059,301.0509193829419,475
43805000,87609.99993662625,300.5863897691499,475
43810000,87619.9999365919,300.1072454921157,475
43815000,87629.99993655756,305.2763037443209,475
43820000,87639.99993652322,299.93666738786027,475
43825000,87649.99993648888,297.86863726427976,475
43830000,87659.99993645454,301.58995945834647,475
43835000,87669.9999364202,299.6380285733201,475
43840000,87679.99993638585,300.5633954427175,475
43845000,87689.99993635151,298.2086437564689,475
43850000,87699.99993631717,300.16061886135384,475
43855000,87709.99993628282,300.7536292740867,475
43860000,87719.99993624848,299.9400280971081,475
43865000,87729.99993621414,300.46319324330267,475
43870000,87739.9999361798,300.76455157914205,475
43875000,87749.99993614545,297.994287992275,475
43880000,87759.99993611111,298.9023427870604,475
43885000,87769.99993607677,303.3426577707941,475
43890000,87779.99993604243,298.24738035253574,475
43895000,87789.99993600808,301.5497414970191,475
43900000,87799.99993597374,301.3176977894157,475
43905000,87809.9999359394,299.34995830496706,475
43910000,87819.99993590506,300.2257326030301,475
43915000,87829.99993587071,300.4350915232108,475
43920000,87839.99993583637,300.1264811305735,475
43925000,87849.99993580203,300.8341315265292,475
43930000,87859.99993576769,296.3053326058894,475
43935000,87869.99993573334,298.4260728008303,475
43940000,87879.999935699,300.6329090603168,475
43945000,87889.99993566466,299.02989496897214,475
43950000,87899.99993563032,299.96313297318676,475
43955000,87909.99993559597,301.1261373622908,475
43960000,87919.99993556163,302.3734469116704,475
43965000,87929.99993552729,302.2615264497468,475
43970000,87939.99993549295,300.8977417930156,475
43975000,87949.9999354586,299.1698508211999,475
43980000,87959.99993542426,300.5725710633612,475
43985000,87969.99993538992,299.46767156835733,475
43990000,87979.99993535558,301.53862020260044,475
43995000,87989.99993532123,299.83553657141647,475
44000000,87999.99993528689,301.97524708566397,475
44005000,88009.99993525255,300.554993669598,475
44010000,88019.9999352182,299.2409784636353,475
44015000,88029.99993518386,300.8116015086114,475
44020000,88039.99993514952,300.2531046954563,475
44025000,88049.99993511518,301.18103631664803,475
44030000,88059.99993508084,298.4638144500803,475
44035000,88069.9999350465,300.53186668359007,475
44040000,88079.99993501215,301.51469725913904,475
44045000,88089.99993497781,303.3332610508578,475
44050000,88099.99993494347,297.4725821014118,475
44055000,88109.99993490912,298.28509989185653,475
44060000,88119.99993487478,299.7086919072411,475
44065000,88129.99993484044,298.793230286153,475
44070000,88139.9999348061,298.66870716455014,475
44075000,88149.99993477175,300.53241943182155,475
44080000,88159.99993473741,301.0496148971155,475
44085000,88169.99993470307,299.10929172495156,475
44090000,88179.99993466873,299.66639561256306,475
44095000,88189.99993463438,299.19118690293755,475
44100000,88199.99993460004,297.9321812009784,475
44105000,88209.9999345657,299.7457260387547,475
44110000,88219.99993453136,300.6113739892158,475
44115000,88229.99993449701,301.24418227461996,475
44120000,88239.99993446267,300.1052998183406,475
44125000,88249.99993442833,297.29678605385055,475
44130000,88259.99993439399,300.76490533801024,475
44135000,88269.99993435964,302.0726192141333,475
44140000,88279.9999343253,299.9300786289403,475
44145000,88289.99993429096,301.62033850115233,475
44150000,88299.99993425662,300.545707499308,475
44155000,88309.99993422227,300.022254924033,475
44160000,88319.99993418793,299.70336341428896,475
44165000,88329.99993415359,300.758802997534,475
44170000,88339.99993411925,300.80235955817983,475
44175000,88349.9999340849,301.8447542831604,475
44180000,88359.99993405056,300.3550093594243,475
44185000,88369.99993401622,298.62055173861773,475
44190000,88379.99993398188,299.7069010029709,475
44195000,88389.99993394753,299.56234628545667,475
44200000,88399.99993391319,299.89620621731103,475
44205000,88409.99993387885,299.7260482017116,475
44210000,88419.9999338445,299.88508492289236,475
44215000,88429.99993381016,299.621645115737,475
44220000,88439.99993377582,300.60297221609625,475
44225000,88449.99993374148,301.31867062630323,475
44230000,88459.99993370713,299.74121561318526,475
44235000,88469.99993367279,303.21669750378913,475
44240000,88479.99993363845,301.12410324879875,475
44245000,88489.99993360411,301.68821598398625,475
44250000,88499.99993356976,300.66039170238935,475
44255000,88509.99993353542,299.8293457912231,475
44260000,88519.99993350108,299.2261869209591,475
44265000,88529.99993346674,300.05369524344337,475
44270000,88539.9999334324,299.6005522432212,475
44275000,88549.99993339805,300.8165320228368,475
44280000,88559.99993336371,300.82822817541626,475
44285000,88569.99993332937,302.3862264507838,475
44290000,88579.99993329502,299.37113961719996,475
44295000,88589.99993326068,299.8163672627464,475
44300000,88599.99993322634,299.9341689658537,475
44305000,88609.999933192,301.0389800211405,475
44310000,88619.99993315765,300.0425297291662,475
44315000,88629.99993312331,296.8602476105041,475
44320000,88639.99993308897,301.0099939038782,475
44325000,88649.99993305463,300.8989799490543,475
44330000,88659.99993302028,298.7418468105484,475
44335000,88669.99993298594,299.60209993826953,475
44340000,88679.9999329516,300.55853125827986,475
44345000,88689.99993291726,300.21377113129944,475
44350000,88699.99993288291,302.0480771926526,475
44355000,88709.99993284857,299.55076068252345,475
44360000,88719.99993281423,301.4684432871232,475
44365000,88729.99993277989,298.0576108296811,475
44370000,88739.99993274554,299.61231472558853,475
44375000,88749.9999327112,301.50768841156304,475
44380000,88759.99993267686,300.5575142015338,475
44385000,88769.99993264252,298.7654602150001,475
44390000,88779.99993260817,298.9320806419176,475
44395000,88789.99993257383,297.2158637127521,475
44400000,88799.99993253949,300.10353102399966,475
44405000,88809.99993250515,300.25903015649845,475
44410000,88819.9999324708,297.91080089938214,475
44415000,88829.99993243646,298.2805894662871,475
44420000,88839.99993240212,299.8176496386436,475
44425000,88849.99993236778,298.8678291874826,475
44430000,88859.99993233343,297.884445863702,475
44435000,88869.99993229909,300.50042636417965,475
44440000,88879.99993226475,301.3653225770458,475
44445000,88889.9999322304,300.09904270835955,475
44450000,88899.99993219606,299.52577646245754,475
44455000,88909.99993216172,299.1982841902306,475
44460000,88919.99993212738,297.7561640541246,475
44465000,88929.99993209304,301.02914110261895,475
44470000,88939.9999320587,301.88901836154264,475
44475000,88949.99993202435,300.96506652761803,475
44480000,88959.99993199001,299.80869511729253,475
44485000,88969.99993195567,300.32292785206533,475
44490000,88979.99993192132,300.51260893520293,475
44495000,88989.99993188698,299.10325571426307,475
44500000,88999.99993185264,301.8498174569613,475
44505000,89009.9999318183,302.7830996810345,475
44510000,89019.99993178395,300.53602335029126,475
44515000,89029.99993174961,299.4317208233775,475
44520000,89039.99993171527,302.4023224792864,475
44525000,89049.99993168093,299.2101793321735,475
44530000,89059.99993164658,299.67426674738033,475
44535000,89069.99993161224,301.08289034065456,475
44540000,89079.9999315779,302.078588895034,475
44545000,89089.99993154356,300.7834776785902,475
44550000,89099.99993150921,299.37317373069203,475
44555000,89109.99993147487,300.28825948298265,475
44560000,89119.99993144053,299.5618819769422,475
44565000,89129.99993140619,301.25738190238934,475
44570000,89139.99993137184,302.44322584842087,475
44575000,89149.9999313375,300.5990366486877,475
44580000,89159.99993130316,301.6444825439063,475
44585000,89169.99993126882,299.9517463596169,475
44590000,89179.99993123447,302.05316247638285,475
44595000,89189.99993120013,301.5945804335622,475
44600000,89199.99993116579,298.0057188257034,475
44605000,89209.99993113145,299.7305365173518,475
44610000,89219.9999310971,300.32104850807804,475
44615000,89229.99993106276,304.9039725355509,475
44620000,89239.99993102842,298.23035570700415,475
44625000,89249.99993099408,302.20364265493913,475
44630000,89259.99993095973,301.1867627883269,475
44635000,89269.99993092539,299.9377286644649,475
44640000,89279.99993089105,297.1963627551431,475
44645000,89289.9999308567,299.44153763196977,475
44650000,89299.99993082236,301.002299648495,475
44655000,89309.99993078802,303.6476642449617,475
44660000,89319.99993075368,300.55702778309006,475
44665000,89329.99993071934,299.5496772959896,475
44670000,89339.999930685,298.44185929032324,475
44675000,89349.99993065065,299.329263411178,475
44680000,89359.99993061631,299.51180298716406,475
44685000,89369.99993058197,300.0410704738349,475
44690000,89379.99993054762,302.8927649301734,475
44695000,89389.99993051328,300.8749022360881,475
44700000,89399.99993047894,299.95612412561076,475
44705000,89409.9999304446,299.8945037527579,475
44710000,89419.99993041025,300.8059413667203,475
44715000,89429.99993037591,299.7981044611761,475
44720000,89439.99993034157,299.74395724441376,475
44725000,89449.99993030723,300.98158264477667,475
44730000,89459.99993027288,302.1068232747014,475
44735000,89469.99993023854,298.3959811871048,475
44740000,89479.9999302042,298.8878607833939,475
44745000,89489.99993016986,302.09525978169745,475
44750000,89499.99993013551,298.7896263676833,475
44755000,89509.99993010117,301.4236927902972,475
44760000,89519.99993006683,296.90097410020445,475
44765000,89529.99993003249,303.7179738200145,475
44770000,89539.99992999814,297.19808732962554,475
44775000,89549.9999299638,297.9224086122447,475
44780000,89559.99992992946,300.21717606040573,475
44785000,89569.99992989512,301.17033511088533,475
44790000,89579.99992986077,301.97818770625577,475
44795000,89589.99992982643,299.7288340527987,475
44800000,89599.99992979209,301.35338321524443,475
44805000,89609.99992975775,297.3601973309736,475
44810000,89619.9999297234,298.35089904133986,475
44815000,89629.99992968906,298.55426617069065,475
44820000,89639.99992965472,302.0983993916526,475
44825000,89649.99992962038,301.2857268317031,475
44830000,89659.99992958603,298.44517577971254,475
44835000,89669.99992955169,300.2808305467507,475
44840000,89679.99992951735,301.8352912334363,475
44845000,89689.999929483,300.225555723596,475
44850000,89699.99992944866,300.3943871434397,475
44855000,89709.99992941432,301.08965597900874,475
44860000,89719.99992937998,301.5006353441285,475
44865000,89729.99992934563,301.07961807112383,475
44870000,89739.99992931129,300.64288063841394,475
44875000,89749.99992927695,302.16658641349625,475
44880000,89759.99992924261,302.0816842851307,475
44885000,89769.99992920826,301.5415829331215,475
44890000,89779.99992917392,297.75079134131397,475
44895000,89789.99992913958,300.80642778516403,475
44900000,89799.99992910524,300.59636134724695,475
44905000,89809.9999290709,299.28185972284047,475
44910000,89819.99992903655,300.4883322328734,475
44915000,89829.99992900221,296.5521899660983,475
44920000,89839.99992896787,301.2648771684091,475
44925000,89849.99992893352,299.6981012511246,475
44930000,89859.99992889918,303.76803069986335,475
44935000,89869.99992886484,302.3340027978672,475
44940000,89879.9999288305,299.3968976847901,475
44945000,89889.99992879615,299.42517628431597,475
44950000,89899.99992876181,301.382811531092,475
44955000,89909.99992872747,300.4556316474951,475
44960000,89919.99992869313,298.9892569189888,475
44965000,89929.99992865878,299.71572286474634,475
44970000,89939.99992862444,301.36028151317413,475
44975000,89949.9999285901,301.00497494993573,475
44980000,89959.99992855576,302.5995430483024,475
44985000,89969.99992852141,301.1815227350918,475
44990000,89979.99992848707,301.31699027167934,475
44995000,89989.99992845273,299.4627631640612,475
45000000,89999.99992841839,300.66293434425444,475
45005000,90009.99992838404,300.1635594819457,475
45010000,90019.9999283497,302.16450808014565,475
45015000,90029.99992831536,302.5266245015967,475
45020000,90039.99992828102,301.5371609472691,475
45025000,90049.99992824667,302.6804211695423,475
45030000,90059.99992821233,299.0792443310847,475
45035000,90069.99992817799,302.73865872321807,475
45040000,90079.99992814365,297.8818590019784,475
45045000,90089.9999281093,302.62682670101157,475
45050000,90099.99992807496,301.887360116848,475
45055000,90109.99992804062,300.41452928899724,475
45060000,90119.99992800628,301.4649499182998,475
45065000,90129.99992797193,303.4587348994189,475
45070000,90139.99992793759,299.68156302403673,475
45075000,90149.99992790325,300.34079267490887,475
45080000,90159.9999278689,298.50898503556226,475
45085000,90169.99992783456,301.94630518826017,475
45090000,90179.99992780022,300.70854712832175,475
45095000,90189.99992776588,300.1818665033745,475
45100000,90199.99992773154,298.84156259151945,475
45105000,90209.9999276972,298.6029080150667,475
45110000,90219.99992766285,302.14102733526954,475
45115000,90229.99992762851,300.9148548782643,475
45120000,90239.99992759417,299.53307273911395,475
45125000,90249.99992755982,299.4034422238516,475
45130000,90259.99992752548,301.8574896024152,475
45135000,90269.99992749114,299.2721313539653,475
45140000,90279.9999274568,301.60983628475293,475
45145000,90289.99992742245,299.1643233388844,475
45150000,90299.99992738811,301.9474549045818,475
45155000,90309.99992735377,300.66954521310373,475
45160000,90319.99992731943,302.7343693969413,475
45165000,90329.99992728508,303.75288539831894,475
45170000,90339.99992725074,301.6102563734089,475
45175000,90349.9999272164,301.7675464101779,475
45180000,90359.99992718206,299.98639261877025,475
45185000,90369.99992714771,302.2710779391879,475
45190000,90379.99992711337,299.6472484138223,475
45195000,90389.99992707903,301.6572841929489,475
45200000,90399.99992704469,300.9908024852789,475
45205000,90409.99992701034,301.2795802713683,475
45210000,90419.999926976,298.97875470258947,475
45215000,90429.99992694166,300.5781427655352,475
45220000,90439.99992690732,299.89819611094464,475
45225000,90449.99992687297,300.0320054028375,475
45230000,90459.99992683863,299.9511493915268,475
45235000,90469.99992680429,299.3272735175444,475
45240000,90479.99992676995,300.4730542717535,475
45245000,90489.9999267356,302.7999032272735,475
45250000,90499.99992670126,300.25845529833765,475
45255000,90509.99992666692,300.4115444485469,475
45260000,90519.99992663258,299.58366025726514,475
45265000,90529.99992659823,299.82357509968574,475
45270000,90539.99992656389,300.70960840492626,475
45275000,90549.99992652955,300.5193745735571,475
45280000,90559.9999264952,301.7344036262143,475
45285000,90569.99992646086,301.34215137117934,475
45290000,90579.99992642652,300.96650367302004,475
45295000,90589.99992639218,301.4972746348807,475
45300000,90599.99992635784,299.5843677750015,475
45305000,90609.9999263235,298.88262073015875,475
45310000,90619.99992628915,299.59038167576074,475
45315000,90629.99992625481,299.0133567418843,475
45320000,90639.99992622047,300.9219742754866,475
45325000,90649.99992618612,303.0380492753532,475
45330000,90659.99992615178,300.2712790573095,475
45335000,90669.99992611744,300.6799589897861,475
45340000,90679.9999260831,299.81431103932505,475
45345000,90689.99992604875,300.95102672253677,475
45350000,90699.99992601441,298.47004945013214,475
45355000,90709.99992598007,299.6431801868381,475
45360000,90719.99992594573,298.9363699681944,475
45365000,90729.99992591138,300.99285870870017,475
45370000,90739.99992587704,297.58140717323874,475
45375000,90749.9999258427,300.6735913301587,475
45380000,90759.99992580836,299.8188214648945,475
45385000,90769.99992577401,302.7976480144888,475
45390000,90779.99992573967,300.76536964652473,475
45395000,90789.99992570533,300.80892620717066,475
45400000,90799.99992567099,302.7215456379694,475
45405000,90809.99992563664,297.37991938787525,475
45410000,90819.9999256023,300.19438072333674,475
45415000,90829.99992556796,300.33809526353895,475
45420000,90839.99992553362,300.5915192727386,475
45425000,90849.99992549927,301.08558775202454,475
45430000,90859.99992546493,298.6201095400325,475
45435000,90869.99992543059,301.58951725976124,475
45440000,90879.99992539625,298.7790357115669,475
45445000,90889.9999253619,298.7534545234109,475
45450000,90899.99992532756,300.9693779638241,475
45455000,90909.99992529322,299.13445282445156,475
45460000,90919.99992525888,301.3026409275884,475
45465000,90929.99992522453,300.4739828887825,475
45470000,90939.99992519019,302.07774871772205,475
45475000,90949.99992515585,300.3087332774792,475
45480000,90959.9999251215,300.87408416870545,475
45485000,90969.99992508716,299.34553631911473,475
45490000,90979.99992505282,299.03482548319755,475
45495000,90989.99992501848,299.6422515698091,475
45500000,90999.99992498413,299.539573058317,475
45505000,91009.99992494979,300.01389737077204,475
45510000,91019.99992491545,298.4456179782978,475
45515000,91029.99992488111,301.22430544821356,475
45520000,91039.99992484676,299.91329719263047,475
45525000,91049.99992481242,301.12007924167307,475
45530000,91059.99992477808,300.14483237186084,475
45535000,91069.99992474374,299.0024344368289,475
45540000,91079.9999247094,299.6368125272107,475
45545000,91089.99992467505,303.7281664974042,475
45550000,91099.99992464071,303.35621115743163,475
45555000,91109.99992460637,304.70971469705603,475
45560000,91119.99992457202,300.0124160055115,475
45565000,91129.99992453768,300.52207198492704,475
45570000,91139.99992450334,301.0535725744533,475
45575000,91149.999924469,301.2757994734644,475
45580000,91159.99992443465,301.4705658403323,475
45585000,91169.99992440031,299.29395385414676,475
45590000,91179.99992436597,297.89384258363833,475
45595000,91189.99992433163,297.3140317986748,475
45600000,91199.99992429728,297.84829612935886,475
45605000,91209.99992426294,301.6122020471839,475
45610000,91219.9999242286,299.89618410738177,475
45615000,91229.99992419426,301.3817281445581,475
45620000,91239.99992415991,299.6039350623983,475
45625000,91249.99992412557,301.1616237987561,475
45630000,91259.99992409123,300.50674980394854,475
45635000,91269.99992405689,300.43610857995685,475
45640000,91279.99992402254,300.32482930598184,475
45645000,91289.9999239882,300.47791845619105,475
45650000,91299.99992395386,301.44677555644654,475
45655000,91309.99992391952,303.26193441905895,475
45660000,91319.99992388517,299.4096993338327,475
45665000,91329.99992385083,299.5619704166592,475
45670000,91339.99992381649,299.7031644249256,475
45675000,91349.99992378215,300.57338913074386,475
45680000,91359.9999237478,301.48285896100197,475
45685000,91369.99992371346,300.50774475076537,475
45690000,91379.99992367912,301.24349686681285,475
45695000,91389.99992364478,296.5878532819977,475
45700000,91399.99992361043,301.8762388224293,475
45705000,91409.99992357609,301.06193012771433,475
45710000,91419.99992354175,297.35436030964854,475
45715000,91429.9999235074,300.9641600205183,475
45720000,91439.99992347306,303.40885489900415,475
45725000,91449.99992343872,299.0546580897455,475
45730000,91459.99992340438,299.67948469068614,475
45735000,91469.99992337004,300.30192341926653,475
45740000,91479.9999233357,299.34765887232385,475
45745000,91489.99992330135,302.7065993257884,475
45750000,91499.99992326701,296.9532419729795,475
45755000,91509.99992323267,299.6455238393399,475
45760000,91519.99992319832,302.4023224792864,475
45765000,91529.99992316398,298.22869746230947,475
45770000,91539.99992312964,301.5265924010819,475
45775000,91549.9999230953,298.5184923051449,475
45780000,91559.99992306095,298.0430403862975,475
45785000,91569.99992302661,302.0787657744681,475
45790000,91579.99992299227,300.5537112937008,475
45795000,91589.99992295793,301.6691793348918,475
45800000,91599.99992292358,300.58318382940683,475
45805000,91609.99992288924,299.2927156981081,475
45810000,91619.9999228549,301.68012374987643,475
45815000,91629.99992282056,300.70684466376855,475
45820000,91639.99992278621,299.0051318481988,475
45825000,91649.99992275187,298.4335017370622,475
45830000,91659.99992271753,301.5818230043781,475
45835000,91669.99992268319,298.70536542726626,475
45840000,91679.99992264884,298.44256680805967,475
45845000,91689.9999226145,299.7278612159111,475
45850000,91699.99992258016,300.415524235814,475
45855000,91709.99992254582,301.8060619069521,475
45860000,91719.99992251147,299.07066567853104,475
45865000,91729.99992247713,302.5031879765791,475
45870000,91739.99992244279,301.2624671861195,475
45875000,91749.99992240845,301.8909198154592,475
45880000,91759.9999223741,299.93200219278606,475
45885000,91769.99992233976,299.90502807908655,475
45890000,91779.99992230542,301.56997208229376,475
45895000,91789.99992227108,299.3984453798384,475
45900000,91799.99992223673,302.59074329645614,475
45905000,91809.99992220239,300.50374285356895,475
45910000,91819.99992216805,297.72277806093916,475
45915000,91829.9999221337,298.75754486032434,475
45920000,91839.99992209936,300.09095047424967,475
45925000,91849.99992206502,299.20319259452674,475
45930000,91859.99992203068,300.5834270386287,475
45935000,91869.99992199634,296.1703293778164,475
45940000,91879.999921962,300.8488125195591,475
45945000,91889.99992192765,300.89172789225637,475
45950000,91899.99992189331,301.53742626642025,475
45955000,91909.99992185897,300.3244755471136,475
45960000,91919.99992182462,301.66937832425515,475
45965000,91929.99992179028,300.91304186406484,475
45970000,91939.99992175594,300.2741975679721,475
45975000,91949.9999217216,299.6404164456804,475
45980000,91959.99992168725,296.6882544707759,475
45985000,91969.99992165291,299.50085857217937,475
45990000,91979.99992161857,298.82467060556337,475
45995000,91989.99992158423,300.2370528868122,475
46000000,91999.99992154988,299.8167431315439,475
46005000,92009.99992151554,298.05984393253647,475
46010000,92019.9999214812,300.8913741333882,475
46015000,92029.99992144686,303.6390192626203,475
46020000,92039.99992141251,300.34647492672923,475
46025000,92049.99992137817,302.56438826077596,475
46030000,92059.99992134383,299.884045756217,475
46035000,92069.99992130949,300.42755203733253,475
46040000,92079.99992127514,294.1565791305738,475
46045000,92089.9999212408,302.8145842203034,475
46050000,92099.99992120646,298.8250243644316,475
46055000,92109.99992117212,299.0402424158667,475
46060000,92119.99992113777,299.4919703806161,475
46065000,92129.99992110343,301.48285896100197,475
46070000,92139.99992106909,299.05032454361015,475
46075000,92149.99992103475,301.39817793192896,475
46080000,92159.9999210004,298.74865666876104,475
46085000,92169.99992096606,299.3508427021376,475
46090000,92179.99992093172,303.0773386196516,475
46095000,92189.99992089737,302.5945019844307,475
46100000,92199.99992086303,300.20567889718956,475
46105000,92209.99992082869,298.7195600018524,475
46110000,92219.99992079435,300.1603977620612,475
46115000,92229.99992076,300.2540775323438,475
46120000,92239.99992072566,298.0874813441138,475
46125000,92249.99992069132,298.4771467374252,475
46130000,92259.99992065698,302.4757053345066,475
46135000,92269.99992062263,298.9215120957304,475
46140000,92279.99992058829,299.6567777933342,475
46145000,92289.99992055395,300.62525902479223,475
46150000,92299.9999205196,298.90851145732444,475
46155000,92309.99992048526,300.2536795536171,475
46160000,92319.99992045092,302.2964822479098,475
46165000,92329.99992041658,300.0820843926157,475
46170000,92339.99992038224,301.44261888974535,475
46175000,92349.9999203479,300.1768254395028,475
46180000,92359.99992031355,299.4765155400621,475
46185000,92369.99992027921,300.6967846459544,475
46190000,92379.99992024487,298.33029258726776,475
46195000,92389.99992021052,298.3712401762608,475
46200000,92399.99992017618,302.70766060239293,475
46205000,92409.99992014184,300.08993341750363,475
46210000,92419.9999201075,301.39886333973607,475
46215000,92429.99992007315,300.89433686390925,475
46220000,92439.99992003881,300.8322742924712,475
46225000,92449.99992000447,301.29768830343374,475
46230000,92459.99991997013,299.6396647080855,475
46235000,92469.99991993578,300.7259476426508,475
46240000,92479.99991990144,299.5468030051856,475
46245000,92489.9999198671,298.8179270771385,475
46250000,92499.99991983276,298.2148787565208,475
46255000,92509.99991979841,302.07361416095006,475
46260000,92519.99991976407,300.4447977821568,475
46265000,92529.99991972973,301.5782854156962,475
46270000,92539.99991969539,298.7582081582022,475
46275000,92549.99991966104,297.5075378995748,475
46280000,92559.9999196267,300.07584939256384,475
46285000,92569.99991959236,301.1318859438989,475
46290000,92579.99991955802,300.1265253504321,475
46295000,92589.99991952367,302.7324679430248,475
46300000,92599.99991948933,302.95219642002934,475
46305000,92609.99991945499,299.18103844540633,475
46310000,92619.99991942065,301.8306702582206,475
46315000,92629.9999193863,302.32756880845204,475
46320000,92639.99991935196,300.3644502992191,475
46325000,92649.99991931762,298.2517581185296,475
46330000,92659.99991928328,299.2308742259626,475
46335000,92669.99991924893,300.886377289375,475
46340000,92679.99991921459,302.7649695390397,475
46345000,92689.99991918025,300.35341744451745,475
46350000,92699.9999191459,303.59992890768535,475
46355000,92709.99991911156,300.15376478328267,475
46360000,92719.99991907722,302.5813023566613,475
46365000,92729.99991904288,303.7341582882342,475
46370000,92739.99991900854,298.3156779240257,475
46375000,92749.9999189742,302.2856483825715,475
46380000,92759.99991893985,302.3233015921045,475
46385000,92769.99991890551,300.1550029393213,475
46390000,92779.99991887117,301.3555942081706,475
46395000,92789.99991883682,302.14483024310255,475
46400000,92799.99991880248,301.0404171665425,475
46405000,92809.99991876814,300.8928112787902,475
46410000,92819.9999187338,298.36580113366233,475
46415000,92829.99991869945,300.3199209016857,475
46420000,92839.99991866511,300.6433007270699,475
46425000,92849.99991863077,298.49109810278946,475
46430000,92859.99991859643,298.197168703182,475
46435000,92869.99991856208,298.7063824840123,475
46440000,92879.99991852774,299.6955586092595,475
46445000,92889.9999184934,300.78885039140084,475
46450000,92899.99991845906,300.4634585624538,475
46455000,92909.99991842471,299.4750341748015,475
46460000,92919.99991839037,300.7725111536763,475
46465000,92929.99991835603,302.0416874230959,475
46470000,92939.99991832169,301.17537617475705,475
46475000,92949.99991828734,299.80184103922136,475
46480000,92959.999918253,299.2345444742201,475
46485000,92969.99991821866,300.80235955817983,475
46490000,92979.99991818432,300.57657296055754,475
46495000,92989.99991814997,302.29232558120856,475
46500000,92999.99991811563,302.6272246797382,475
46505000,93009.99991808129,300.8745042573614,475
46510000,93019.99991804695,302.1800292504875,475
46515000,93029.9999180126,301.57722413909164,475
46520000,93039.99991797826,299.41788000765956,475
46525000,93049.99991794392,298.61122134846926,475
46530000,93059.99991790958,301.2692770443322,475
46535000,93069.99991787523,299.38122174494333,475
46540000,93079.99991784089,301.0659983546985,475
46545000,93089.99991780655,299.9209693380844,475
46550000,93099.9999177722,300.00277607635326,475
46555000,93109.99991773786,299.9573180617909,475
46560000,93119.99991770352,300.47606122213307,475
46565000,93129.99991766918,301.81154516940904,475
46570000,93139.99991763484,301.17721129888577,475
46575000,93149.9999176005,300.57529058466037,475
46580000,93159.99991756615,300.75570760743733,475
46585000,93169.99991753181,301.13325675951313,475
46590000,93179.99991749747,299.5143677389584,475
46595000,93189.99991746312,300.98111833626217,475
46600000,93199.99991742878,300.13711600654847,475
46605000,93209.99991739444,302.17662432138115,475
46610000,93219.9999173601,299.29384330450046,475
46615000,93229.99991732575,300.31001565337635,475
46620000,93239.99991729141,299.6116293177814,475
46625000,93249.99991725707,299.41615543317715,475
46630000,93259.99991722273,302.3729604932266,475
46635000,93269.99991718838,302.5636807430396,475
46640000,93279.99991715404,300.7439672349992,475
46645000,93289.9999171197,300.4834459385065,475
46650000,93299.99991708536,302.2018738605982,475
46655000,93309.99991705101,301.3182726475765,475
46660000,93319.99991701667,299.64278220811144,475
46665000,93329.99991698233,300.080426147921,475
46670000,93339.99991694799,298.0509115211147,475
46675000,93349.99991691364,299.1321755017376,475
46680000,93359.9999168793,298.42841645333203,475
46685000,93369.99991684496,300.78223952255155,475
46690000,93379.99991681062,301.1216269367214,475
46695000,93389.99991677627,302.4433585079965,475
46700000,93399.99991674193,297.8478539307736,475
46705000,93409.99991670759,300.37714139861544,475
46710000,93419.99991667325,298.11246556417973,475
46715000,93429.9999166389,299.9773054378436,475
46720000,93439.99991660456,301.9806419084039,475
46725000,93449.99991657022,302.1390816614945,475
46730000,93459.99991653587,302.1123507570169,475
46735000,93469.99991650153,301.58894240160043,475
46740000,93479.99991646719,302.3838385784235,475
46745000,93489.99991643285,300.22546728387897,475
46750000,93499.9999163985,300.05791823993246,475
46755000,93509.99991636416,301.5430200785235,475
46760000,93519.99991632982,299.10776613983245,475
46765000,93529.99991629548,299.1314679840012,475
46770000,93539.99991626113,301.57594176319446,475
46775000,93549.99991622679,301.4751425956896,475
46780000,93559.99991619245,301.30445394178787,475
46785000,93569.9999161581,299.41953825235424,475
46790000,93579.99991612376,301.5356574720793,475
46795000,93589.99991608942,303.0483082825307,475
46800000,93599.99991605508,299.5332717284773,475
46805000,93609.99991602074,299.1052677178259,475
46810000,93619.9999159864,300.76508221744433,475
46815000,93629.99991595205,299.0926871680758,475
46820000,93639.99991591771,302.2226571941044,475
46825000,93649.99991588337,301.82812761635546,475
46830000,93659.99991584902,302.0127234157629,475
46835000,93669.99991581468,301.8222021553132,475
46840000,93679.99991578034,300.0466642859381,475
46845000,93689.999915746,302.1454935409804,475
46850000,93699.99991571165,299.5753911437212,475
46855000,93709.99991567731,303.9580655418692,475
46860000,93719.99991564297,299.184553924159,475
46865000,93729.99991560863,299.7155680952415,475
46870000,93739.99991557428,298.40199508786407,475
46875000,93749.99991553994,299.874759585927,475
46880000,93759.9999155056,301.17256821374076,475
46885000,93769.99991547126,300.2365664683684,475
46890000,93779.99991543691,298.21883643385866,475
46895000,93789.99991540257,298.6967646647834,475
46900000,93799.99991536823,301.15563200792616,475
46905000,93809.99991533389,300.6345451950822,475
46910000,93819.99991529954,299.8853060221849,475
46915000,93829.9999152652,301.7995173678906,475
46920000,93839.99991523086,300.30347111431485,475
46925000,93849.99991519652,301.172501883953,475
46930000,93859.99991516217,298.35496726832406,475
46935000,93869.99991512783,300.8494979273662,475
46940000,93879.99991509349,299.7533318544208,475
46945000,93889.99991505915,299.7270652584577,475
46950000,93899.9999150248,301.21990557229043,475
46955000,93909.99991499046,298.4029679247516,475
46960000,93919.99991495612,300.90711640302266,475
46965000,93929.99991492178,300.1386637015968,475
46970000,93939.99991488743,299.80383093285496,475
46975000,93949.99991485309,303.4866376301474,475
46980000,93959.99991481875,300.5118793075373,475
46985000,93969.9999147844,299.3818408229627,475
46990000,93979.99991475006,299.4679368875085,475
46995000,93989.99991471572,299.5563323846975,475
47000000,93999.99991468138,301.7300921900083,475
47005000,94009.99991464704,300.5636607618686,475
47010000,94019.9999146127,298.33018203762146,475
47015000,94029.99991457835,298.9511394009413,475
47020000,94039.99991454401,299.5025610367326,475
47025000,94049.99991450967,298.35364067256836,475
47030000,94059.99991447532,301.8509450633537,475
47035000,94069.99991444098,299.47850543369566,475
47040000,94079.99991440664,297.412067225022,475
47045000,94089.9999143723,296.9626165829866,475
47050000,94099.99991433795,297.60415829044916,475
47055000,94109.99991430361,298.62059595847626,475
47060000,94119.99991426927,302.20284669748577,475
47065000,94129.99991423493,300.3592323559133,475
47070000,94139.99991420058,300.19216973041057,475
47075000,94149.99991416624,306.1742764113628,475
47080000,94159.9999141319,299.494999440925,475
47085000,94169.99991409756,301.0560931063892,475
47090000,94179.99991406321,297.7977528310662,475
47095000,94189.99991402887,301.29731243463624,475
47100000,94199.99991399453,299.8855492314068,475
47105000,94209.99991396019,303.99936688973037,475
47110000,94219.99991392584,300.81606771432223,475
47115000,94229.9999138915,301.0060362265403,475
47120000,94239.99991385716,300.58860076207606,475
47125000,94249.99991382282,300.5120561869714,475
47130000,94259.99991378847,297.92139155549864,475
47135000,94269.99991375413,301.16792512859575,475
47140000,94279.99991371979,300.9829534603909,475
47145000,94289.99991368545,301.3950383219738,475
47150000,94299.9999136511,301.48982358871945,475
47155000,94309.99991361676,302.37793522731056,475
47160000,94319.99991358242,301.96578403593986,475
47165000,94329.99991354808,301.11590046504256,475
47170000,94339.99991351373,298.9628355535209,475
47175000,94349.99991347939,301.3571419032189,475
47180000,94359.99991344505,299.62447518668256,475
47185000,94369.9999134107,302.3426035603501,475
47190000,94379.99991337636,299.89998701521483,475
47195000,94389.99991334202,300.0781267152778,475
47200000,94399.99991330768,299.4629842633538,475
47205000,94409.99991327334,299.68010376870546,475
47210000,94419.999913239,298.4927563474841,475
47215000,94429.99991320465,302.260199853991,475
47220000,94439.99991317031,302.18122318666764,475
47225000,94449.99991313597,300.8086829979488,475
47230000,94459.99991310162,299.2155078251256,475
47235000,94469.99991306728,297.5745309852383,475
47240000,94479.99991303294,301.73323179996345,475
47245000,94489.9999129986,302.3036237550614,475
47250000,94499.99991296425,299.442820007867,475
47255000,94509.99991292991,303.08076565868714,475
47260000,94519.99991289557,300.71891668514553,475
47265000,94529.99991286123,300.75243533790655,475
47270000,94539.99991282688,300.263717461502,475
47275000,94549.99991279254,301.24566363988055,475
47280000,94559.9999127582,299.2318691727794,475
47285000,94569.99991272386,301.2067501643796,475
47290000,94579.99991268951,298.92792397521634,475
47295000,94589.99991265517,300.9523312083632,475
47300000,94599.99991262083,299.39944032665517,475
47305000,94609.99991258649,299.06131317845325,475
47310000,94619.99991255214,301.57463727736797,475
47315000,94629.9999125178,297.7361987880011,475
47320000,94639.99991248346,301.5961502385398,475
47325000,94649.99991244912,302.0408693557132,475
47330000,94659.99991241477,301.29901489918944,475
47335000,94669.99991238043,298.73662886724264,475
47340000,94679.99991234609,301.1386736921823,475
47345000,94689.99991231174,300.8422458705683,475
47350000,94699.9999122774,300.2032246950415,475
47355000,94709.99991224306,298.66395352975877,475
47360000,94719.99991220872,298.0041711306551,475
47365000,94729.99991217437,299.4466671355586,475
47370000,94739.99991214003,299.23631326856105,475
47375000,94749.99991210569,299.41436452890696,475
47380000,94759.99991207135,299.55266213644,475
47385000,94769.999912037,298.59021691567045,475
47390000,94779.99991200266,300.2021634184369,475
47395000,94789.99991196832,300.9136388321549,475
47400000,94799.99991193398,300.5819235634389,475
47405000,94809.99991189963,299.00163847937546,475
47410000,94819.99991186529,298.52229521297795,475
47415000,94829.99991183095,301.50390761365924,475
47420000,94839.9999117966,300.56094124056943,475
47425000,94849.99991176226,300.1434615562467,475
47430000,94859.99991172792,300.91952007333856,475
47435000,94869.99991169358,301.14088468510846,475
47440000,94879.99991165924,299.6926622085262,475
47445000,94889.9999116249,302.4012169828233,475
47450000,94899.99991159055,300.3974383136778,475
47455000,94909.99991155621,300.2885248021338,475
47460000,94919.99991152187,299.9008050825975,475
47465000,94929.99991148752,301.0329219005227,475
47470000,94939.99991145318,300.89511071143346,475
47475000,94949.99991141884,301.2977325232922,475
47480000,94959.9999113845,302.2471771056558,475
47485000,94969.99991135015,301.06405268092345,475
47490000,94979.99991131581,300.93559399191196,475
47495000,94989.99991128147,299.2866796874196,475
47500000,94999.99991124713,300.56432405974647,475
47505000,95009.99991121278,298.8648885668907,475
47510000,95019.99991117844,300.44050845588,475
47515000,95029.9999111441,300.74268485910204,475
47520000,95039.99991110976,298.13793620268945,475
47525000,95049.99991107541,299.34133543255496,475
47530000,95059.99991104107,298.5888239901269,475
47535000,95069.99991100673,301.7851901337289,475
47540000,95079.99991097239,299.42959827016836,475
47545000,95089.99991093804,300.46252994542476,475
47550000,95099.9999109037,300.82557498390486,475
47555000,95109.99991086936,300.2889006709313,475
47560000,95119.99991083502,300.49806060174865,475
47565000,95129.99991080067,298.4690102834568,475
47570000,95139.99991076633,301.89211375163933,475
47575000,95149.99991073199,297.4184569945787,475
47580000,95159.99991069765,299.151543799771,475
47585000,95169.9999106633,300.3197882421101,475
47590000,95179.99991062896,299.8515220502728,475
47595000,95189.99991059462,298.18604740876333,475
47600000,95199.99991056028,298.87428528682705,475
47605000,95209.99991052593,305.995893502078,475
47610000,95219.99991049159,299.4881674727831,475
47615000,95229.99991045725,299.4935180756645,475
47620000,95239.9999104229,301.6606227922675,475
47625000,95249.99991038856,299.7860987695869,475
47630000,95259.99991035422,297.8756461118558,475
47635000,95269.99991031988,299.4784169939786,475
47640000,95279.99991028554,299.59506898076427,475
47645000,95289.9999102512,300.2428899081373,475
47650000,95299.99991021685,299.06710597991986,475
47655000,95309.99991018251,299.2064648640575,475
47660000,95319.99991014817,300.9852528930341,475
47665000,95329.99991011382,301.3136295624315,475
47670000,95339.99991007948,299.3188938543542,475
47675000,95349.99991004514,301.6740435193294,475
47680000,95359.9999100108,298.66746900851143,475
47685000,95369.99990997645,300.67297225213935,475
47690000,95379.99990994211,299.95037554400267,475
47695000,95389.99990990777,299.6757702225701,475
47700000,95399.99990987343,300.63010109930053,475
47705000,95409.99990983908,300.5873183861789,475
47710000,95419.99990980474,298.2259116112225,475
47715000,95429.9999097704,302.1730867326993,475
47720000,95439.99990973606,300.0308114666574,475
47725000,95449.99990970171,301.67088179944494,475
47730000,95459.99990966737,299.45243782709593,475
47735000,95469.99990963303,302.1827266618575,475
47740000,95479.99990959869,301.20829785942794,475
47745000,95489.99990956434,300.0840963961785,475
47750000,95499.99990953,300.67140244716177,475
47755000,95509.99990949566,300.4505684736941,475
47760000,95519.99990946132,298.53202358185314,475
47765000,95529.99990942697,301.72202206582773,475
47770000,95539.99990939263,301.5437054863306,475
47775000,95549.99990935829,300.9235661903935,475
47780000,95559.99990932395,297.00670378193473,475
47785000,95569.9999092896,297.6181759856012,475
47790000,95579.99990925526,300.4922456903528,475
47795000,95589.99990922092,299.95647788447894,475
47800000,95599.99990918658,302.27320049239705,475
47805000,95609.99990915223,299.02828094413604,475
47810000,95619.99990911789,300.1993775673499,475
47815000,95629.99990908355,295.4104995488027,475
47820000,95639.9999090492,299.65790539972653,475
47825000,95649.99990901486,299.81630093295865,475
47830000,95659.99990898052,298.84297762699225,475
47835000,95669.99990894618,301.58777057534957,475
47840000,95679.99990891184,301.669113005104,475
47845000,95689.9999088775,297.8414862711462,475
47850000,95699.99990884315,300.52549902396265,475
47855000,95709.99990880881,300.6199305318401,475
47860000,95719.99990877447,300.098158311189,475
47865000,95729.99990874012,300.95018654522477,475
47870000,95739.99990870578,299.60913089577485,475
47875000,95749.99990867144,302.2282288962784,475
47880000,95759.9999086371,300.5434965063818,475
47885000,95769.99990860275,302.49927451909974,475
47890000,95779.99990856841,302.6361349812308,475
47895000,95789.99990853407,300.37053052976614,475
47900000,95799.99990849973,298.8832619181074,475
47905000,95809.99990846538,299.40032472382563,475
47910000,95819.99990843104,299.07376106862773,475
47915000,95829.9999083967,298.70702367196094,475
47920000,95839.99990836236,300.2173087199813,475
47925000,95849.99990832801,299.63230210164124,475
47930000,95859.99990829367,296.7501622727092,475
47935000,95869.99990825933,300.88261860140045,475
47940000,95879.99990822499,301.15620686608696,475
47945000,95889.99990819064,301.353184225881,475
47950000,95899.9999081563,302.84847874186187,475
47955000,95909.99990812196,301.5520409296624,475
47960000,95919.99990808762,301.3692139245959,475
47965000,95929.99990805327,300.9898959781791,475
47970000,95939.99990801893,299.8270905784384,475
47975000,95949.99990798459,300.71040436237973,475
47980000,95959.99990795024,301.56813695816504,475
47985000,95969.9999079159,298.03054827626454,475
47990000,95979.99990788156,299.17732397729037,475
47995000,95989.99990784722,300.6755812237922,475
48000000,95999.99990781287,298.46962936147617,475
48005000,96009.99990777853,299.9369990367992,475
48010000,96019.99990774419,302.8138103727792,475
48015000,96029.99990770985,299.64269376839434,475
48020000,96039.9999076755,300.5573373220997,475
48025000,96049.99990764116,297.66624297181653,475
48030000,96059.99990760682,302.2235858111334,475
48035000,96069.99990757248,300.0228076722646,475
48040000,96079.99990753813,300.44070744524333,475
48045000,96089.99990750379,299.5205142992932,475
48050000,96099.99990746945,299.2723524532579,475
48055000,96109.9999074351,298.6806907462101,475
48060000,96119.99990740076,301.80597346723505,475
48065000,96129.99990736642,301.72398984953196,475
48070000,96139.99990733208,300.46354700217086,475
48075000,96149.99990729774,300.1492764676425,475
48080000,96159.9999072634,299.84090928422705,475
48085000,96169.99990722905,300.5819235634389,475
48090000,96179.99990719471,300.79608033826946,475
48095000,96189.99990716037,298.28341953723265,475
48100000,96199.99990712602,299.92786763601407,475
48105000,96209.99990709168,300.5478742723757,475
48110000,96219.99990705734,299.6041340517616,475
48115000,96229.999907023,300.8092578561096,475
48120000,96239.99990698865,299.4411175433138,475
48125000,96249.99990695431,299.52789901566666,475
48130000,96259.99990691997,302.301987620296,475
48135000,96269.99990688563,300.68318703945835,475
48140000,96279.99990685128,299.8974001534912,475
48145000,96289.99990681694,301.6819367640759,475
48150000,96299.9999067826,299.6297815697054,475
48155000,96309.99990674826,299.2058900058967,475
48160000,96319.99990671391,298.6288650720202,475
48165000,96329.99990667957,300.05243497747546,475
48170000,96339.99990664523,296.6481249491656,475
48175000,96349.99990661089,300.88244172196636,475
48180000,96359.99990657654,302.1427961296105,475
48185000,96369.9999065422,301.33003512994384,475
48190000,96379.99990650786,298.9115405176333,475
48195000,96389.99990647352,299.8271126883677,475
48200000,96399.99990643917,298.77364088882695,475
48205000,96409.99990640483,303.74872873161775,475
48210000,96419.99990637049,303.3675093312844,475
48215000,96429.99990633615,297.8809303849494,475
48220000,96439.9999063018,301.2038979835048,475
48225000,96449.99990626746,299.5377600441175,475
48230000,96459.99990623312,298.4501726237257,475
48235000,96469.99990619878,296.8632987807422,475
48240000,96479.99990616443,300.33716664650996,475
48245000,96489.99990613009,299.40218195788367,475
48250000,96499.99990609575,297.36523839484533,475
48255000,96509.9999060614,301.0600286737978,475
48260000,96519.99990602706,301.6605343525504,475
48265000,96529.99990599272,300.06888476484636,475
48270000,96539.99990595838,299.8816357739275,475
48275000,96549.99990592404,299.286547027844,475
48280000,96559.9999058897,299.8519421389288,475
48285000,96569.99990585535,300.55846492849207,475
48290000,96579.99990582101,298.09544091864814,475
48295000,96589.99990578667,296.31402180808936,475
48300000,96599.99990575232,300.1940048545393,475
48305000,96609.99990571798,302.1268106507541,475
48310000,96619.99990568364,300.66392929107127,475
48315000,96629.9999056493,298.5056243263145,475
48320000,96639.99990561495,300.08325621886655,475
48325000,96649.99990558061,300.54685721562964,475
48330000,96659.99990554627,302.09472914339517,475
48335000,96669.99990551193,301.78850662311817,475
48340000,96679.99990547758,302.8370479084335,475
48345000,96689.99990544324,301.55263789775245,475
48350000,96699.9999054089,298.419130283042,475
48355000,96709.99990537456,300.0023338777681,475
48360000,96719.99990534021,300.75088764285823,475
48365000,96729.99990530587,300.5748041662166,475
48370000,96739.99990527153,299.3794750605317,475
48375000,96749.99990523719,298.69749429244905,475
48380000,96759.99990520284,300.09066304516926,475
48385000,96769.9999051685,299.71393196047615,475
48390000,96779.99990513416,299.21855899536376,475
48395000,96789.99990509982,300.1533004747682,475
48400000,96799.99990506547,298.7239819877048,475
48405000,96809.99990503113,299.3621850958489,475
48410000,96819.99990499679,301.076257361876,475
48415000,96829.99990496245,300.1169517510616,475
48420000,96839.9999049281,299.32097218770474,475
48425000,96849.99990489376,299.99954802668105,475
48430000,96859.99990485942,302.09618839872644,475
48435000,96869.99990482508,302.01780869949306,475
48440000,96879.99990479073,296.0093690927899,475
48445000,96889.99990475639,300.3712601574318,475
48450000,96899.99990472205,300.342826788401,475
48455000,96909.9999046877,300.15272561660737,475
48460000,96919.99990465336,298.41994835042476,475
48465000,96929.99990461902,303.04187429311554,475
48470000,96939.99990458468,301.3706068501394,475
48475000,96949.99990455034,300.5213865771199,475
48480000,96959.999904516,299.23226715150616,475
48485000,96969.99990448165,302.45463457192,475
48490000,96979.99990444731,300.6422836703239,475
48495000,96989.99990441297,297.62401300692636,475
48500000,96999.99990437862,300.39332586683514,475
48505000,97009.99990434428,299.8103312520579,475
48510000,97019.99990430994,300.0952398005265,475
48515000,97029.9999042756,297.51019109108626,475
48520000,97039.99990424125,300.35733090199676,475
48525000,97049.99990420691,299.48414346565744,475
48530000,97059.99990417257,300.3084458483988,475
48535000,97069.99990413823,301.2196844729978,475
48540000,97079.99990410388,299.1246581257885,475
48545000,97089.99990406954,300.8405434060151,475
48550000,97099.9999040352,300.2095039149519,475
48555000,97109.99990400086,302.09150109372297,475
48560000,97119.99990396651,300.5892198400953,475
48565000,97129.99990393217,299.25837897796436,475
48570000,97139.99990389783,298.89374202457753,475
48575000,97149.99990386349,298.2733374094892,475
48580000,97159.99990382914,303.0003518459617,475
48585000,97169.9999037948,298.59901666751665,475
48590000,97179.99990376046,299.4863765685129,475
48595000,97189.99990372612,299.5297120298662,475
48600000,97199.99990369177,298.1197618408362,475
48605000,97209.99990365743,298.14034618497897,475
48610000,97219.99990362309,301.86945107414584,475
48615000,97229.99990358874,297.70256958559384,475
48620000,97239.9999035544,301.00658897477183,475
48625000,97249.99990352006,300.9322332826642,475
48630000,97259.99990348572,301.9938857560318,475
48635000,97269.99990345137,299.9182498167852,475
48640000,97279.99990341703,299.65989529336014,475
48645000,97289.99990338269,302.3132636842196,475
48650000,97299.99990334835,299.49212515012096,475
48655000,97309.999903314,299.5349520831012,475
48660000,97319.99990327966,300.63927671994423,475
48665000,97329.99990324532,299.9846459343586,475
48670000,97339.99990321098,299.27014146033173,475
48675000,97349.99990317663,299.9246395863418,475
48680000,97359.99990314229,301.55537952898095,475
48685000,97369.99990310795,300.2737111495283,475
48690000,97379.9999030736,303.5553110704348,475
48695000,97389.99990303926,300.9847443646611,475
48700000,97399.99990300492,297.2187822234146,475
48705000,97409.99990297058,300.62548012408485,475
48710000,97419.99990293624,299.36844220583004,475
48715000,97429.9999029019,297.79713375304686,475
48720000,97439.99990286755,300.97705010927797,475
48725000,97449.99990283321,302.5610054415989,475
48730000,97459.99990279887,300.3094850150741,475
48735000,97469.99990276452,299.6262882008821,475
48740000,97479.99990273018,301.1081177699424,475
48745000,97489.99990269584,302.0702755616315,475
48750000,97499.9999026615,299.3296613899047,475
48755000,97509.99990262715,300.8701707112261,475
48760000,97519.99990259281,302.20359843508066,475
48765000,97529.99990255847,299.2446266019635,475
48770000,97539.99990252413,302.45142863217706,475
48775000,97549.99990248978,300.40113067186456,475
48780000,97559.99990245544,300.90326927533107,475
48785000,97569.9999024211,302.0993722285402,475
48790000,97579.99990238676,300.79705317515703,475
48795000,97589.99990235241,299.3461996169925,475
48800000,97599.99990231807,302.9159361360398,475
48805000,97609.99990228373,299.82740011744806,475
48810000,97619.99990224939,301.4583611593798,475
48815000,97629.99990221504,300.54944407735326,475
48820000,97639.9999021807,300.4941913641278,475
48825000,97649.99990214636,298.60876714632116,475
48830000,97659.99990211202,298.7126174840642,475
48835000,97669.99990207767,299.4169292807013,475
48840000,97679.99990204333,303.2417480536429,475
48845000,97689.99990200899,298.5989282277996,475
48850000,97699.99990197465,298.9640515996303,475
48855000,97709.9999019403,302.33285308154564,475
48860000,97719.99990190596,300.50219515852064,475
48865000,97729.99990187162,300.34371118557146,475
48870000,97739.99990183728,301.32654176112044,475
48875000,97749.99990180293,303.03320720084486,475
48880000,97759.99990176859,297.6602954008451,475
48885000,97769.99990173425,300.29445026317603,475
48890000,97779.9999016999,302.2870855279735,475
48895000,97789.99990166556,303.8130244059113,475
48900000,97799.99990163122,301.44427713444,475
48905000,97809.99990159688,302.54537372161076,475
48910000,97819.99990156254,302.1680898886861,475
48915000,97829.9999015282,297.1713343152187,475
48920000,97839.99990149385,300.7548232102668,475
48925000,97849.99990145951,300.93899892101825,475
48930000,97859.99990142517,298.86314188247906,475
48935000,97869.99990139082,301.30595741697766,475
48940000,97879.99990135648,298.5727500715535,475
48945000,97889.99990132214,299.4403879156482,475
48950000,97899.9999012878,301.53691773804724,475
48955000,97909.99990125345,301.2953888707905,475
48960000,97919.99990121911,298.82708058785295,475
48965000,97929.99990118477,299.9844690549245,475
48970000,97939.99990115043,298.6390356394807,475
48975000,97949.99990111608,298.52941461020026,475
48980000,97959.99990108174,301.4730863722682,475
48985000,97969.9999010474,300.32880909324894,475
48990000,97979.99990101306,299.2927820278959,475
48995000,97989.99990097871,301.889725879279,475
49000000,97999.99990094437,297.194328641651,475
49005000,98009.99990091003,298.8320995417954,475
49010000,98019.99990087569,301.5929221888676,475
49015000,98029.99990084134,302.5959170199034,475
49020000,98039.999900807,303.00994755526136,475
49025000,98049.99990077266,297.9714926552061,475
49030000,98059.99990073832,301.97380994026196,475
49035000,98069.99990070397,300.4069013634019,475
49040000,98079.99990066963,300.01814247719034,475
49045000,98089.99990063529,301.8388730419767,475
49050000,98099.99990060095,301.2311153064262,475
49055000,98109.9999005666,300.2834616283329,475
49060000,98119.99990053226,301.5831938199924,475
49065000,98129.99990049792,301.76440680022273,475
49070000,98139.99990046358,300.3446176926712,475
49075000,98149.99990042923,298.6553085474174,475
49080000,98159.99990039489,299.3584264078744,475
49085000,98169.99990036055,302.3714127981783,475
49090000,98179.9999003262,301.79058495646876,475
49095000,98189.99990029186,300.8824638318957,475
49100000,98199.99990025752,297.54247158780856,475
49105000,98209.99990022318,300.6495578370511,475
49110000,98219.99990018884,300.3788659730979,475
49115000,98229.9999001545,300.85750172175904,475
49120000,98239.99990012015,301.86995960251886,475
49125000,98249.99990008581,300.2873750858122,475
49130000,98259.99990005147,300.31160756828325,475
49135000,98269.99990001712,302.5217603171591,475
49140000,98279.99989998278,298.89900418774187,475
49145000,98289.99989994844,300.8504707642537,475
49150000,98299.9998999141,302.33499774468396,475
49155000,98309.99989987975,298.8098127330994,475
49160000,98319.99989984541,299.32824635443194,475
49165000,98329.99989981107,296.820051759106,475
49170000,98339.99989977673,302.15597364745054,475
49175000,98349.99989974238,301.4674704502357,475
49180000,98359.99989970804,300.4987902294143,475
49185000,98369.9998996737,301.4422651308771,475
49190000,98379.99989963936,300.46748256957943,475
49195000,98389.99989960501,300.4777194668277,475
49200000,98399.99989957067,299.7353785918602,475
49205000,98409.99989953633,297.8314041434028,475
49210000,98419.99989950199,298.7645315979711,475
49215000,98429.99989946764,298.9139947197814,475
49220000,98439.9998994333,299.785347031992,475
49225000,98449.99989939896,297.8714231153668,475
49230000,98459.99989936461,299.7096426341993,475
49235000,98469.99989933027,300.0208619984895,475
49240000,98479.99989929593,299.12801883503636,475
49245000,98489.99989926159,299.96969962217753,475
49250000,98499.99989922724,300.64411879445265,475
49255000,98509.9998991929,301.23788094478033,475
49260000,98519.99989915856,301.54688931614436,475
49265000,98529.99989912422,301.95791290112265,475
49270000,98539.99989908987,300.07268767267936,475
49275000,98549.99989905553,300.4827163108409,475
49280000,98559.99989902119,302.11599889534506,475
49285000,98569.99989898685,298.54889345788,475
49290000,98579.9998989525,300.8957076795235,475
49295000,98589.99989891816,299.5376273845419,475
49300000,98599.99989888382,299.4375136248441,475
49305000,98609.99989884948,298.92876415252834,475
49310000,98619.99989881513,299.37388124842846,475
49315000,98629.99989878079,300.32819001522967,475
49320000,98639.99989874645,297.9533625132113,475
49325000,98649.9998987121,300.11485130778175,475
49330000,98659.99989867776,298.8244495062708,475
49335000,98669.99989864342,302.0247291073521,475
49340000,98679.99989860908,300.2589417167814,475
49345000,98689.99989857474,299.75934575518005,475
49350000,98699.9998985404,300.24899224861355,475
49355000,98709.99989850605,301.50583117750506,475
49360000,98719.99989847171,298.39116122252574,475
49365000,98729.99989843737,299.22826525430975,475
49370000,98739.99989840302,300.55216359865244,475
49375000,98749.99989836868,300.6586007981191,475
49380000,98759.99989833434,301.45955509555995,475
49385000,98769.9998983,299.3952836599539,475
49390000,98779.99989826565,297.9135204206814,475
49395000,98789.99989823131,300.5800884393102,475
49400000,98799.99989819697,297.7929770863456,475
49405000,98809.99989816263,301.37321582179226,475
49410000,98819.99989812828,299.88970589810805,475
49415000,98829.99989809394,302.23466288569364,475
49420000,98839.9998980596,301.4836991383139,475
49425000,98849.99989802526,300.85378725364296,475
49430000,98859.99989799091,300.71949154330633,475
49435000,98869.99989795657,299.2113732683536,475
49440000,98879.99989792223,297.9614105274626,475
49445000,98889.99989788789,300.1216611659944,475
49450000,98899.99989785354,301.03334198917867,475
49455000,98909.9998978192,299.596484016237,475
49460000,98919.99989778486,299.6918662510728,475
49465000,98929.99989775052,300.3588122672573,475
49470000,98939.99989771617,301.1143085501357,475
49475000,98949.99989768183,299.2645476482285,475
49480000,98959.99989764749,299.7492194075781,475
49485000,98969.99989761315,298.4815466133483,475
49490000,98979.9998975788,297.8748059345439,475
49495000,98989.99989754446,300.4482469311216,475
49500000,98999.99989751012,300.10830676872024,475
49505000,99009.99989747578,301.88004173026235,475
49510000,99019.99989744143,297.5975695315292,475
49515000,99029.99989740709,298.6341272351845,475
49520000,99039.99989737275,299.27551417314237,475
49525000,99049.9998973384,300.7809129267958,475
49530000,99059.99989730406,298.03273715926144,475
49535000,99069.99989726972,301.42201243567325,475
49540000,99079.99989723538,298.5031037943786,475
49545000,99089.99989720104,301.0661310142741,475
49550000,99099.9998971667,300.69939361760726,475
49555000,99109.99989713235,297.0698939597652,475
49560000,99119.99989709801,301.4661217445507,475
49565000,99129.99989706367,301.47344013113644,475
49570000,99139.99989702932,299.52369812910695,475
49575000,99149.99989699498,300.8019615794532,475
49580000,99159.99989696064,300.53677508788616,475
49585000,99169.9998969263,300.5644788292513,475
49590000,99179.99989689195,300.1338879568762,475
49595000,99189.99989685761,303.04499179314143,475
49600000,99199.99989682327,298.43451879380825,475
49605000,99209.99989678893,299.89715694426934,475
49610000,99219.99989675458,300.5150410274218,475
49615000,99229.99989672024,300.00224543805103,475
49620000,99239.9998966859,299.3452046701758,475
49625000,99249.99989665156,298.0211073364697,475
49630000,99259.99989661721,300.81197737740877,475
49635000,99269.99989658287,302.1626287361584,475
49640000,99279.99989654853,299.34233037937173,475
49645000,99289.99989651419,300.59607391816655,475
49650000,99299.99989647984,299.53285163982133,475
49655000,99309.9998964455,300.8325617215516,475
49660000,99319.99989641116,300.923610410252,475
49665000,99329.99989637682,297.8521211471212,475
49670000,99339.99989634247,299.6297815697054,475
49675000,99349.99989630813,299.45168608950104,475
49680000,99359.99989627379,300.80370826386485,475
49685000,99369.99989623945,301.1128714047337,475
49690000,99379.9998962051,298.82150888567895,475
49695000,99389.99989617076,301.11850943669543,475
49700000,99399.99989613642,302.78062336895715,475
49705000,99409.99989610208,301.0057930173184,475
49710000,99419.99989606773,299.4455174192369,475
49715000,99429.99989603339,302.62757843860646,475
49720000,99439.99989599905,301.28826947356816,475
49725000,99449.9998959647,299.2439190842272,475
49730000,99459.99989593036,300.4053536683536,475
49735000,99469.99989589602,298.80795549904144,475
49740000,99479.99989586168,301.17349683076975,475
49745000,99489.99989582734,299.88784866405007,475
49750000,99499.999895793,301.76599871512957,475
49755000,99509.99989575865,299.2797813894899,475
49760000,99519.99989572431,298.0256619818976,475
49765000,99529.99989568997,301.7277927573651,475
49770000,99539.99989565562,299.83505015297266,475
49775000,99549.99989562128,297.6535076525617,475
49780000,99559.99989558694,299.2102677718905,475
49785000,99569.9998955526,297.0468996333328,475
49790000,99579.99989551825,300.35478826013167,475
49795000,99589.99989548391,301.2905467962822,475
49800000,99599.99989544957,300.51046427206455,475
49805000,99609.99989541523,298.85301553487716,475
49810000,99619.99989538088,299.3390802197702,475
49815000,99629.99989534654,300.17158538626774,475
49820000,99639.9998953122,298.9032935140186,475
49825000,99649.99989527786,300.3921982604428,475
49830000,99659.99989524351,301.55113442256265,475
49835000,99669.99989520917,300.64557804978386,475
49840000,99679.99989517483,300.0143837892158,475
49845000,99689.99989514049,301.2618481081002,475
49850000,99699.99989510614,301.7430043886972,475
49855000,99709.9998950718,300.9756129638759,475
49860000,99719.99989503746,301.2571608030967,475
49865000,99729.99989500311,300.4470529949415,475
49870000,99739.99989496877,298.38660657709784,475
49875000,99749.99989493443,300.6858402309698,475
49880000,99759.99989490009,296.2723888112892,475
49885000,99769.99989486574,298.52780058536416,475
49890000,99779.9998948314,298.5723963126853,475
49895000,99789.99989479706,300.46268471492965,475
49900000,99799.99989476272,300.40630439531185,475
49905000,99809.99989472837,301.9899059687646,475
49910000,99819.99989469403,296.96255025319874,475
49915000,99829.99989465969,301.89481116300925,475
49920000,99839.99989462535,300.4347598742719,475
49925000,99849.999894591,299.92817717502373,475
49930000,99859.99989455666,300.9697759425508,475
49935000,99869.99989452232,299.5840361260626,475
49940000,99879.99989448798,300.324166008104,475
49945000,99889.99989445363,300.7099400538652,475
49950000,99899.99989441929,300.6248610460655,475
49955000,99909.99989438495,301.8814125458766,475
49960000,99919.9998943506,302.576128633214,475
49965000,99929.99989431626,301.8679033790976,475
49970000,99939.99989428192,300.1764274607761,475
49975000,99949.99989424758,299.3222987834605,475
49980000,99959.99989421324,300.6467940958933,475
49985000,99969.9998941789,302.27344370161893,475
49990000,99979.99989414455,300.770034841599,475
49995000,99989.99989411021,297.61901616291317,475
50000000,99999.99989407587,300.6693904435989,475
50005000,100009.99989404152,299.78176522345154,475
50010000,100019.99989400718,298.8420047901047,475
50015000,100029.99989397284,298.69886510806333,475
50020000,100039.9998939385,297.09224709824895,475
50025000,100049.99989390415,301.5980959123148,475
50030000,100059.99989386981,300.86479799841544,475
50035000,100069.99989383547,301.62882871398887,475
50040000,100079.99989380113,301.3232031618019,475
50045000,100089.99989376678,300.3847472142815,475
50050000,100099.99989373244,300.61035693246976,475
