#"Step","Time (ps)","Temperature (K)","Speed (ns/day)"
5000,10.000000000000009,298.6594652141186,0
10000,19.999999999999794,301.7925969600316,490
15000,29.99999999999425,299.94290238791217,489
20000,40.00000000000292,299.06670800119315,490
25000,50.00000000001514,299.259948782942,490
30000,60.00000000002736,302.3381815744977,491
35000,70.00000000001826,301.7852343535874,490
40000,79.99999999999496,300.75712264291,490
45000,89.99999999997165,299.9554166078743,490
50000,99.99999999994834,301.3865038892787,490
55000,109.99999999992504,303.62455936888307,489
60000,119.99999999990173,301.0679882483321,488
65000,129.99999999989262,299.06328096215753,488
70000,139.99999999994037,301.21373690202637,487
75000,149.99999999998812,300.8431744875973,487
80000,160.00000000003587,299.63236843142903,487
85000,170.00000000008362,297.15707341084476,486
90000,180.00000000013137,301.55369917435706,486
95000,190.0000000001791,299.2037011228998,486
100000,200.00000000022686,300.901235161839,486
105000,210.0000000002746,299.398157950758,486
110000,220.00000000032236,298.3549230484655,485
115000,230.0000000003701,300.89451374334334,485
120000,240.00000000041786,300.2164022128816,485
125000,250.0000000004656,298.9195443120261,484
130000,260.00000000051335,301.27639644155454,484
135000,270.0000000005611,301.0625934255922,484
140000,280.00000000060885,301.99008284819865,484
145000,290.0000000006566,303.2881346852343,484
150000,300.00000000070435,302.0337278485616,484
155000,310.0000000007521,301.7105912323993,483
160000,320.00000000079984,299.8240394082003,483
165000,330.0000000008476,298.9730061209813,483
170000,340.00000000089534,300.33367327768656,483
175000,350.0000000009431,299.7920905604169,483
180000,360.00000000099084,300.26287728419004,483
185000,370.0000000010386,303.09825461273334,483
190000,380.00000000108633,300.2501419649352,483
195000,390.0000000011341,296.9570891006711,483
200000,400.00000000118183,297.6766567484989,483
205000,410.0000000012296,301.64802013258816,482
210000,420.00000000127733,302.23736029706356,482
215000,430.0000000013251,302.1071770335696,482
220000,440.0000000013728,300.9290715627797,482
225000,450.0000000014206,298.5422825890307,482
230000,460.0000000014683,299.4876589444101,482
235000,470.00000000151607,303.2788264050151,482
240000,480.0000000015638,299.1159910335179,482
245000,490.00000000161157,301.92642836185377,482
250000,500.0000000016593,298.92137943615484,482
255000,510.00000000170706,302.13921432107,482
260000,520.0000000015274,298.5516571990377,482
265000,530.0000000012909,299.8068821030931,482
270000,540.0000000010544,300.7009634225849,481
275000,550.000000000818,302.3138385423804,481
280000,560.0000000005815,301.2147097389139,481
285000,570.000000000345,301.7061250266884,481
290000,580.0000000001086,301.31692394189156,481
295000,589.9999999998721,302.82064234092115,481
300000,599.9999999996356,301.3839612474136,481
305000,609.9999999993992,299.70146196037246,481
310000,619.9999999991627,301.1929314585909,481
315000,629.9999999989262,302.5776542183331,481
320000,639.9999999986898,302.43867120299296,481
325000,649.9999999984533,298.80777861960735,481
330000,659.9999999982168,300.46480726813877,481
335000,669.9999999979804,299.8719295149815,481
340000,679.9999999977439,299.37189135479485,481
345000,689.9999999975074,298.5744525361067,481
350000,699.999999997271,299.8382782026449,481
355000,709.9999999970345,299.15488239908956,481
360000,719.999999996798,300.9726944532134,481
365000,729.9999999965615,299.1295444201554,481
370000,739.9999999963251,301.0963995074336,481
375000,749.9999999960886,299.16660066159835,481
380000,759.9999999958521,299.5867998672203,481
385000,769.9999999956157,301.2151077176406,481
390000,779.9999999953792,301.5720504156444,481
395000,789.9999999951427,300.42032209046386,481
400000,799.9999999949063,295.8533614319181,481
405000,809.9999999946698,301.0531745957266,481
410000,819.9999999944333,300.1649302975599,481
415000,829.9999999941969,299.9342795155,481
420000,839.9999999939604,301.2993244381991,481
425000,849.9999999937239,301.4927199894528,481
430000,859.9999999934874,298.7735966689685,481
435000,869.999999993251,299.04904216771297,481
440000,879.9999999930145,300.04695171501857,481
445000,889.999999992778,298.45552322660706,481
450000,899.9999999925416,301.79511749196746,481
455000,909.9999999923051,299.6239887682388,481
460000,919.9999999920686,299.36963614201017,481
465000,929.9999999918322,300.60796906010944,481
470000,939.9999999915957,298.8228575913639,481
475000,949.9999999913592,301.1478935326845,481
480000,959.9999999911228,302.67639716241666,481
485000,969.9999999908863,301.07276399305266,481
490000,979.9999999906498,298.99407688356786,481
495000,989.9999999904134,298.48439879422307,481
500000,999.9999999901769,301.55206303959164,481
505000,1009.9999999899404,301.58673140867427,481
510000,1019.999999989704,303.05797032161814,481
515000,1029.9999999894676,296.67704473664014,480
520000,1039.9999999892311,300.1151829567207,481
525000,1049.9999999889947,302.61081911222595,480
530000,1059.9999999887582,300.64449466325004,480
535000,1069.9999999885217,300.06203068677513,480
540000,1079.9999999882853,300.6827227309438,481
545000,1089.9999999880488,298.3262685801421,481
550000,1099.9999999878123,300.9039325732089,481
555000,1109.9999999875758,301.52944458195674,481
560000,1119.9999999873394,300.1096996942638,481
565000,1129.999999987103,302.4831121608093,481
570000,1139.9999999868664,297.5576832191407,481
575000,1149.99999998663,299.42340748997503,480
580000,1159.9999999863935,299.94184111130755,480
585000,1169.999999986157,299.6982339107002,480
590000,1179.9999999859206,299.8893521392399,480
595000,1189.999999985684,300.7829691502172,480
600000,1199.9999999854476,301.67879715412073,480
605000,1209.9999999852112,300.8950443816457,480
610000,1219.9999999849747,298.9021659076262,480
615000,1229.9999999847382,300.68469051464814,480
620000,1239.9999999845018,301.076589010815,480
625000,1249.9999999842653,297.44894658703083,480
630000,1259.9999999840288,298.14125269207875,480
635000,1269.9999999837923,300.9647348786791,480
640000,1279.9999999835559,298.6284892032228,480
645000,1289.9999999833194,297.8918526900047,480
650000,1299.999999983083,302.3101682941229,480
655000,1309.9999999828465,299.6162281830679,480
660000,1319.99999998261,298.26506829594524,480
665000,1329.9999999823735,297.9163062717684,480
670000,1339.999999982137,299.56115234927654,480
675000,1349.9999999819006,302.4489965399582,480
680000,1359.9999999816641,302.33298574112115,480
685000,1369.9999999814277,299.770909248184,480
690000,1379.9999999811912,299.1544402005043,480
695000,1389.9999999809547,298.15319205388016,480
700000,1399.9999999807183,296.7205570774275,480
705000,1409.9999999804818,303.1426955705497,480
710000,1419.9999999802453,300.472766842673,480
715000,1429.9999999800089,300.9135725023671,480
720000,1439.9999999797724,300.39259623916945,480
725000,1449.999999979536,302.18345628952306,480
730000,1459.9999999792994,298.26593058318645,480
735000,1469.999999979063,300.6126784750422,480
740000,1479.9999999788265,299.2447592615391,480
745000,1489.99999997859,300.6197757623353,480
750000,1499.9999999783536,300.8399685478543,480
755000,1509.999999978117,299.3584042979451,480
760000,1519.9999999778806,300.9204929102261,480
765000,1529.9999999776442,301.1671070612131,480
770000,1539.9999999774077,301.71817493813614,480
775000,1549.9999999771712,300.8507803032634,480
780000,1559.9999999769348,298.7804065271811,480
785000,1569.9999999766983,296.8097927519284,480
790000,1579.9999999764618,300.7312540256737,480
795000,1589.9999999762254,302.09853205122823,480
800000,1599.9999999759889,301.75985215479477,480
805000,1609.9999999757524,299.35793998943063,480
810000,1619.999999975516,298.3617329066782,480
815000,1629.9999999752795,300.30599164625073,480
820000,1639.999999975043,301.11079307138306,480
825000,1649.9999999748065,300.7886514020375,480
830000,1659.99999997457,301.0899212981599,480
835000,1669.9999999743336,302.55824170044116,480
840000,1679.9999999740971,301.2011342423471,480
845000,1689.9999999738607,300.692362660102,480
850000,1699.9999999736242,299.2864364781977,480
855000,1709.9999999733877,300.2043301915046,480
860000,1719.9999999731513,299.6234802398658,480
865000,1729.9999999729148,301.1172933905861,480
870000,1739.9999999726783,300.1540079925046,480
875000,1749.9999999724419,298.52928195062475,480
880000,1759.9999999722054,301.60976995496515,480
885000,1769.999999971969,302.4729415933489,480
890000,1779.9999999717324,300.21147169865617,480
895000,1789.999999971496,301.0468511559577,480
900000,1799.9999999712595,301.39457401345925,480
905000,1809.999999971023,302.3384247837196,480
910000,1819.9999999707866,300.6848231742237,480
915000,1829.99999997055,299.5298446894417,480
920000,1839.9999999703136,299.4318534829531,480
925000,1849.9999999700772,298.847687041925,480
930000,1859.9999999698407,299.50899502614783,480
935000,1869.9999999696042,301.9651870678498,480
940000,1879.9999999693678,304.34945550966296,480
945000,1889.9999999691313,302.7505096453025,480
950000,1899.9999999688948,298.2852325514321,480
955000,1909.9999999686584,298.9487736385103,480
960000,1919.999999968422,301.38783048503444,480
965000,1929.9999999681854,300.46350278231233,480
970000,1939.999999967949,301.5579000609168,480
975000,1949.9999999677125,301.77126087829384,480
980000,1959.999999967476,299.92110199765995,480
985000,1969.9999999672395,298.2956242181852,480
990000,1979.999999967003,300.946825835977,480
995000,1989.9999999667666,300.7638219514764,480
1000000,1999.9999999665301,301.3412669740089,480
1005000,2009.9999999662937,301.25570154776545,480
1010000,2019.9999999660572,300.4968666655685,480
1015000,2029.9999999658207,300.8608624310068,480
1020000,2039.9999999655843,303.3528725581131,480
1025000,2049.999999965348,302.4334974795457,480
1030000,2059.9999999651113,297.28807474172135,480
1035000,2069.999999964875,300.38120962559964,480
1040000,2079.9999999646384,298.99268395802443,480
1045000,2089.999999964402,299.3755394931231,480
1050000,2099.9999999641655,300.5397378184073,480
1055000,2109.999999963929,300.15807621948875,480
1060000,2119.9999999636925,303.11315670505576,480
1065000,2129.999999963456,298.55260792599597,480
1070000,2139.9999999632196,298.70120876056507,480
1075000,2149.999999962983,300.4693398036374,480
1080000,2159.9999999627466,300.0088120870418,480
1085000,2169.99999996251,301.35477614078786,480
1090000,2179.9999999622737,300.04589043841395,480
1095000,2189.9999999620372,300.10943437511264,480
1100000,2199.9999999618008,301.45088800328926,480
1105000,2209.9999999615643,296.76990643953997,480
1110000,2219.999999961328,300.1016516800124,480
1115000,2229.9999999610914,301.9864125999412,480
1120000,2239.999999960855,302.1684878674128,480
1125000,2249.9999999606184,299.72319602083684,480
1130000,2259.999999960382,301.3697887827567,480
1135000,2269.9999999601455,300.17859423384374,480
1140000,2279.999999959909,299.3496929858159,480
1145000,2289.9999999596726,300.6678869684091,480
1150000,2299.999999959436,302.3561127271291,480
1155000,2309.9999999591996,301.0774070781976,480
1160000,2319.999999958963,300.1806725671944,480
1165000,2329.9999999587267,299.8597690538875,480
1170000,2339.99999995849,301.25583420734097,480
1175000,2349.9999999582537,299.98362887761255,480
1180000,2359.9999999580173,298.53918719893403,480
1185000,2369.999999957781,298.7601538319772,480
1190000,2379.9999999575443,302.1420443920156,480
1195000,2389.999999957308,302.67146664819126,480
1200000,2399.9999999570714,300.2472455642019,480
1205000,2409.999999956835,300.04637685685776,480
1210000,2419.9999999565985,301.22603002269597,480
1215000,2429.999999956362,297.42051321800005,480
1220000,2439.9999999561255,302.49885443044377,480
1225000,2449.999999955889,300.2829088801013,480
1230000,2459.9999999556526,299.7098858434212,480
1235000,2469.999999955416,300.64575492921796,480
1240000,2479.9999999551796,298.00713386117616,480
1245000,2489.999999954943,302.57068959061564,480
1250000,2499.9999999547067,299.738827740825,480
1255000,2509.9999999544702,299.15415277142387,480
1260000,2519.9999999542338,300.6844694153555,480
1265000,2529.9999999539973,300.9500981055077,480
1270000,2539.999999953761,298.5567867026265,480
1275000,2549.9999999535244,298.68750060442267,480
1280000,2559.999999953288,301.6725400441396,480
1285000,2569.9999999530514,299.23034358766034,480
1290000,2579.999999952815,298.92841039366016,480
1295000,2589.9999999525785,300.86422314025464,480
1300000,2599.999999952342,301.8580865705053,480
1305000,2609.9999999521056,298.5394967379437,480
1310000,2619.999999951869,302.08221492343296,480
1315000,2629.9999999516326,302.91261964665057,480
1320000,2639.999999951396,301.5478621530319,480
1325000,2649.9999999511597,302.37145701803684,480
1330000,2659.999999950923,299.27863167316826,480
1335000,2669.9999999506867,301.78098924716915,480
1340000,2679.9999999504503,300.9076249313957,480
1345000,2689.999999950214,298.3629489527876,480
1350000,2699.9999999499773,301.1800855896898,480
1355000,2709.999999949741,300.92843037483107,480
1360000,2719.9999999495044,299.4815123840753,480
1365000,2729.999999949268,301.1117659082706,480
1370000,2739.9999999490315,300.1682467869492,480
1375000,2749.999999948795,301.12989605026536,480
1380000,2759.9999999485585,300.2835500680499,480
1385000,2769.999999948322,302.5358222321696,480
1390000,2779.9999999480856,298.52525794349907,480
1395000,2789.999999947849,299.2273808571392,480
1400000,2799.9999999476127,300.75376193366225,480
1405000,2809.999999947376,298.7212182465471,480
1410000,2819.9999999471397,301.12498764596916,480
1415000,2829.9999999469032,301.23889800152637,480
1420000,2839.999999946667,298.4543956202147,480
1425000,2849.9999999464303,300.7084365786754,480
1430000,2859.999999946194,300.3462759373659,480
1435000,2869.9999999459574,301.2192422744126,480
1440000,2879.999999945721,300.5230669317438,480
1445000,2889.9999999454844,300.06132316903876,480
1450000,2899.999999945248,301.1055751280773,480
1455000,2909.9999999450115,299.3796740498951,480
1460000,2919.999999944775,298.55554854658783,480
1465000,2929.9999999445386,300.6797378904935,480
1470000,2939.999999944302,301.90157680136343,480
1475000,2949.9999999440656,298.36995780036364,480
1480000,2959.999999943829,300.6535155143889,480
1485000,2969.9999999435927,300.8637367218108,480
1490000,2979.999999943356,299.85861933756587,480
1495000,2989.9999999431197,299.38303475914284,480
1500000,2999.9999999428833,302.0523886288587,480
1505000,3009.999999942647,301.1904772564429,480
1510000,3019.9999999424103,301.0727197731941,480
1515000,3029.999999942174,298.8688462442286,480
1520000,3039.9999999419374,300.3351325330179,480
1525000,3049.999999941701,300.05106416186123,480
1530000,3059.9999999414645,299.73312337907544,480
1535000,3069.999999941228,299.17982239929694,480
1540000,3079.9999999409915,298.44256680805967,480
1545000,3089.999999940755,300.2349524435323,480
1550000,3099.9999999405186,301.52853807485695,480
1555000,3109.999999940282,300.50396395286157,480
1560000,3119.9999999400457,302.39228457140155,480
1565000,3129.999999939809,300.8162667036856,480
1570000,3139.9999999395727,300.35481037006093,480
1575000,3149.9999999393362,299.6610007898232,480
1580000,3159.9999999391,300.14879004919874,480
1585000,3169.9999999388633,299.9077918202443,480
1590000,3179.999999938627,300.2558463266848,480
1595000,3189.9999999383904,299.7136445313957,480
1600000,3199.999999938154,299.6389793002784,480
1605000,3209.9999999379174,300.7450064016746,480
1610000,3219.999999937681,301.5863776498061,480
1615000,3229.9999999374445,299.0851255722683,480
1620000,3239.999999937208,300.3039133129001,480
1625000,3249.9999999369716,303.789189902167,480
1630000,3259.999999936735,304.22316359371916,480
1635000,3269.9999999364986,300.4213612571392,480
1640000,3279.999999936262,299.0817648630205,480
1645000,3289.9999999360257,298.8593831945046,480
1650000,3299.999999935789,301.49625757813465,480
1655000,3309.9999999355528,299.15839787784216,480
1660000,3319.9999999353163,300.6544883512764,480
1665000,3329.99999993508,297.8188014837235,480
1670000,3339.9999999348433,298.7777975555282,480
1675000,3349.999999934607,300.636048670272,480
1680000,3359.9999999343704,300.4438249452693,480
1685000,3369.999999934134,301.0326123615131,480
1690000,3379.9999999338975,302.8979165436914,480
1695000,3389.999999933661,298.0873486845383,480
1700000,3399.9999999334245,302.50820693052157,480
1705000,3409.999999933188,300.32000934140274,480
1710000,3419.9999999329516,300.7468415258033,480
1715000,3429.999999932715,303.2852161745717,480
1720000,3439.9999999324787,301.27093528902685,480
1725000,3449.999999932242,301.8560303470839,480
1730000,3459.9999999320057,298.5913003022043,480
1735000,3469.9999999317693,299.8676401887047,480
1740000,3479.999999931533,298.6669825900677,480
1745000,3489.9999999312963,303.5197583041818,480
1750000,3499.99999993106,302.96413578183075,480
1755000,3509.9999999308234,299.4159564438138,480
1760000,3519.999999930587,297.1769944571097,480
1765000,3529.9999999303504,300.5302747686832,480
1770000,3539.999999930114,300.03806352345526,480
1775000,3549.9999999298775,300.3660422141259,480
1780000,3559.999999929641,302.1245333280402,480
1785000,3569.9999999294046,300.55116865183567,480
1790000,3579.999999929168,301.0011057123149,480
1795000,3589.9999999289316,301.06511395752807,480
1800000,3599.999999928695,300.1465127264848,480
1805000,3609.9999999284587,299.59548906942024,480
1810000,3619.999999928222,300.6867688479988,480
1815000,3629.9999999279858,302.4227962737829,480
1820000,3639.9999999277493,300.41733725001353,480
1825000,3649.999999927513,299.6108996901158,480
1830000,3659.9999999272763,298.4204126589392,480
1835000,3669.99999992704,299.9716452959526,480
1840000,3679.9999999268034,300.28894489078976,480
1845000,3689.999999926567,301.300584704167,480
1850000,3699.9999999263305,298.5879174830272,480
1855000,3709.999999926094,299.0354887810754,480
1860000,3719.9999999258575,300.5184901763866,480
1865000,3729.999999925621,297.7769252777015,480
1870000,3739.9999999253846,298.931439453969,480
1875000,3749.999999925148,298.57511583398457,480
1880000,3759.9999999249117,300.083632087664,480
1885000,3769.999999924675,299.0461678769089,480
1890000,3779.9999999244387,300.15206231872946,480
1895000,3789.9999999242023,300.3307105471655,480
1900000,3799.999999923966,300.67330390107827,480
1905000,3809.9999999237293,299.90020811450745,480
1910000,3819.999999923493,300.1311905455063,480
1915000,3829.9999999232564,301.4221450952488,480
1920000,3839.99999992302,300.92394205919095,480
1925000,3849.9999999227834,299.47932350107834,480
1930000,3859.999999922547,300.62337968080493,480
1935000,3869.9999999223105,300.88827874329155,480
1940000,3879.999999922074,300.98998441789615,480
1945000,3889.9999999218376,301.26080894142495,480
1950000,3899.999999921601,300.74071707539775,480
1955000,3909.9999999213646,299.6961113574911,480
1960000,3919.999999921128,300.0485878497839,480
1965000,3929.9999999208917,300.1387079214553,480
1970000,3939.9999999206552,299.9209251182258,480
1975000,3949.9999999204188,304.55467987307173,480
1980000,3959.9999999201823,297.81597141277797,480
1985000,3969.999999919946,301.2896181792531,480
1990000,3979.9999999197094,297.4454753281367,480
1995000,3989.999999919473,299.86954164262124,480
2000000,3999.9999999192364,301.936576819385,480
2005000,4009.999999919,299.1424345089151,480
2010000,4019.9999999187635,300.2426688088447,480
2015000,4029.999999918527,300.2549619295143,480
2020000,4039.9999999182905,300.0742795875862,480
2025000,4049.999999918054,302.4529099974376,480
2030000,4059.9999999178176,297.62368135798744,480
2035000,4069.999999917581,299.6837519070337,480
2040000,4079.9999999173447,299.48376759685993,480
2045000,4089.999999917108,300.1391059001821,480
2050000,4099.999999917781,300.7056065077299,480
2055000,4109.999999919818,299.66831917640883,480
2060000,4119.999999921855,299.17332208009395,480
2065000,4129.999999923893,302.56007682456993,480
2070000,4139.99999992593,298.9629903230257,480
2075000,4149.999999927967,297.7519410576356,480
2080000,4159.999999930004,300.639674698671,480
2085000,4169.999999932042,304.5399988800419,480
2090000,4179.999999934079,299.56108601948876,480
2095000,4189.999999936116,299.58197990264125,480
2100000,4199.999999938153,299.6821157722683,480
2105000,4209.999999940191,300.717435319885,480
2110000,4219.999999942228,300.57679405985016,480
2115000,4229.999999944265,301.6013018520579,480
2120000,4239.9999999463025,299.8483382204591,480
2125000,4249.99999994834,299.1610068494951,480
2130000,4259.999999950377,302.1373128671536,480
2135000,4269.999999952414,299.6359502399695,480
2140000,4279.999999954452,300.1983162907453,480
2145000,4289.999999956489,300.78431785590215,480
2150000,4299.999999958526,300.42213510466337,480
2155000,4309.999999960563,301.44567005998346,480
2160000,4319.999999962601,303.3895750406878,480
2165000,4329.999999964638,300.6059128366881,480
2170000,4339.999999966675,295.99583781608163,480
2175000,4349.9999999687125,303.20829573066965,480
2180000,4359.99999997075,300.5495767369288,480
2185000,4369.999999972787,299.44430137312753,480
2190000,4379.999999974824,299.6218662150297,480
2195000,4389.999999976862,301.4562607160999,480
2200000,4399.999999978899,299.74431100328195,480
2205000,4409.999999980936,298.54077911384087,480
2210000,4419.999999982973,298.1760758306662,480
2215000,4429.999999985011,298.3585490768645,480
2220000,4439.999999987048,299.3045666201925,480
2225000,4449.999999989085,300.98797241433334,480
2230000,4459.999999991122,300.09791510196715,480
2235000,4469.99999999316,300.3414117529282,480
2240000,4479.999999995197,300.76269434508407,480
2245000,4489.999999997234,303.5805163897934,480
2250000,4499.9999999992715,300.7279375362844,480
2255000,4510.000000001309,301.07448856753507,480
2260000,4520.000000003346,297.55425618010514,480
2265000,4530.000000005383,301.9299659505357,480
2270000,4540.000000007421,300.0403629560985,480
2275000,4550.000000009458,298.4154379248553,480
2280000,4560.000000011495,297.1976009111818,480
2285000,4570.000000013532,297.7673074584726,480
2290000,4580.00000001557,298.5408233336994,480
2295000,4590.000000017607,301.9957872099482,480
2300000,4600.000000019644,297.7440478128891,480
2305000,4610.000000021681,301.5253542450433,480
2310000,4620.000000023719,299.6665282721387,480
2315000,4630.000000025756,301.6619493880232,480
2320000,4640.000000027793,301.0906288158962,480
2325000,4650.0000000298305,299.78468373411414,480
2330000,4660.000000031868,301.2214532673388,480
2335000,4670.000000033905,299.22079209821925,480
2340000,4680.000000035942,303.17159324809495,480
2345000,4690.00000003798,301.62975733101786,480
2350000,4700.000000040017,301.9052912694794,480
2355000,4710.000000042054,300.3284995542393,480
2360000,4720.000000044091,299.85609880563004,480
2365000,4730.000000046129,300.10611788572334,480
2370000,4740.000000048166,300.0232940907083,480
2375000,4750.000000050203,300.9579250204664,480
2380000,4760.0000000522405,301.0601392234441,480
2385000,4770.000000054278,298.62377978829,480
2390000,4780.000000056315,301.1093338160518,480
2395000,4790.000000058352,299.37091851790734,480
2400000,4800.0000000603895,301.8286140347992,480
2405000,4810.000000062427,300.966415233303,480
2410000,4820.000000064464,303.8615114807826,480
2415000,4830.000000066501,296.3354905494026,480
2420000,4840.000000068539,300.83556867193124,480
2425000,4850.000000070576,299.35988566320566,480
2430000,4860.000000072613,299.44458880220793,480
2435000,4870.00000007465,300.188322602719,480
2440000,4880.000000076688,301.8569368541837,480
2445000,4890.000000078725,301.25888537757913,480
2450000,4900.000000080762,301.1474513340993,480
2455000,4910.0000000827995,300.5292798218664,480
2460000,4920.000000084837,302.4893029410026,480
2465000,4930.000000086874,300.0140521402769,480
2470000,4940.000000088911,302.2327614317771,480
2475000,4950.000000090949,301.09631106771656,480
2480000,4960.000000092986,300.8543178919453,480
2485000,4970.000000095023,299.8812156852715,480
2490000,4980.00000009706,297.3042149900825,480
2495000,4990.000000099098,301.98588196163894,480
2500000,5000.000000101135,298.3560285449286,480
2505000,5010.000000103172,301.00236597828285,480
2510000,5020.000000105209,300.45921345603557,480
2515000,5030.000000107247,298.99266184809517,480
2520000,5040.000000109284,298.3058390055042,480
2525000,5050.000000111321,302.26970712357365,480
2530000,5060.0000001133585,299.5372294058152,480
2535000,5070.000000115396,297.99422166248723,480
2540000,5080.000000117433,299.9021758982118,480
2545000,5090.00000011947,298.5125005143149,480
2550000,5100.000000121508,301.94263494000273,480
2555000,5110.000000123545,300.66078968111606,480
2560000,5120.000000125582,299.129677079731,480
2565000,5130.000000127619,300.40097590235973,480
2570000,5140.000000129657,300.34273834868395,480
2575000,5150.000000131694,303.04143209453025,480
2580000,5160.000000133731,299.8644121390325,480
2585000,5170.0000001357685,300.6311844858344,480
2590000,5180.000000137806,298.41521682556265,480
2595000,5190.000000139843,297.9469948535839,480
2600000,5200.00000014188,298.0459810068893,480
2605000,5210.0000001439175,299.6334739278921,480
2610000,5220.000000145955,301.62104601888865,480
2615000,5230.000000147992,296.70364298154215,480
2620000,5240.000000150029,298.9717900748719,480
2625000,5250.000000152067,301.11096995081715,480
2630000,5260.000000154104,298.0365621770237,480
2635000,5270.000000156141,298.32695398794925,480
2640000,5280.000000158178,298.76419994903216,480
2645000,5290.000000160216,299.2754699532838,480
2650000,5300.000000162253,298.73892829988586,480
2655000,5310.00000016429,298.7261266508432,480
2660000,5320.0000001663275,303.5403647582538,480
2665000,5330.000000168365,300.0594659349808,480
2670000,5340.000000170402,300.35611485588737,480
2675000,5350.000000172439,301.7151016579687,480
2680000,5360.000000174477,298.0480372303106,480
2685000,5370.000000176514,298.9231482304958,480
2690000,5380.000000178551,298.2026740755682,480
2695000,5390.000000180588,300.99055927605696,480
2700000,5400.000000182626,299.9120590365918,480
2705000,5410.000000184663,299.60391295246905,480
2710000,5420.0000001867,300.61721101054087,480
2715000,5430.000000188737,300.67421040817806,480
2720000,5440.000000190775,301.18797883443625,480
2725000,5450.000000192812,301.5819556639537,480
2730000,5460.000000194849,300.0633130626723,480
2735000,5470.0000001968865,302.73253427281253,480
2740000,5480.000000198924,299.40266837632737,480
2745000,5490.000000200961,301.02120363801396,480
2750000,5500.000000202998,300.5205906196665,480
2755000,5510.000000205036,300.962789204904,480
2760000,5520.000000207073,299.6147247078781,480
2765000,5530.00000020911,299.608135948958,480
2770000,5540.000000211147,297.61936992178136,480
2775000,5550.000000213185,299.7330349393584,480
2780000,5560.000000215222,296.21733508742716,480
2785000,5570.000000217259,300.4007548030671,480
2790000,5580.000000219296,302.33404701772577,480
2795000,5590.000000221334,301.7142614806568,480
2800000,5600.000000223371,298.5302990073708,480
2805000,5610.000000225408,300.6492704079706,480
2810000,5620.0000002274455,298.8295568999303,480
2815000,5630.000000229483,299.4268566389399,480
2820000,5640.00000023152,300.33477877414964,480
2825000,5650.000000233557,299.55549220738556,480
2830000,5660.000000235595,298.66682782056284,480
2835000,5670.000000237632,300.3725646432582,480
2840000,5680.000000239669,298.68661620725226,480
2845000,5690.000000241706,300.6297694503616,480
2850000,5700.000000243744,298.8759214215924,480
2855000,5710.000000245781,302.6400705486394,480
2860000,5720.000000247818,299.7868283972526,480
2865000,5730.0000002498555,302.4223319652684,480
2870000,5740.000000251893,301.84895516972017,480
2875000,5750.00000025393,298.8883029819791,480
2880000,5760.000000255967,299.3738370285699,480
2885000,5770.000000258005,302.41616329500437,480
2890000,5780.000000260042,300.250208294723,480
2895000,5790.000000262079,300.2678299083447,480
2900000,5800.000000264116,301.9740310395546,480
2905000,5810.000000266154,300.3007958128742,480
2910000,5820.000000268191,300.480615867561,480
2915000,5830.000000270228,300.30599164625073,480
2920000,5840.000000272265,298.4003368431694,480
2925000,5850.000000274303,299.98252338114946,480
2930000,5860.00000027634,299.0167174511321,480
2935000,5870.000000278377,300.719801082316,480
2940000,5880.0000002804145,300.88211007302743,480
2945000,5890.000000282452,306.1509283260623,480
2950000,5900.000000284489,301.14873370999646,480
2955000,5910.000000286526,299.7042699213887,480
2960000,5920.000000288564,301.1300508197702,480
2965000,5930.000000290601,301.2464595973339,480
2970000,5940.000000292638,299.3853341917861,480
2975000,5950.000000294675,303.34385170697425,480
2980000,5960.000000296713,299.0845507141075,480
2985000,5970.00000029875,299.2786758930268,480
2990000,5980.000000300787,299.9959662181406,480
2995000,5990.000000302824,301.02429902811065,480
3000000,6000.000000304862,300.9010140625464,480
3005000,6010.000000306899,302.05287504730245,480
3010000,6020.000000308936,300.7454043804013,480
3015000,6030.0000003109735,300.3642291999265,480
3020000,6040.000000313011,300.58132659534886,480
3025000,6050.000000315048,300.37988302984394,480
3030000,6060.000000317085,300.17346473025503,480
3035000,6070.000000319123,298.1849861321587,480
3040000,6080.00000032116,301.8906987161666,480
3045000,6090.000000323197,298.146337975809,480
3050000,6100.000000325234,300.9487272898935,480
3055000,6110.000000327272,300.1141216801161,480
3060000,6120.000000329309,299.6730728112002,480
3065000,6130.000000331346,298.65017904382864,480
3070000,6140.0000003333835,301.41814319805246,480
3075000,6150.000000335421,301.344318144247,480
3080000,6160.000000337458,299.05399479186764,480
3085000,6170.000000339495,300.73134246539075,480
3090000,6180.0000003415325,301.3505973641574,480
3095000,6190.00000034357,301.5561533765051,480
3100000,6200.000000345607,301.26348424286556,480
3105000,6210.000000347644,299.0512752705684,480
3110000,6220.000000349682,298.8234324495248,480
3115000,6230.000000351719,303.59743048567873,480
3120000,6240.000000353756,300.26420387994574,480
3125000,6250.000000355793,298.9707066883381,480
3130000,6260.000000357831,300.5211212579688,480
3135000,6270.000000359868,300.68113081603695,480
3140000,6280.000000361905,303.2129167058854,480
3145000,6290.0000003639425,299.7532876345623,480
3150000,6300.00000036598,300.7261687419434,480
3155000,6310.000000368017,301.33531940303743,480
3160000,6320.000000370054,296.91074668893816,480
3165000,6330.000000372092,298.5004506028672,480
3170000,6340.000000374129,299.89092194421744,480
3175000,6350.000000376166,298.60211205761334,480
3180000,6360.000000378203,300.1644659890454,480
3185000,6370.000000380241,302.1488100303697,480
3190000,6380.000000382278,298.44323010593746,480
3195000,6390.000000384315,299.94425109359713,480
3200000,6400.000000386352,300.6168351417434,480
3205000,6410.00000038839,298.7553338673982,480
3210000,6420.000000390427,300.7452938307549,480
3215000,6430.000000392464,300.0329340198665,480
3220000,6440.0000003945015,301.87329820183743,480
3225000,6450.000000396539,300.17598526219086,480
3230000,6460.000000398576,299.2984642797162,480
3235000,6470.000000400613,299.33744408500485,480
3240000,6480.000000402651,300.9093273959488,480
3245000,6490.000000404688,300.1713863969044,480
3250000,6500.000000406725,301.44204403158454,480
3255000,6510.000000408762,301.7124705763866,480
3260000,6520.0000004108,300.1706346593095,480
3265000,6530.000000412837,298.6978038314587,480
3270000,6540.000000414874,302.53944826056863,480
3275000,6550.0000004169115,299.5070493523727,480
3280000,6560.000000418949,298.6899326966415,480
3285000,6570.000000420986,302.4445966640351,480
3290000,6580.000000423023,300.61294379419337,480
3295000,6590.0000004250605,299.1916291015228,480
3300000,6600.000000427098,301.2664248634575,480
3305000,6610.000000429135,296.89288186609457,480
3310000,6620.000000431172,298.56145189770075,480
3315000,6630.00000043321,301.8753544252588,480
3320000,6640.000000435247,299.710969229955,480
3325000,6650.000000437284,299.2952583399732,480
3330000,6660.000000439321,300.4617339879714,480
3335000,6670.000000441359,297.71749378784557,480
3340000,6680.000000443396,300.93090668690843,480
3345000,6690.000000445433,300.17198336499445,480
3350000,6700.0000004474705,300.38644967883465,480
3355000,6710.000000449508,301.9838699580761,480
3360000,6720.000000451545,299.66661671185574,480
3365000,6730.000000453582,301.1449750220219,480
3370000,6740.00000045562,300.0448733816679,480
3375000,6750.000000457657,298.99456330201167,480
3380000,6760.000000459694,299.99373311528524,480
3385000,6770.000000461731,298.8770490279848,480
3390000,6780.000000463769,299.15145536005394,480
3395000,6790.000000465806,299.5702174202739,480
3400000,6800.000000467843,299.1277535158852,480
3405000,6810.00000046988,300.30661072427006,480
3410000,6820.000000471918,301.5688665858307,480
3415000,6830.000000473955,300.2797692701461,480
3420000,6840.000000475992,300.037201236214,480
3425000,6850.0000004780295,300.9312162259181,480
3430000,6860.000000480067,300.55245102773284,480
3435000,6870.000000482104,301.9191320851973,480
3440000,6880.000000484141,299.7968884150667,480
3445000,6890.000000486179,299.6763893005895,480
3450000,6900.000000488216,299.6921536801532,480
3455000,6910.000000490253,298.6467077849345,480
3460000,6920.00000049229,302.0379729549799,480
3465000,6930.000000494328,299.6249173852678,480
3470000,6940.000000496365,298.8342220950045,480
3475000,6950.000000498402,300.3142165399361,480
3480000,6960.0000005004395,300.34207505080605,480
3485000,6970.000000502477,299.12211548392344,480
3490000,6980.000000504514,298.57126870629304,480
3495000,6990.000000506551,303.015828796445,480
3500000,7000.0000005085885,299.424247667287,480
3505000,7010.000000510626,298.91731120917063,480
3510000,7020.000000512663,300.85869565793917,480
3515000,7030.0000005147,300.4087143776014,480
3520000,7040.000000516738,300.35958611478145,480
3525000,7050.000000518775,299.6125800447397,480
3530000,7060.000000520812,299.1381451826383,480
3535000,7070.000000522849,299.80730219174905,480
3540000,7080.000000524887,300.88774810498927,480
3545000,7090.000000526924,301.452723127418,480
3550000,7100.000000528961,300.41503781737026,480
3555000,7110.0000005309985,300.41640863298454,480
3560000,7120.000000533036,299.66374242105167,480
3565000,7130.000000535073,300.08327832879576,480
3570000,7140.00000053711,300.79464319286745,480
3575000,7150.000000539148,297.1902825245961,480
3580000,7160.000000541185,296.7727365104855,480
3585000,7170.000000543222,298.9720332840938,480
3590000,7180.000000545259,299.1228230016598,480
3595000,7190.000000547297,301.91064187236077,480
3600000,7200.000000549334,301.8118989282772,480
3605000,7210.000000551371,300.2125993050485,480
3610000,7220.000000553408,302.4744892883972,480
3615000,7230.000000555446,298.61502425630226,480
3620000,7240.000000557483,298.90415580125983,480
3625000,7250.00000055952,299.380514227207,480
3630000,7260.0000005615575,300.53527161269636,480
3635000,7270.000000563595,300.246073737951,480
3640000,7280.000000565632,300.2661053338623,480
3645000,7290.000000567669,300.3003757242182,480
3650000,7300.000000569707,302.95604354772087,480
3655000,7310.000000571744,298.89064663448085,480
3660000,7320.000000573781,297.94058297409794,480
3665000,7330.000000575818,299.92260547284974,480
3670000,7340.000000577856,299.5185022957304,480
3675000,7350.000000579893,301.17022456123897,480
3680000,7360.00000058193,298.92221961346684,480
3685000,7370.000000583967,298.45647395356536,480
3690000,7380.000000586005,298.8455865986451,480
3695000,7390.000000588042,300.64977893634364,480
3700000,7400.000000590079,300.7595768450581,480
3705000,7410.0000005921165,300.20662962414787,480
3710000,7420.000000594154,299.33043523742884,480
3715000,7430.000000596191,299.8561430254885,480
3720000,7440.000000598228,298.1063411137742,480
3725000,7450.000000600266,299.1092253951638,480
3730000,7460.000000602303,300.29445026317603,480
3735000,7470.00000060434,302.2817349250921,480
3740000,7480.000000606377,299.63555226124276,480
3745000,7490.000000608415,299.0728766714572,480
3750000,7500.000000610452,300.60668668421226,480
3755000,7510.000000612489,300.3645829587947,480
3760000,7520.0000006145265,300.0495827966007,480
3765000,7530.000000616564,301.91559449651544,480
3770000,7540.000000618601,302.95339035620947,480
3775000,7550.000000620638,300.2214874966118,480
3780000,7560.0000006226755,300.8169078916342,480
3785000,7570.000000624713,300.5759538825382,480
3790000,7580.00000062675,301.00369257403855,480
3795000,7590.000000628787,300.60624448562703,480
3800000,7600.000000630825,299.83182210330045,480
3805000,7610.000000632862,300.87043603037716,480
3810000,7620.000000634899,301.267994668435,480
3815000,7630.000000636936,300.9878397547577,480
3820000,7640.000000638974,298.00854889664896,480
3825000,7650.000000641011,299.49493311113724,480
3830000,7660.000000643048,298.6775511362548,480
3835000,7670.0000006450855,299.88103880583736,480
3840000,7680.000000647123,301.98221171338145,480
3845000,7690.00000064916,300.1676498188591,480
3850000,7700.000000651197,300.410704271235,480
3855000,7710.000000653235,297.47357704822855,480
3860000,7720.000000655272,300.07879001315564,480
3865000,7730.000000657309,301.66049013269185,480
3870000,7740.000000659346,301.2541317427878,480
3875000,7750.000000661384,301.37597956295,480
3880000,7760.000000663421,297.56130924753967,480
3885000,7770.000000665458,298.9952929296773,480
3890000,7780.000000667495,300.85173103022163,480
3895000,7790.000000669533,299.48177770322644,480
3900000,7800.00000067157,300.1571918223183,480
3905000,7810.000000673607,299.49475623170315,480
3910000,7820.0000006756445,300.2313927449211,480
3915000,7830.000000677682,301.4446087833789,480
3920000,7840.000000679719,300.1132593928749,480
3925000,7850.000000681756,299.59672722545895,480
3930000,7860.000000683794,299.72626930100427,480
3935000,7870.000000685831,299.3126588543023,480
3940000,7880.000000687868,301.23202181352593,480
3945000,7890.000000689905,300.5013328712794,480
3950000,7900.000000691943,299.9719106151037,480
3955000,7910.00000069398,297.5914893009821,480
3960000,7920.000000696017,301.7152785374028,480
3965000,7930.0000006980545,300.13534721220753,480
3970000,7940.000000700092,303.3441170261254,480
3975000,7950.000000702129,298.5375510641686,480
3980000,7960.000000704166,300.2324540215257,480
3985000,7970.0000007062035,299.4634264619391,480
3990000,7980.000000708241,301.7242772786124,480
3995000,7990.000000710278,300.04463017244603,480
4000000,8000.000000712315,299.4822420117409,480
4005000,8010.000000714353,300.43765627500517,480
4010000,8020.00000071639,299.558322278331,480
4015000,8030.000000718427,302.0814410759088,480
4020000,8040.000000720464,299.5745730763385,480
4025000,8050.000000722502,299.7578422799902,480
4030000,8060.000000724539,298.1490574971082,480
4035000,8070.000000726576,300.0125928849456,480
4040000,8080.0000007286135,301.1162321139815,480
4045000,8090.000000730651,298.9451033902528,480
4050000,8100.000000732688,299.6810102758052,480
4055000,8110.000000734725,298.8325417403806,480
4060000,8120.000000736763,300.56007895332823,480
4065000,8130.0000007388,304.70339125728714,480
4070000,8140.000000740837,303.66683355363176,480
4075000,8150.000000742874,299.4265028800717,480
4080000,8160.000000744912,301.37527204521365,480
4085000,8170.000000746949,298.0582520176296,480
4090000,8180.000000748986,301.93390151794426,480
4095000,8190.000000751023,300.80675943410296,480
4100000,8200.00000075306,299.0004445431953,480
4105000,8210.000000755097,300.04129157312747,480
4110000,8220.000000757134,299.66736844945063,480
4115000,8230.000000759172,302.1665421936378,480
4120000,8240.000000761209,301.40560686816093,480
4125000,8250.000000763246,299.3706753086855,480
4130000,8260.000000765283,299.59312330698924,480
4135000,8270.00000076732,302.80543070958896,480
4140000,8280.000000769358,300.5335912580725,480
4145000,8290.000000771395,298.83660996736484,480
4150000,8300.000000773432,301.01302296418703,480
4155000,8310.00000077547,302.2258631338474,480
4160000,8320.000000777507,298.758362927707,480
4165000,8330.000000779544,300.2514022309031,480
4170000,8340.000000781582,300.078568913863,480
4175000,8350.000000783619,298.2417202106447,480
4180000,8360.000000785656,301.099981315974,480
4185000,8370.000000787693,302.35858903920644,480
4190000,8380.00000078973,298.0307030457693,480
4195000,8390.000000791768,299.2620050063633,480
4200000,8400.000000793805,298.84722273341055,480
4205000,8410.000000795842,299.4372925255515,480
4210000,8420.00000079788,300.3042228519098,480
4215000,8430.000000799917,300.78993377793466,480
4220000,8440.000000801954,300.31448185908727,480
4225000,8450.000000803991,300.75110874215085,480
4230000,8460.000000806029,298.5823457808532,480
4235000,8470.000000808066,299.39612383726586,480
4240000,8480.000000810103,299.93182531335196,480
4245000,8490.00000081214,300.4132248031708,480
4250000,8500.000000814178,298.54106654292127,480
4255000,8510.000000816215,299.41916238355674,480
4260000,8520.000000818252,301.34913810882614,480
4265000,8530.00000082029,299.497365203356,480
4270000,8540.000000822327,298.1481730999377,480
4275000,8550.000000824364,301.5324294224071,480
4280000,8560.000000826401,301.57395186956086,480
4285000,8570.000000828439,300.5500410454433,480
4290000,8580.000000830476,300.1900913970599,480
4295000,8590.000000832513,299.9712915370844,480
4300000,8600.00000083455,302.3631879044929,480
4305000,8610.000000836588,299.71866348533814,480
4310000,8620.000000838625,297.2391233583356,480
4315000,8630.000000840662,301.0893464399991,480
4320000,8640.0000008427,299.065425625296,480
4325000,8650.000000844737,302.14768242397736,480
4330000,8660.000000846774,299.6429811974748,480
4335000,8670.000000848811,299.5298446894417,480
4340000,8680.000000850849,299.32375803879177,480
4345000,8690.000000852886,299.4211080573318,480
4350000,8700.000000854923,301.0226850032745,480
4355000,8710.00000085696,301.06290296460185,480
4360000,8720.000000858998,301.9543753124408,480
4365000,8730.000000861035,299.3431484467544,480
4370000,8740.000000863072,301.13675012833653,480
4375000,8750.00000086511,301.33779571511474,480
4380000,8760.000000867147,299.13998030676703,480
4385000,8770.000000869184,300.7087018978266,480
4390000,8780.000000871221,296.47871867116106,480
4395000,8790.000000873259,300.54849335039495,480
4400000,8800.000000875296,297.90237701633345,480
4405000,8810.000000877333,299.2845350242812,480
4410000,8820.00000087937,301.18813360394114,480
4415000,8830.000000881408,298.3661548925305,480
4420000,8840.000000883445,297.5774716058301,480
4425000,8850.000000885482,300.7576753911416,480
4430000,8860.00000088752,300.83747012584774,480
4435000,8870.000000889557,298.6859086895158,480
4440000,8880.000000891594,300.4190176046374,480
4445000,8890.000000893631,298.5962750362882,480
4450000,8900.000000895669,300.69954838711215,480
4455000,8910.000000897706,300.62479471627773,480
4460000,8920.000000899743,302.54050953717314,480
4465000,8930.00000090178,299.2112406087781,480
4470000,8940.000000903818,300.0950187012338,480
4475000,8950.000000905855,299.3026872762052,480
4480000,8960.000000907892,302.03640315000234,480
4485000,8970.00000090993,300.3620182070003,480
4490000,8980.000000911967,300.4260264522134,480
4495000,8990.000000914004,295.93260341839266,480
4500000,9000.000000916041,299.37463298602336,480
4505000,9010.000000918079,300.68493372387,480
4510000,9020.000000920116,300.7624511358622,480
4515000,9030.000000922153,301.05319670565586,480
4520000,9040.00000092419,299.54439302289603,480
4525000,9050.000000926228,302.7652790780494,480
4530000,9060.000000928265,299.2245065663352,480
4535000,9070.000000930302,300.10943437511264,480
4540000,9080.00000093234,302.04495969262666,480
4545000,9090.000000934377,298.9434451455582,480
4550000,9100.000000936414,301.5347951848381,480
4555000,9110.000000938451,299.13867582094053,480
4560000,9120.000000940488,300.6754043443582,480
4565000,9130.000000942526,299.4293329510173,480
4570000,9140.000000944563,299.80259277681625,480
4575000,9150.0000009466,300.28553996168347,480
4580000,9160.000000948638,298.62581390178207,480
4585000,9170.000000950675,300.47601700227455,480
4590000,9180.000000952712,298.1117580464434,480
4595000,9190.00000095475,302.4456800505689,480
4600000,9200.000000956787,302.356952904441,480
4605000,9210.000000958824,301.19147220325965,480
4610000,9220.000000960861,301.33485509452294,480
4615000,9230.000000962898,302.9981408530355,480
4620000,9240.000000964936,299.24559943885106,480
4625000,9250.000000966973,303.35793573191404,480
4630000,9260.00000096901,300.7858434410212,480
4635000,9270.000000971047,298.94229542923654,479
4640000,9280.000000973085,300.3095955647204,480
4645000,9290.000000975122,301.02328197136455,480
4650000,9300.00000097716,299.7730981311809,479
4655000,9310.000000979197,300.34079267490887,479
4660000,9320.000000981234,300.48386602716255,479
4665000,9330.000000983271,300.06463965842806,479
4670000,9340.000000985308,300.1605525315661,479
4675000,9350.000000987346,302.7134534038596,479
4680000,9360.000000989383,298.0179677265145,479
4685000,9370.00000099142,299.84093139415637,479
4690000,9380.000000993457,302.89563922097744,479
4695000,9390.000000995495,300.8633387430841,479
4700000,9400.000000997532,299.20898539599335,479
4705000,9410.00000099957,300.42830377492743,479
4710000,9420.000001001607,299.51474360775586,479
4715000,9430.000001003644,300.15957969467854,479
4720000,9440.000001005681,300.3980573916972,479
4725000,9450.000001007718,297.91157474690635,479
4730000,9460.000001009756,300.6895325891565,479
4735000,9470.000001011793,300.380988526307,479
4740000,9480.00000101383,304.57723200091885,479
4745000,9490.000001015867,300.23860058186045,479
4750000,9500.000001017905,301.70081864366557,479
4755000,9510.000001019942,300.1372486661241,479
4760000,9520.00000102198,300.0837868571688,479
4765000,9530.000001024016,300.3826688809309,479
4770000,9540.000001026054,300.0119738069262,479
4775000,9550.000001028091,299.0604287812828,479
4780000,9560.000001030128,300.2251135250107,479
4785000,9570.000001032166,302.6126321264254,479
4790000,9580.000001034203,298.6919668101336,479
4795000,9590.00000103624,298.6485429090633,479
4800000,9600.000001038277,297.9379961123743,479
4805000,9610.000001040315,301.80183891046306,479
4810000,9620.000001042352,298.1013663796903,479
4815000,9630.00000104439,300.13017348876025,479
4820000,9640.000001046426,299.8687899050263,479
4825000,9650.000001048464,300.62738157800135,479
4830000,9660.000001050501,301.6939645655944,479
4835000,9670.000001052538,301.9456640003116,479
4840000,9680.000001054575,300.29754565327266,479
4845000,9690.000001056613,300.11138004888767,479
4850000,9700.00000105865,297.9516379387289,479
4855000,9710.000001060687,302.12639056209815,479
4860000,9720.000001062725,298.6458897175518,479
4865000,9730.000001064762,301.8429191590317,479
4870000,9740.000001066799,300.26212554659514,479
4875000,9750.000001068836,301.3404489066262,479
4880000,9760.000001070874,302.077240189349,479
4885000,9770.00000107291,299.8677949582095,479
4890000,9780.000001074948,299.57999000900764,479
4895000,9790.000001076985,299.2728609816309,479
4900000,9800.000001079023,301.93567031228525,479
4905000,9810.00000108106,301.6412102743755,479
4910000,9820.000001083097,299.1890864596577,479
4915000,9830.000001085134,300.5526942369547,479
4920000,9840.000001087172,302.0826571220182,479
4925000,9850.000001089209,298.5099799823791,479
4930000,9860.000001091246,302.03198116414995,479
4935000,9870.000001093284,300.73408409661914,479
4940000,9880.00000109532,299.21656910173016,479
4945000,9890.000001097358,301.42559424421364,479
4950000,9900.000001099395,298.89276918768996,479
4955000,9910.000001101433,298.68891563989547,479
4960000,9920.00000110347,302.2323855629796,479
4965000,9930.000001105507,301.72894247368663,479
4970000,9940.000001107544,298.40608542477753,479
4975000,9950.000001109582,299.80133251084834,479
4980000,9960.000001111619,300.9462067579576,479
4985000,9970.000001113656,300.452248828318,479
4990000,9980.000001115694,298.6878764732202,479
4995000,9990.00000111773,301.1253414048374,479
5000000,10000.000001119768,299.6689161444989,479
5005000,10010.000001121805,299.7072326519098,479
5010000,10020.000001123843,303.67441725936857,479
5015000,10030.00000112588,299.8186445854604,479
5020000,10040.000001127917,303.22350736200184,479
5025000,10050.000001129954,302.65899664808757,479
5030000,10060.000001131992,300.408515388238,479
5035000,10070.000001134029,299.389800397497,479
5040000,10080.000001136066,302.24857003119934,479
5045000,10090.000001138103,300.48530317256456,479
5050000,10100.00000114014,301.6885476329252,479
5055000,10110.000001142178,300.79055285595405,479
5060000,10120.000001144215,302.6001179064632,479
5065000,10130.000001146253,300.2901609368992,479
5070000,10140.00000114829,299.4995098664944,479
5075000,10150.000001150327,298.62800278477897,479
5080000,10160.000001152364,298.601072890938,479
5085000,10170.000001154402,299.7626622445693,479
5090000,10180.000001156439,300.13342364836177,479
5095000,10190.000001158476,298.4485143790311,479
5100000,10200.000001160513,301.13250502191823,479
5105000,10210.00000116255,297.1552825065745,479
5110000,10220.000001164588,299.911904267087,479
5115000,10230.000001166625,301.37487406648694,479
5120000,10240.000001168662,300.3470940047485,479
5125000,10250.0000011707,301.1510331426397,479
5130000,10260.000001172737,300.0169264310809,479
5135000,10270.000001174774,299.5270588383547,479
5140000,10280.000001176812,299.3743234470137,479
5145000,10290.000001178849,300.1811810955674,479
5150000,10300.000001180886,298.41625599223795,479
5155000,10310.000001182923,299.3848919932008,479
5160000,10320.00000118496,299.25033096371305,479
5165000,10330.000001186998,298.4045377297292,479
5170000,10340.000001189035,299.6181296369844,479
5175000,10350.000001191072,301.6059670471321,479
5180000,10360.00000119311,299.0653592955082,479
5185000,10370.000001195147,302.88051602936235,479
5190000,10380.000001197184,300.31759935911316,479
5195000,10390.000001199222,299.21455709816735,479
5200000,10400.000001201259,299.79540704980616,479
5205000,10410.000001203296,298.8857382301847,479
5210000,10420.000001205333,302.21872162669575,479
5215000,10430.00000120737,298.812311155106,479
5220000,10440.000001209408,299.215795254206,479
5225000,10450.000001211445,297.80938265385794,479
5230000,10460.000001213482,301.7531749561577,479
5235000,10470.00000121552,300.58535060247453,479
5240000,10480.000001217557,300.10357524385824,479
5245000,10490.000001219594,301.29905911904797,479
5250000,10500.000001221631,300.6967183161666,479
5255000,10510.000001223669,299.5139034304439,479
5260000,10520.000001225706,301.57636185185044,479
5265000,10530.000001227743,300.0038373529579,479
5270000,10540.00000122978,298.88405787556076,479
5275000,10550.000001231818,300.26345214235084,479
5280000,10560.000001233855,299.44702089442677,479
5285000,10570.000001235892,298.25363746251685,479
5290000,10580.00000123793,301.3996592971895,479
5295000,10590.000001239967,300.874305267998,479
5300000,10600.000001242004,299.6309091760978,479
5305000,10610.000001244041,300.6869015075743,479
5310000,10620.000001246079,302.53728148750093,479
5315000,10630.000001248116,300.1069138431767,479
5320000,10640.000001250153,302.45896811805534,479
5325000,10650.00000125219,300.2630099437656,479
5330000,10660.000001254228,305.3870744899229,479
5335000,10670.000001256265,299.5731359309365,479
5340000,10680.000001258302,300.5398483680536,479
5345000,10690.00000126034,299.7607607906528,479
5350000,10700.000001262377,298.76966110155985,479
5355000,10710.000001264414,298.6676458879455,479
5360000,10720.000001266451,298.6723553028783,479
5365000,10730.000001268489,302.3212011488246,479
5370000,10740.000001270526,300.2026056170222,479
5375000,10750.000001272563,299.6778927757793,479
5380000,10760.0000012746,299.9281550650945,479
5385000,10770.000001276638,299.851035631829,479
5390000,10780.000001278675,299.95572614688405,479
5395000,10790.000001280712,301.06257131566286,479
5400000,10800.00000128275,300.88816819364524,479
5405000,10810.000001284787,301.4236485704386,479
5410000,10820.000001286824,301.6115387493061,479
5415000,10830.000001288861,299.3166607514987,479
5420000,10840.000001290899,297.83589245904295,479
5425000,10850.000001292936,301.0048644002894,479
5430000,10860.000001294973,302.5636807430396,479
5435000,10870.00000129701,301.7233265516541,479
5440000,10880.000001299048,301.2245707673647,479
5445000,10890.000001301085,300.1878361842752,479
5450000,10900.000001303122,301.24515511150753,479
5455000,10910.00000130516,299.7036729532986,479
5460000,10920.000001307197,303.30772408256036,479
5465000,10930.000001309234,299.4849836429694,479
5470000,10940.000001311271,300.8758750729756,479
5475000,10950.000001313309,299.27095952771435,479
5480000,10960.000001315346,301.45026892526994,479
5485000,10970.000001317383,300.82336399097863,479
5490000,10980.00000131942,300.9302433890306,479
5495000,10990.000001321458,303.0934346481542,479
5500000,11000.000001323495,300.1245133468692,479
5505000,11010.000001325532,299.1628640835531,479
5510000,11020.00000132757,301.9191763050559,479
5515000,11030.000001329607,302.0591321572835,479
5520000,11040.000001331644,297.6792436102225,479
5525000,11050.000001333681,300.9663710134445,479
5530000,11060.000001335718,297.39698825326536,479
5535000,11070.000001337756,300.071139977631,479
5540000,11080.000001339793,299.8554355077522,479
5545000,11090.00000134183,300.04770345261346,479
5550000,11100.000001343868,300.882574381542,479
5555000,11110.000001345905,300.7358086711016,479
5560000,11120.000001347942,301.4791002730274,479
5565000,11130.00000134998,303.55942351727754,479
5570000,11140.000001352017,299.45674926330196,479
5575000,11150.000001354054,301.06553404618404,479
5580000,11160.000001356091,299.4071124721091,479
5585000,11170.000001358128,302.0741226893231,479
5590000,11180.000001360166,300.6580922697461,479
5595000,11190.000001362203,301.3213901476025,479
5600000,11200.00000136424,302.6089618781679,479
5605000,11210.000001366278,302.41090113184003,479
5610000,11220.000001368315,300.88717324682847,479
5615000,11230.000001370352,299.9233793203739,479
5620000,11240.00000137239,297.2169692092152,479
5625000,11250.000001374427,300.849144168498,479
5630000,11260.000001376464,303.49590169050816,479
5635000,11270.000001378501,301.4612575601131,479
5640000,11280.000001380538,301.25601108677506,479
5645000,11290.000001382576,302.74966946799054,479
5650000,11300.000001384613,300.0675581690906,479
5655000,11310.00000138665,300.6224731737052,479
5660000,11320.000001388687,301.29658280697066,479
5665000,11330.000001390725,299.85698320280045,479
5670000,11340.000001392762,299.49968674592856,479
5675000,11350.0000013948,298.5771720574059,479
5680000,11360.000001396837,299.20420965127283,479
5685000,11370.000001398874,301.72726211906274,479
5690000,11380.000001400911,300.1680699075151,479
5695000,11390.000001402948,300.50705934295826,479
5700000,11400.000001404986,299.3967871351437,479
5705000,11410.000001407023,300.28363850776697,479
5710000,11420.00000140906,298.0246007052931,479
5715000,11430.000001411097,300.4837996973747,479
5720000,11440.000001413135,301.48179768439735,479
5725000,11450.000001415172,300.10319937506074,479
5730000,11460.00000141721,298.1980531003525,479
5735000,11470.000001419246,300.27654122047386,479
5740000,11480.000001421284,297.03164378214217,479
5745000,11490.000001423321,300.28175916377967,479
5750000,11500.000001425358,301.4932285178258,479
5755000,11510.000001427396,298.6589124658871,479
5760000,11520.000001429433,300.83351244850985,479
5765000,11530.00000143147,300.43951350906315,479
5770000,11540.000001433507,300.60487367001275,479
5775000,11550.000001435545,300.66527799675623,479
5780000,11560.000001437582,297.66288226256876,479
5785000,11570.00000143962,296.77468218426054,479
5790000,11580.000001441656,298.78849876129095,479
5795000,11590.000001443694,297.21995404966555,479
5800000,11600.000001445731,300.46584643481407,479
5805000,11610.000001447768,300.65340496474255,479
5810000,11620.000001449805,297.80208637720153,479
5815000,11630.000001451843,301.16516138743805,479
5820000,11640.00000145388,300.9894979994524,479
5825000,11650.000001455917,298.4557885457582,479
5830000,11660.000001457955,301.6107870117112,479
5835000,11670.000001459992,300.8902244170666,479
5840000,11680.00000146203,302.6299220911082,479
5845000,11690.000001464066,300.7445199832308,479
5850000,11700.000001466104,300.7527006570577,479
5855000,11710.00000146814,301.67402140940015,479
5860000,11720.000001470178,299.4287138729979,479
5865000,11730.000001472215,301.7078053813123,479
5870000,11740.000001474253,299.5803879877344,479
5875000,11750.00000147629,301.85943527619025,479
5880000,11760.000001478327,299.94969013619556,479
5885000,11770.000001480365,298.00638212358126,479
5890000,11780.000001482402,301.2043180721608,479
5895000,11790.000001484439,301.0209604287921,479
5900000,11800.000001486476,302.37207609605616,479
5905000,11810.000001488514,300.7491409584465,479
5910000,11820.00000149055,300.55105810218936,479
5915000,11830.000001492588,302.0177423697053,479
5920000,11840.000001494625,299.38502465277645,479
5925000,11850.000001496663,301.45088800328926,479
5930000,11860.0000014987,302.5403547676683,479
5935000,11870.000001500737,299.34398862406636,479
5940000,11880.000001502774,298.14567467793114,479
5945000,11890.000001504812,300.15332258469743,479
5950000,11900.000001506849,298.69296175695035,479
5955000,11910.000001508886,299.96651579236385,479
5960000,11920.000001510924,299.9680413774829,479
5965000,11930.00000151296,299.56411507979766,479
5970000,11940.000001514998,299.05848310750775,479
5975000,11950.000001517035,300.90229643844356,479
5980000,11960.000001519073,302.986953228829,479
5985000,11970.00000152111,299.95585880645956,479
5990000,11980.000001523147,301.37014254162494,479
5995000,11990.000001525184,299.59699254461003,479
6000000,12000.000001527222,302.3581247306919,479
6005000,12010.000001529259,300.2585879579132,479
6010000,12020.000001531296,299.3085464074596,479
6015000,12030.000001533333,301.05923271634435,479
6020000,12040.00000153537,302.14502923246596,479
6025000,12050.000001537408,302.47519680613357,479
6030000,12060.000001539445,300.8758529630464,479
6035000,12070.000001541483,301.3425051300476,479
6040000,12080.00000154352,297.55111657014993,479
6045000,12090.000001545557,300.2562443054115,479
6050000,12100.000001547594,301.30272936730546,479
6055000,12110.000001549632,302.1314095160406,479
6060000,12120.000001551669,299.4710764974637,479
6065000,12130.000001553706,299.5414745122335,479
6070000,12140.000001555743,300.5599905136111,479
6075000,12150.00000155778,299.9565442142667,479
6080000,12160.000001559818,300.61707835096536,479
6085000,12170.000001561855,300.93612463021424,479
6090000,12180.000001563893,300.88956111918867,479
6095000,12190.00000156593,299.6455901691277,479
6100000,12200.000001567967,300.1972550141408,479
6105000,12210.000001570004,302.86968216402397,479
6110000,12220.000001572042,299.8110829896528,479
6115000,12230.000001574079,300.33170549398227,479
6120000,12240.000001576116,300.9751265454322,479
6125000,12250.000001578153,297.1340127546246,479
6130000,12260.00000158019,302.0281782563169,479
6135000,12270.000001582228,300.4956727293884,479
6140000,12280.000001584265,298.5125668441027,479
6145000,12290.000001586302,300.12177171564076,479
6150000,12300.00000158834,300.8173058703609,479
6155000,12310.000001590377,300.4536859737201,479
6160000,12320.000001592414,301.7198774026893,479
6165000,12330.000001594452,300.0279371758533,479
6170000,12340.000001596489,302.94551922139226,479
6175000,12350.000001598526,300.70220157862354,479
6180000,12360.000001600563,300.9716331766088,479
6185000,12370.0000016026,299.6072294418583,479
6190000,12380.000001604638,299.40178397915696,479
6195000,12390.000001606675,302.3717665570465,479
6200000,12400.000001608712,303.113001935551,479
6205000,12410.00000161075,302.0809325475358,479
6210000,12420.000001612787,298.7214614557689,479
6215000,12430.000001614824,301.40043314471365,479
6220000,12440.000001616861,300.4928205485136,479
6225000,12450.000001618899,301.3528525769421,479
6230000,12460.000001620936,299.6399521371659,479
6235000,12470.000001622973,300.08184118339375,479
6240000,12480.00000162501,299.52153135603925,479
6245000,12490.000001627048,302.4730963628537,479
6250000,12500.000001629085,299.21875798472706,479
6255000,12510.000001631122,300.55256157737915,479
6260000,12520.00000163316,298.5835176071041,479
6265000,12530.000001635197,299.07811672469234,479
6270000,12540.000001637234,300.37661076031316,479
6275000,12550.000001639271,301.9178939291587,479
6280000,12560.000001641309,301.78996587844944,479
6285000,12570.000001643346,299.72262116267603,479
6290000,12580.000001645383,298.3483342895455,479
6295000,12590.00000164742,299.9945069628094,479
6300000,12600.000001649458,300.9327639209664,479
6305000,12610.000001651495,298.82175209490083,479
6310000,12620.000001653532,298.8735556591614,479
6315000,12630.00000165557,302.7266088117704,479
6320000,12640.000001657607,298.98395053596596,479
6325000,12650.000001659644,299.1927788178444,479
6330000,12660.000001661681,299.7519610388066,479
6335000,12670.000001663719,300.98715434695066,479
6340000,12680.000001665756,301.6756575441655,479
6345000,12690.000001667793,298.5773931566986,479
6350000,12700.00000166983,298.00041244268056,479
6355000,12710.000001671868,299.6557165167296,479
6360000,12720.000001673905,300.1856030814198,479
6365000,12730.000001675942,301.25207551936643,479
6370000,12740.00000167798,302.2535447652832,479
6375000,12750.000001680017,301.30872115813537,479
6380000,12760.000001682054,302.23908487154597,479
6385000,12770.000001684091,300.9378713146259,479
6390000,12780.000001686129,298.78907361945176,479
6395000,12790.000001688166,299.94296871769996,479
6400000,12800.000001690203,302.66574017651243,479
6405000,12810.00000169224,300.2852967524616,479
6410000,12820.000001694278,301.46408763105865,479
6415000,12830.000001696315,300.3407484550504,479
6420000,12840.000001698352,300.27463976655736,479
6425000,12850.00000170039,299.2023081973563,479
6430000,12860.000001702427,300.2743744474062,479
6435000,12870.000001704464,299.525643802882,479
6440000,12880.000001706501,299.8377254544134,479
6445000,12890.000001708539,301.86460899963754,479
6450000,12900.000001710576,301.64496896235005,479
6455000,12910.000001712613,299.30578266630187,479
6460000,12920.00000171465,302.6906359568613,479
6465000,12930.000001716688,303.1229956235773,479
6470000,12940.000001718725,301.91842456746093,479
6475000,12950.000001720762,299.62385610866323,479
6480000,12960.0000017228,302.30999141468885,479
6485000,12970.000001724837,301.48073640779285,479
6490000,12980.000001726874,299.02496445474674,479
6495000,12990.000001728911,299.4879242635612,479
6500000,13000.000001730948,300.27791203608814,479
6505000,13010.000001732986,298.8139251799421,479
6510000,13020.000001735023,300.8331807995709,479
6515000,13030.00000173706,302.00173478091966,479
6520000,13040.000001739098,298.5454221989859,479
6525000,13050.000001741135,298.61033695129873,479
6530000,13060.000001743172,299.6731170310587,479
6535000,13070.00000174521,299.1220933739942,479
6540000,13080.000001747247,301.1724355541652,479
6545000,13090.000001749284,299.8651638766274,479
6550000,13100.000001751321,298.850981421385,479
6555000,13110.000001753358,300.41222985635403,479
6560000,13120.000001755396,298.37672343871776,479
6565000,13130.000001757433,299.1478735515135,479
6570000,13140.00000175947,299.749042528144,479
6575000,13150.000001761508,301.6901616577613,479
6580000,13160.000001763545,299.8065946740127,479
6585000,13170.000001765582,299.1478514415843,479
6590000,13180.00000176762,296.60187097714976,479
6595000,13190.000001769657,298.0867959363067,479
6600000,13200.000001771694,300.05513238884544,479
6605000,13210.000001773731,301.74994690648543,479
6610000,13220.000001775768,302.0321580435841,479
6615000,13230.000001777806,301.44036367696066,479
6620000,13240.000001779843,298.9146137978007,479
6625000,13250.00000178188,298.9916226814198,479
6630000,13260.000001783917,302.33119483685095,479
6635000,13270.000001785955,301.27772303731024,479
6640000,13280.000001787992,299.40456983024393,479
6645000,13290.00000179003,302.27205077607545,479
6650000,13300.000001792067,297.62003321965926,479
6655000,13310.000001794104,299.266869190801,479
6660000,13320.000001796141,301.07170271644804,479
6665000,13330.000001798178,299.3552204681314,479
6670000,13340.000001800216,299.84882463890284,479
6675000,13350.000001802253,300.6916330324364,479
6680000,13360.00000180429,300.12637058092724,479
6685000,13370.000001806327,302.1891606512727,479
6690000,13380.000001808365,299.29954766625,479
6695000,13390.000001810402,301.642006231829,479
6700000,13400.00000181244,299.78450685468005,479
6705000,13410.000001814476,301.32616589232305,479
6710000,13420.000001816514,300.2759884722424,479
6715000,13430.000001818551,300.48238466190196,479
6720000,13440.000001820588,298.13758244382126,479
6725000,13450.000001822626,302.1470854558873,479
6730000,13460.000001824663,302.4395113803049,479
6735000,13470.0000018267,300.12163905606513,479
6740000,13480.000001828737,299.26134170848553,479
6745000,13490.000001830775,301.89268860980013,479
6750000,13500.000001832812,300.5423910099187,479
6755000,13510.00000183485,301.0010393825271,479
6760000,13520.000001836886,300.7690620047115,479
6765000,13530.000001838924,299.3858206102298,479
6770000,13540.000001840961,299.49743153314387,479
6775000,13550.000001842998,299.76016382256273,479
6780000,13560.000001845036,298.77994221866663,479
6785000,13570.000001847073,300.2811843056189,479
6790000,13580.00000184911,299.21208078609004,479
6795000,13590.000001851147,300.2938311851567,479
6800000,13600.000001853185,301.625379565024,479
6805000,13610.000001855222,300.83919470033015,479
6810000,13620.00000185726,303.2192843655128,479
6815000,13630.000001859296,300.6038566132667,479
6820000,13640.000001861334,297.2969408233554,479
6825000,13650.000001863371,298.5191556030228,479
6830000,13660.000001865408,300.92641837126826,479
6835000,13670.000001867445,301.102767167061,479
6840000,13680.000001869483,301.4948867625204,479
6845000,13690.00000187152,299.5154511254923,479
6850000,13700.000001873557,299.5789287324031,479
6855000,13710.000001875595,302.1845617859862,479
6860000,13720.000001877632,301.0646496490135,479
6865000,13730.000001879669,300.14096313424005,479
6870000,13740.000001881706,303.0359046122148,479
6875000,13750.000001883744,299.74183469120464,479
6880000,13760.00000188578,299.7933950462433,479
6885000,13770.000001887818,301.70457733164005,479
6890000,13780.000001889855,301.13294722050347,479
6895000,13790.000001891893,301.2866333388028,479
6900000,13800.00000189393,302.0230487527282,479
6905000,13810.000001895967,299.4841655755867,479
6910000,13820.000001898004,297.14228186816854,479
6915000,13830.000001900042,302.0959672994338,479
6920000,13840.000001902079,299.40908025581336,479
6925000,13850.000001904116,299.0732083203962,479
6930000,13860.000001906154,298.8126206941157,479
6935000,13870.00000190819,299.12492344493967,479
6940000,13880.000001910228,299.4206658587466,479
6945000,13890.000001912265,301.35935289614514,479
6950000,13900.000001914303,299.35838218801587,479
6955000,13910.00000191634,302.0027960575243,479
6960000,13920.000001918377,298.5978448412658,479
6965000,13930.000001920414,300.25040728408635,479
6970000,13940.000001922452,300.61110867006465,479
6975000,13950.000001924489,298.9780692947823,479
6980000,13960.000001926526,303.33584791258147,479
6985000,13970.000001928564,300.23585895063206,479
6990000,13980.0000019306,299.8109503300773,479
6995000,13990.000001932638,298.1181478160001,479
7000000,14000.000001934675,302.50471356169817,479
7005000,14010.000001936713,299.5912881828605,479
7010000,14020.00000193875,297.77741169614524,479
7015000,14030.000001940787,302.92433790915936,479
7020000,14040.000001942824,297.76527334498047,479
7025000,14050.000001944862,300.8987809596909,479
7030000,14060.000001946899,298.88920948907884,479
7035000,14070.000001948936,300.7265003908824,479
7040000,14080.000001950973,301.10822831958865,479
7045000,14090.00000195301,299.7364398684647,479
7050000,14100.000001955048,301.8799532905453,479
7055000,14110.000001957085,299.2467933750312,479
7060000,14120.000001959123,301.3085442787013,479
7065000,14130.00000196116,300.92080244923574,479
7070000,14140.000001963197,301.4994192980191,479
7075000,14150.000001965234,302.22566414448397,479
7080000,14160.000001967272,300.76404305076903,479
7085000,14170.000001969309,297.82463850504865,479
7090000,14180.000001971346,302.77779329801166,479
7095000,14190.000001973383,298.2975256721017,479
7100000,14200.00000197542,303.43629332121816,479
7105000,14210.000001977458,300.6421067908898,479
7110000,14220.000001979495,299.9989289486618,479
7115000,14230.000001981532,299.83177788344193,479
7120000,14240.00000198357,302.75174780134114,479
7125000,14250.000001985607,300.10921327581997,479
7130000,14260.000001987644,295.9090342337995,479
7135000,14270.000001989682,301.43859488261967,479
7140000,14280.000001991719,301.60530374925423,479
7145000,14290.000001993756,302.16850997734207,479
7150000,14300.000001995793,300.2760548020301,479
7155000,14310.00000199783,300.5898831379732,479
7160000,14320.000001999868,300.4137333315438,479
7165000,14330.000002001905,302.4152567879046,479
7170000,14340.000002003942,299.43685032696624,479
7175000,14350.00000200598,300.3210706180073,479
7180000,14360.000002008017,301.2942170445396,479
7185000,14370.000002010054,301.4036169745274,479
7190000,14380.000002012091,300.7734397707053,479
7195000,14390.000002014129,302.93088244822087,479
7200000,14400.000002016166,298.8837041166926,479
7205000,14410.000002018203,301.5539866034374,479
7210000,14420.00000202024,299.8157039648686,479
7215000,14430.000002022278,298.5496894153334,479
7220000,14440.000002024315,300.0018695692536,479
7225000,14450.000002026352,301.0342042764199,479
7230000,14460.00000202839,299.6916672617094,479
7235000,14470.000002030427,298.08668538666046,479
7240000,14480.000002032464,300.81233113627695,479
7245000,14490.000002034501,301.036238389912,479
7250000,14500.000002036539,301.97186426648693,479
7255000,14510.000002038576,300.5072804422508,479
7260000,14520.000002040613,300.93395785714654,479
7265000,14530.00000204265,303.28243032348473,479
7270000,14540.000002044688,298.92624362059246,479
7275000,14550.000002046725,301.03849360269675,479
7280000,14560.000002048762,300.69888508923424,479
7285000,14570.0000020508,300.62494948578257,479
7290000,14580.000002052837,303.45466667243477,479
7295000,14590.000002054874,301.99485859291923,479
7300000,14600.000002056911,299.0802171679722,479
7305000,14610.000002058949,298.87295869107135,479
7310000,14620.000002060986,300.42856909407857,479
7315000,14630.000002063023,300.44523998074203,479
7320000,14640.00000206506,301.06807668804913,479
7325000,14650.000002067098,300.45125388150126,479
7330000,14660.000002069135,299.56902348409375,479
7335000,14670.000002071172,298.3407726937379,479
7340000,14680.00000207321,299.4268566389399,479
7345000,14690.000002075247,301.4254836945674,479
7350000,14700.000002077284,300.02008815096536,479
7355000,14710.000002079321,300.0387931511209,479
7360000,14720.000002081359,300.8232534413323,479
7365000,14730.000002083396,301.2721071152777,479
7370000,14740.000002085433,300.45633916523144,479
7375000,14750.00000208747,300.3897440582947,479
7380000,14760.000002089508,299.4257511424768,479
7385000,14770.000002091545,300.809125196534,479
7390000,14780.000002093582,301.2508594732571,479
7395000,14790.00000209562,299.7703564999524,479
7400000,14800.000002097657,301.743579246858,479
7405000,14810.000002099694,298.4827626594577,479
7410000,14820.000002101731,299.47832855426157,479
7415000,14830.000002103769,300.338183703256,479
7420000,14840.000002105806,303.33531727427913,479
7425000,14850.000002107843,299.7128485739423,479
7430000,14860.00000210988,298.0652829751349,479
7435000,14870.000002111918,301.280155129529,479
7440000,14880.000002113955,300.18776985448744,479
7445000,14890.000002115992,299.55058380308935,479
7450000,14900.00000211803,301.42727459883764,479
7455000,14910.000002120067,298.8281418644575,479
7460000,14920.000002122104,302.9240283701497,479
7465000,14930.000002124141,301.3654773465506,479
7470000,14940.000002126179,300.21786146821285,479
7475000,14950.000002128216,301.51337066338334,479
7480000,14960.000002130253,299.4160669934601,479
7485000,14970.00000213229,301.3686390664351,479
7490000,14980.000002134328,299.1013321504173,479
7495000,14990.000002136365,301.24455814341746,479
7500000,15000.000002138402,300.9792832121334,479
7505000,15010.00000214044,299.05693541245944,479
7510000,15020.000002142477,302.89964111817386,479
7515000,15030.000002144514,301.239959278131,479
7520000,15040.000002146551,300.14520824065835,479
7525000,15050.000002148588,299.7298953294032,479
7530000,15060.000002150626,300.40526522863655,479
7535000,15070.000002152663,303.12244287534577,479
7540000,15080.0000021547,301.5049246704053,479
7545000,15090.000002156738,299.69706208444927,479
7550000,15100.000002158775,300.581171825844,479
7555000,15110.000002160812,300.39080533489926,479
7560000,15120.00000216285,301.25108057254965,479
7565000,15130.000002164887,301.33863589242674,479
7570000,15140.000002166924,300.9960867583724,479
7575000,15150.000002168961,301.95762547204225,479
7580000,15160.000002170998,300.1814685246478,479
7585000,15170.000002173036,299.73884985075426,479
7590000,15180.000002175073,301.075328744847,479
7595000,15190.00000217711,301.68273272152936,479
7600000,15200.000002179147,300.4166739521357,479
7605000,15210.000002181185,301.47673451059643,479
7610000,15220.000002183222,300.9371859068188,479
7615000,15230.00000218526,299.1575577005302,479
7620000,15240.000002187297,299.8722611639205,479
7625000,15250.000002189334,300.575423244236,479
7630000,15260.000002191371,300.3221761144704,479
7635000,15270.000002193408,300.8227449129593,479
7640000,15280.000002195446,301.14466548301226,479
7645000,15290.000002197483,302.79999166699054,479
7650000,15300.00000219952,299.4916387316772,479
7655000,15310.000002201557,301.7448174028967,479
7660000,15320.000002203595,301.2504836044596,479
7665000,15330.000002205632,300.9025617575947,479
7670000,15340.00000220767,299.6241214278144,479
7675000,15350.000002209707,298.66872927447935,479
7680000,15360.000002211744,300.76512643730285,479
7685000,15370.000002213781,300.2338469470692,479
7690000,15380.000002215818,301.54246733029197,479
7695000,15390.000002217856,300.1928330282884,479
7700000,15400.000002219893,300.1474192335845,479
7705000,15410.00000222193,298.5460854968637,479
7710000,15420.000002223967,299.0409499336031,479
7715000,15430.000002226005,299.95820245896135,479
7720000,15440.000002228042,300.78728058642326,479
7725000,15450.00000223008,299.86547341563704,479
7730000,15460.000002232116,303.14742709541173,479
7735000,15470.000002234154,297.5245404351772,479
7740000,15480.000002236191,301.14530667096085,479
7745000,15490.000002238228,297.5269061976082,479
7750000,15500.000002240266,296.0281625326625,479
7755000,15510.000002242303,299.61081125039874,479
7760000,15520.00000224434,298.6229617209073,479
7765000,15530.000002246377,300.1142543396917,479
7770000,15540.000002248415,300.30311735544666,479
7775000,15550.000002250452,301.7824927223589,479
7780000,15560.00000225249,299.3520366383177,479
7785000,15570.000002254526,302.2116906691905,479
7790000,15580.000002256564,299.52502472486265,479
7795000,15590.000002258601,299.8979529017227,479
7800000,15600.000002260638,299.41350224166575,479
7805000,15610.000002262675,303.2101308547984,479
7810000,15620.000002264713,299.03575410022654,479
7815000,15630.00000226675,302.2070254741163,479
7820000,15640.000002268787,301.1717501463581,479
7825000,15650.000002270825,301.5010775427137,479
7830000,15660.000002272862,296.71768278662347,479
7835000,15670.000002274899,299.5717208954637,479
7840000,15680.000002276936,300.107356041762,479
7845000,15690.000002278974,301.4151583576021,479
7850000,15700.00000228101,300.96787448863427,479
7855000,15710.000002283048,300.54457989291564,479
7860000,15720.000002285085,301.2249687460914,479
7865000,15730.000002287123,302.6948147334918,479
7870000,15740.00000228916,301.2704930904416,479
7875000,15750.000002291197,302.0766211113297,479
7880000,15760.000002293235,301.3976472936267,479
7885000,15770.000002295272,303.22742081948115,479
7890000,15780.000002297309,301.6906922960636,479
7895000,15790.000002299346,298.8419605702462,479
7900000,15800.000002301384,300.6221636346956,479
7905000,15810.00000230342,300.7677796288143,479
7910000,15820.000002305458,298.53947462801443,479
7915000,15830.000002307495,299.4747025258626,479
7920000,15840.000002309533,301.89027862751055,479
7925000,15850.00000231157,300.80857244830247,479
7930000,15860.000002313607,300.33712242665143,479
7935000,15870.000002315644,300.55762475118013,479
7940000,15880.000002317682,302.7980459932155,479
7945000,15890.000002319719,300.23603583006616,479
7950000,15900.000002321756,300.55835437884576,479
7955000,15910.000002323794,301.6019430400064,479
7960000,15920.00000232583,298.6289535117372,479
7965000,15930.000002327868,301.23328207949385,479
7970000,15940.000002329905,300.91027812290713,479
7975000,15950.000002331943,301.2026819373954,479
7980000,15960.00000233398,300.8968131759866,479
7985000,15970.000002336017,300.75619402588103,479
7990000,15980.000002338054,299.4830821890528,479
7995000,15990.000002340092,301.16080573137344,479
8000000,16000.000002342129,301.3762669920305,479
8005000,16010.000002344166,301.4198898824641,479
8010000,16020.000002346203,298.15292673472896,479
8015000,16030.00000234824,301.1526692774051,479
8020000,16040.000002350278,299.7780286454063,479
8025000,16050.000002352315,296.8100138512211,479
8030000,16060.000002354353,301.8490657193664,479
8035000,16070.00000235639,301.2733452713164,479
8040000,16080.000002358427,300.7568794336882,479
8045000,16090.000002360464,299.7999174753756,479
8050000,16100.000002362502,299.4002362841086,479
8055000,16110.000002364539,303.1008635843862,479
8060000,16120.000002366576,299.03184064274717,479
8065000,16130.000002368613,300.0997502260959,479
8070000,16140.00000237065,298.9003750033561,479
8075000,16150.000002372688,303.1208067405804,479
8080000,16160.000002374725,299.8048037697424,479
8085000,16170.000002376762,301.04287136869056,479
8090000,16180.0000023788,299.81521754642483,479
8095000,16190.000002380837,300.4256948032745,479
8100000,16200.000002382874,300.4323498919823,479
8105000,16210.000002384912,295.3818450804793,479
8110000,16220.000002386949,298.9702423798236,479
8115000,16230.000002388986,299.88196742286635,479
8120000,16240.000002391023,300.10793089992285,479
8125000,16250.00000239306,302.10290981722204,479
8130000,16260.000002395098,300.73757746544254,479
8135000,16270.000002397135,298.78670785702076,479
8140000,16280.000002399172,299.06325885222833,479
8145000,16290.00000240121,300.88301658012716,479
8150000,16300.000002403247,301.9790057736385,479
8155000,16310.000002405284,300.10744448147904,479
8160000,16320.000002407322,298.3927310275034,479
8165000,16330.000002409359,298.85389993204757,479
8170000,16340.000002411396,302.09738233490657,479
8175000,16350.000002413433,299.00860310709294,479
8180000,16360.00000241547,301.96910052532917,479
8185000,16370.000002417508,300.1612600493024,479
8190000,16380.000002419545,301.7634560732644,479
8195000,16390.00000242158,301.5761628624871,479
8200000,16400.000002423618,301.8853923331437,479
8205000,16410.000002425655,302.26077471215183,479
8210000,16420.000002427692,297.3558637848383,479
8215000,16430.00000242973,300.7415572527097,479
8220000,16440.000002431767,299.8740078483321,479
8225000,16450.000002433804,298.80421892099616,479
8230000,16460.00000243584,302.07491864677655,479
8235000,16470.00000243788,301.3365354491468,479
8240000,16480.000002439916,300.5334143786384,479
8245000,16490.000002441953,300.5657612051485,479
8250000,16500.00000244399,298.9536820428064,479
8255000,16510.000002446028,300.5759538825382,479
8260000,16520.000002448065,301.09863261028903,479
8265000,16530.000002450102,298.97420005716145,479
8270000,16540.00000245214,299.3090107159741,479
8275000,16550.000002454177,300.58661086844245,479
8280000,16560.000002456214,300.31947870310046,479
8285000,16570.00000245825,300.2874414156,479
8290000,16580.00000246029,301.9629981848529,479
8295000,16590.000002462326,300.1810705459211,479
8300000,16600.000002464363,301.6598931646018,479
8305000,16610.0000024664,299.61196096672035,479
8310000,16620.000002468438,302.18109052709207,479
8315000,16630.000002470475,302.49485253324735,479
8320000,16640.000002472512,298.655949735366,479
8325000,16650.00000247455,300.2308842165481,479
8330000,16660.000002476587,300.031961182979,479
8335000,16670.000002478624,301.3024861580835,479
8340000,16680.00000248066,302.56841226790164,479
8345000,16690.0000024827,302.0519685402027,479
8350000,16700.000002484736,300.2160926738719,479
8355000,16710.000002486773,300.9987178399546,479
8360000,16720.00000248881,300.49463356271303,479
8365000,16730.000002490848,302.3486837908971,479
8370000,16740.000002492885,298.30411443102173,479
8375000,16750.000002494922,300.9883482831308,479
8380000,16760.00000249696,299.5753911437212,479
8385000,16770.000002498997,298.9109656594725,479
8390000,16780.000002501034,299.5318345830753,479
8395000,16790.00000250307,300.41238462585886,479
8400000,16800.00000250511,303.47160287824937,479
8405000,16810.000002507146,298.331574963165,479
8410000,16820.000002509183,300.37829111493704,479
8415000,16830.00000251122,298.4801536878048,479
8420000,16840.000002513258,300.27030622042207,479
8425000,16850.000002515295,300.5030795556911,479
8430000,16860.000002517332,300.147375013726,479
8435000,16870.00000251937,300.1734426203258,479
8440000,16880.000002521407,302.68013374046194,479
8445000,16890.000002523444,299.7761935212776,479
8450000,16900.00000252548,299.7396236982784,479
8455000,16910.00000252752,297.0596791724462,479
8460000,16920.000002529556,300.7161308340585,479
8465000,16930.000002531593,299.1331704485544,479
8470000,16940.00000253363,299.04846730955217,479
8475000,16950.000002535668,302.62645083221406,479
8480000,16960.000002537705,300.930110729455,479
8485000,16970.000002539742,300.6131870034152,479
8490000,16980.00000254178,302.7290187940599,479
8495000,16990.000002543817,297.52232944225096,479
8500000,17000.000002545854,300.4482027112631,479
8505000,17010.00000254789,298.45304691452975,479
8510000,17020.00000254993,302.9917289735496,479
8515000,17030.000002551966,301.07333885121346,479
8520000,17040.000002554003,301.08656058891205,479
8525000,17050.00000255604,301.2638158918045,479
8530000,17060.000002558078,300.63408088656774,479
8535000,17070.000002560115,301.9801112701016,479
8540000,17080.000002562152,301.62153243733246,479
8545000,17090.00000256419,302.4633016641907,479
8550000,17100.000002566227,302.9093915969783,479
8555000,17110.000002568264,301.39450768367146,479
8560000,17120.0000025703,298.4746040955601,479
8565000,17130.00000257234,298.6289977315958,479
8570000,17140.000002574376,299.1085620972859,479
8575000,17150.000002576413,300.80417257237934,479
8580000,17160.00000257845,301.4158437654092,479
8585000,17170.000002580487,302.60900609802644,479
8590000,17180.000002582525,302.3537469646981,479
8595000,17190.000002584562,299.3699677909491,479
8600000,17200.0000025866,301.8579760208589,479
8605000,17210.000002588637,299.5961523672981,479
8610000,17220.000002590674,300.62260583328083,479
8615000,17230.00000259271,301.12505397575694,479
8620000,17240.00000259475,298.3072098211184,479
8625000,17250.000002596786,298.6322700011265,479
8630000,17260.000002598823,299.09027718578636,479
8635000,17270.00000260086,299.4629842633538,479
8640000,17280.000002602897,301.48522472343296,479
8645000,17290.000002604935,300.37232143403634,479
8650000,17300.000002606972,302.0903513774013,479
8655000,17310.00000260901,301.20732502254043,479
8660000,17320.000002611047,298.711335108167,479
8665000,17330.000002613084,299.74658832599596,479
8670000,17340.00000261512,298.6037481923787,479
8675000,17350.00000261716,300.5200599813642,479
8680000,17360.000002619196,299.8877160044745,479
8685000,17370.000002621233,299.5614176684277,479
8690000,17380.00000262327,301.4875462660055,479
8695000,17390.000002625307,300.1308367866381,479
8700000,17400.000002627345,300.66045803217713,479
8705000,17410.000002629382,301.80522172964015,479
8710000,17420.00000263142,298.4403337052042,479
8715000,17430.000002633456,299.46944036269826,479
8720000,17440.000002635494,300.3025867171444,479
8725000,17450.00000263753,300.31036941224454,479
8730000,17460.00000263957,303.04837461231847,479
8735000,17470.000002641606,302.6438734564724,479
8740000,17480.000002643643,298.9912910324809,479
8745000,17490.00000264568,301.2813269557799,479
8750000,17500.000002647717,299.15667330335975,479
8755000,17510.000002649755,302.2371170878417,479
8760000,17520.000002651792,300.0560167860159,479
8765000,17530.00000265383,301.2407110157259,479
8770000,17540.000002655866,301.05843675889093,479
8775000,17550.000002657904,301.2506162640352,479
8780000,17560.00000265994,299.1686568850197,479
8785000,17570.00000266198,300.0710073180555,479
8790000,17580.000002664015,302.6781659567576,479
8795000,17590.000002666053,302.3919750323918,479
8800000,17600.00000266809,300.32164547616816,479
8805000,17610.000002670127,298.31512517579415,479
8810000,17620.000002672165,301.645389051006,479
8815000,17630.000002674202,299.55748210101905,479
8820000,17640.00000267624,300.78498115378005,479
8825000,17650.000002678276,301.4389707514171,479
8830000,17660.000002680314,298.4120772156075,479
8835000,17670.00000268235,300.9225491336474,479
8840000,17680.000002684388,300.51528423664365,479
8845000,17690.000002686425,298.2692028527172,479
8850000,17700.000002688463,299.7356881308698,479
8855000,17710.0000026905,301.3063996155629,479
8860000,17720.000002692537,299.1828956794643,479
8865000,17730.000002694575,298.8582555881122,479
8870000,17740.00000269661,299.65197993868435,479
8875000,17750.00000269865,297.677253716589,479
8880000,17760.000002700686,300.2802999084484,479
8885000,17770.000002702724,302.01000389446364,479
8890000,17780.00000270476,298.9774944366215,479
8895000,17790.000002706798,302.25579997806796,479
8900000,17800.000002708835,300.3658653346919,479
8905000,17810.000002710873,303.0802129104556,479
8910000,17820.00000271291,299.6460323677129,479
8915000,17830.000002714947,300.6471478547615,479
8920000,17840.000002716984,302.24483345315406,479
8925000,17850.00000271902,299.9083666784051,479
8930000,17860.00000272106,299.45071325261347,479
8935000,17870.000002723096,299.7395131486321,479
8940000,17880.000002725134,301.16580257538664,479
8945000,17890.00000272717,300.6285534042523,479
8950000,17900.000002729208,303.3712459093297,479
8955000,17910.000002731245,304.2125508276734,479
8960000,17920.000002733283,298.74516329993764,479
8965000,17930.00000273532,297.2295497589652,479
8970000,17940.000002737357,300.0720243748015,479
8975000,17950.000002739394,301.7776285379213,479
8980000,17960.00000274143,299.17999927873103,479
8985000,17970.00000274347,299.1241717073448,479
8990000,17980.000002745506,298.4759970211036,479
8995000,17990.000002747543,297.5757691412769,479
9000000,18000.00000274958,299.83275072032944,479
9005000,18010.000002751618,301.55803272049235,479
9010000,18020.000002753655,300.309396575357,479
9015000,18030.000002755693,301.1461247383436,479
9020000,18040.00000275773,299.87299079158606,479
9025000,18050.000002759767,299.6860071198183,479
9030000,18060.000002761804,300.4559411865048,479
9035000,18070.00000276384,298.607993298797,479
9040000,18080.00000276588,301.86527229751545,479
9045000,18090.000002767916,298.1242943763349,479
9050000,18100.000002769953,301.96737595084676,479
9055000,18110.00000277199,300.2152967164185,479
9060000,18120.000002774028,302.17167169722654,479
9065000,18130.000002776065,301.2025934976784,479
9070000,18140.000002778102,300.458240619148,479
9075000,18150.00000278014,301.0897444187258,479
9080000,18160.000002782177,300.6451579611279,479
9085000,18170.000002784214,298.8551380880863,479
9090000,18180.00000278625,300.6903948763977,479
9095000,18190.00000278829,296.0348839511581,479
9100000,18200.000002790326,300.8089483170999,479
9105000,18210.000002792363,297.43877601957035,479
9110000,18220.0000027944,299.0592127351734,479
9115000,18230.000002796438,299.3875894045708,479
9120000,18240.000002798475,302.0675118204738,479
9125000,18250.000002800512,301.0782030356511,479
9130000,18260.00000280255,301.3371545271662,479
9135000,18270.000002804587,301.8987909502764,479
9140000,18280.000002806624,300.642040461102,479
9145000,18290.00000280866,302.4152788978339,479
9150000,18300.0000028107,301.6759670831752,479
9155000,18310.000002812736,300.4605400517912,479
9160000,18320.000002814773,303.64299904988746,479
9165000,18330.00000281681,300.2340238265033,479
9170000,18340.000002818848,299.0951634801532,479
9175000,18350.000002820885,299.61810752705514,479
9180000,18360.000002822922,303.8521589807048,479
9185000,18370.00000282496,300.0638437009746,479
9190000,18380.000002826997,299.9026623166555,479
9195000,18390.000002829034,299.3155994748941,479
9200000,18400.00000283107,299.72819286485003,479
9205000,18410.00000283311,299.1615374877974,479
9210000,18420.000002835146,302.1196249237441,479
9215000,18430.000002837183,301.26149434923207,479
9220000,18440.00000283922,301.5242929684387,479
9225000,18450.000002841258,300.5163012933897,479
9230000,18460.000002843295,300.6788092734645,479
9235000,18470.000002845332,300.9138820413768,479
9240000,18480.00000284737,301.2082536395694,479
9245000,18490.000002849407,299.84749804314714,479
9250000,18500.000002851444,298.87189741446673,479
9255000,18510.00000285348,299.7019925986747,479
9260000,18520.00000285552,300.5469456553467,479
9265000,18530.000002857556,298.6984892392658,479
9270000,18540.000002859593,299.30288626556853,479
9275000,18550.00000286163,300.6911466139926,479
9280000,18560.000002863668,298.51172666679076,479
9285000,18570.000002865705,300.77823762535513,479
9290000,18580.000002867742,299.8753344440878,479
9295000,18590.00000286978,299.7174253292995,479
9300000,18600.000002871817,301.7047542110742,479
9305000,18610.000002873854,301.6018103804309,479
9310000,18620.00000287589,300.2244723370622,479
9315000,18630.00000287793,300.40245726762026,479
9320000,18640.000002879966,299.0494401464396,479
9325000,18650.000002882003,301.13524665314674,479
9330000,18660.00000288404,299.10064674261014,479
9335000,18670.000002886078,302.4114538800716,479
9340000,18680.000002888115,301.49112807454594,479
9345000,18690.000002890152,299.9088530968488,479
9350000,18700.00000289219,298.39116122252574,479
9355000,18710.000002894227,302.13373105861314,479
9360000,18720.000002896264,300.9495674672055,479
9365000,18730.0000028983,301.1247665466766,479
9370000,18740.00000290034,302.11898373579544,479
9375000,18750.000002902376,300.7314309051078,479
9380000,18760.000002904413,299.98508813294376,479
9385000,18770.00000290645,299.2872545455804,479
9390000,18780.000002908488,303.0127555162776,479
9395000,18790.000002910525,299.65573862665883,479
9400000,18800.000002912562,299.9728171222035,479
9405000,18810.0000029146,302.15453650204853,479
9410000,18820.000002916637,301.54609335869094,479
9415000,18830.000002918674,299.4527694760348,479
9420000,18840.00000292071,300.47186033557335,479
9425000,18850.00000292275,301.61149452944755,479
9430000,18860.000002924786,302.38781836569063,479
9435000,18870.000002926823,299.6592541054115,479
9440000,18880.00000292886,299.31440553871397,479
9445000,18890.000002930898,301.15737869233783,479
9450000,18900.000002932935,300.6414877128704,479
9455000,18910.000002934972,298.6745441858752,479
9460000,18920.00000293701,301.9339899576613,479
9465000,18930.000002939047,301.5942930044818,479
9470000,18940.000002941084,301.4492076486654,479
9475000,18950.00000294312,300.84032230672256,479
9480000,18960.00000294516,298.8963509962304,479
9485000,18970.000002947196,301.9528497273217,479
9490000,18980.000002949233,299.49345174587665,479
9495000,18990.00000295127,301.0716363866603,479
9500000,19000.000002953308,301.92589772355143,479
9505000,19010.000002955345,300.0810673358696,479
9510000,19020.000002957382,300.77896725302077,479
9515000,19030.00000295942,301.7680549385509,479
9520000,19040.000002961457,300.9676976092002,479
9525000,19050.000002963494,300.1766485600687,479
9530000,19060.00000296553,299.7104164817235,479
9535000,19070.00000296757,296.9612457673723,479
9540000,19080.000002969606,299.60366974324717,479
9545000,19090.000002971643,299.4639571002413,479
9550000,19100.00000297368,301.0101265634537,479
9555000,19110.000002975718,298.4156369142186,479
9560000,19120.000002977755,301.22443810778907,479
9565000,19130.000002979792,301.29337686722766,479
9570000,19140.00000298183,301.79257485010237,479
9575000,19150.000002983867,300.1665664323253,479
9580000,19160.000002985904,299.9935783457804,479
9585000,19170.00000298794,301.4669840317919,479
9590000,19180.00000298998,297.11062044946556,479
9595000,19190.000002992016,301.0766111207442,479
9600000,19200.000002994053,299.3760480214961,479
9605000,19210.00000299609,301.21482028856025,479
9610000,19220.000002998127,299.4379558234294,479
9615000,19230.000003000165,301.2561216364214,479
9620000,19240.000003002202,299.06496131678153,479
9625000,19250.00000300424,299.65335075429863,479
9630000,19260.000003006277,300.57206253498816,479
9635000,19270.000003008314,301.63515215375776,479
9640000,19280.00000301035,302.6481848926785,479
9645000,19290.00000301239,299.1889316901528,479
9650000,19300.000003014426,299.68700206663516,479
9655000,19310.000003016463,301.16712917114234,479
9660000,19320.0000030185,300.5947473224108,479
9665000,19330.000003020537,298.5296135995637,479
9670000,19340.000003022575,300.0137647111965,479
9675000,19350.000003024612,298.2601820015784,479
9680000,19360.00000302665,300.0072422820642,479
9685000,19370.000003028686,299.9682845867048,479
9690000,19380.000003030724,299.07915589136763,479
9695000,19390.00000303276,301.3920755914527,479
9700000,19400.0000030348,301.34011725768727,479
9705000,19410.000003036836,300.2118033475951,479
9710000,19420.000003038873,301.3844255559281,479
9715000,19430.00000304091,298.34163498097917,479
9720000,19440.000003042947,301.076168922159,479
9725000,19450.000003044985,299.78979112777364,479
9730000,19460.000003047022,302.5812360268735,479
9735000,19470.00000304906,300.82973165060605,479
9740000,19480.000003051096,299.6677222083188,479
9745000,19490.000003053134,300.73335446895356,479
9750000,19500.00000305517,300.4101294130742,479
9755000,19510.00000305721,298.5006717021598,479
9760000,19520.000003059246,300.5472109744978,479
9765000,19530.000003061283,298.92440849646374,479
9770000,19540.00000306332,300.7710076784865,479
9775000,19550.000003065357,301.95119148262705,479
9780000,19560.000003067395,300.94810821187417,479
9785000,19570.000003069432,299.38055844706554,479
9790000,19580.00000307147,298.9908930537542,479
9795000,19590.000003073506,299.6273494774866,479
9800000,19600.000003075544,299.64658511594445,479
9805000,19610.00000307758,297.0908762826347,479
9810000,19620.00000307962,299.2276240663611,479
9815000,19630.000003081655,296.3912960108596,479
9820000,19640.000003083693,299.54846124988023,479
9825000,19650.00000308573,301.3033263353955,479
9830000,19660.000003087767,300.4889070910342,479
9835000,19670.000003089805,301.82105243899167,479
9840000,19680.00000309184,300.7557518272958,479
9845000,19690.00000309388,301.45873702817727,479
9850000,19700.000003095916,301.05014553541776,479
9855000,19710.000003097954,299.73593134009167,479
9860000,19720.00000309999,301.90135570207076,479
9865000,19730.000003102028,301.3565228251996,479
9870000,19740.000003104065,300.0507104029931,479
9875000,19750.000003106103,303.39616379960785,479
9880000,19760.00000310814,300.0269643389658,479
9885000,19770.000003110177,299.9315378842715,479
9890000,19780.000003112214,298.689468388127,479
9895000,19790.00000311425,298.02973020888186,479
9900000,19800.00000311629,301.2748487465062,479
9905000,19810.000003118326,301.04786821270375,479
9910000,19820.000003120364,299.28632592855143,479
9915000,19830.0000031224,298.52156558531226,479
9920000,19840.000003124438,301.7808565875936,479
9925000,19850.000003126475,300.15290249604146,479
9930000,19860.000003128513,302.9824428032596,479
9935000,19870.00000313055,301.3230926121556,479
9940000,19880.000003132587,299.68563125102094,479
9945000,19890.000003134624,299.0425639584392,479
9950000,19900.00000313666,297.63073442542196,479
9955000,19910.0000031387,299.5101226325401,479
9960000,19920.000003140736,300.1795670707313,479
9965000,19930.000003142773,298.80817659833406,479
9970000,19940.00000314481,300.3394218592947,479
9975000,19950.000003146848,298.49644870567084,479
9980000,19960.000003148885,297.1253014424954,479
9985000,19970.000003150923,298.78423154494345,479
9990000,19980.00000315296,301.9304965888379,479
9995000,19990.000003154997,298.83789234326196,479
10000000,20000.000003157034,300.8617910480358,479
10005000,20010.00000315907,302.90236063947305,479
10010000,20020.00000316111,299.78855297173493,479
10015000,20030.000003163146,301.1095549153444,479
10020000,20040.000003165183,296.9514731786386,479
10025000,20050.00000316722,297.50320435343946,479
10030000,20060.000003169258,300.9206476797309,479
10035000,20070.000003171295,297.05516874687675,479
10040000,20080.000003173333,300.87569819354155,479
10045000,20090.00000317537,301.907878131203,479
10050000,20100.000003177407,300.00737494163974,479
10055000,20110.000003179444,300.66182884779136,479
10060000,20120.00000318148,302.30948288631583,479
10065000,20130.00000318352,298.18184652220356,479
10070000,20140.000003185556,299.00698908225684,479
10075000,20150.000003187593,301.7304238389472,479
10080000,20160.00000318963,301.4641318509171,479
10085000,20170.000003191668,300.79223321057793,479
10090000,20180.000003193705,298.77076659802293,479
10095000,20190.000003195742,303.5705669216255,479
10100000,20200.00000319778,302.8360750715459,479
10105000,20210.000003199817,299.8543300112891,479
10110000,20220.000003201854,301.6687150263773,479
10115000,20230.00000320389,299.50676192329234,479
10120000,20240.00000320593,299.5489255583947,479
10125000,20250.000003207966,299.5345319944452,479
10130000,20260.000003210003,300.59120973372893,479
10135000,20270.00000321204,297.1718649535209,479
10140000,20280.000003214078,300.61990842191085,479
10145000,20290.000003216115,301.249753976794,479
10150000,20300.000003218152,299.21915596345383,479
10155000,20310.00000322019,302.3211348190368,479
10160000,20320.000003222227,300.83786810457445,479
10165000,20330.000003224264,303.35298310775937,479
10170000,20340.0000032263,299.90513862873286,479
10175000,20350.00000322834,299.97060612927726,479
10180000,20360.000003230376,303.25775564242844,479
10185000,20370.000003232413,300.920316030792,479
10190000,20380.00000323445,298.0555103864012,479
10195000,20390.000003236488,300.82150675692066,479
10200000,20400.000003238525,298.65227948710856,479
10205000,20410.000003240562,299.0741148274959,479
10210000,20420.0000032426,301.93005439025274,479
10215000,20430.000003244637,299.9548417497135,479
10220000,20440.000003246674,301.15925803632507,479
10225000,20450.00000324871,299.8716863057596,479
10230000,20460.00000325075,299.91738752954393,479
10235000,20470.000003252786,300.98215750293747,479
10240000,20480.000003254823,300.80377459365263,479
10245000,20490.00000325686,300.2503630642278,479
10250000,20500.000003258898,303.1703993119148,479
10255000,20510.000003260935,299.93909948007905,479
10260000,20520.000003262972,300.358613277894,479
10265000,20530.00000326501,300.7577417209294,479
10270000,20540.000003267047,300.9338694174295,479
10275000,20550.000003269084,297.29797999003074,479
10280000,20560.00000327112,299.9256787530171,479
10285000,20570.00000327316,301.70375926425737,479
10290000,20580.000003275196,299.6737582190073,479
10295000,20590.000003277233,303.3927367605723,479
10300000,20600.00000327927,301.79080605576144,479
10305000,20610.000003281308,298.5730153907047,479
10310000,20620.000003283345,300.1281393752682,479
10315000,20630.000003285382,300.4816108143778,479
10320000,20640.00000328742,301.3933579673499,479
10325000,20650.000003289457,300.33528730252266,479
10330000,20660.000003291494,302.4246092879824,479
10335000,20670.00000329353,302.33333949998934,479
10340000,20680.00000329557,301.89459006371663,479
10345000,20690.000003297606,299.18223238158646,479
10350000,20700.000003299643,302.03991862875495,479
10355000,20710.00000330168,302.5349378349992,479
10360000,20720.000003303718,298.70611716486115,479
10365000,20730.000003305755,299.5649552571096,479
10370000,20740.000003307792,302.9606203030781,479
10375000,20750.00000330983,300.90954849524144,479
10380000,20760.000003311867,301.98754020633356,479
10385000,20770.000003313904,301.3283989951785,479
10390000,20780.00000331594,298.87461693576597,479
10395000,20790.00000331798,299.9030602953822,479
10400000,20800.000003320016,300.78431785590215,479
10405000,20810.000003322053,300.6790745926156,479
10410000,20820.00000332409,300.9678302687758,479
10415000,20830.000003326128,300.11014189284896,479
10420000,20840.000003328165,299.8177159684314,479
10425000,20850.000003330202,299.99638630679664,479
10430000,20860.00000333224,301.5572809828974,479
10435000,20870.000003334277,299.7465219962082,479
10440000,20880.000003336314,300.9257771833197,479
10445000,20890.00000333835,300.3262443414546,479
10450000,20900.00000334039,304.4995598194219,479
10455000,20910.000003342426,301.8443784143629,479
10460000,20920.000003344463,301.4746561772458,479
10465000,20930.0000033465,298.2530404944268,479
10470000,20940.000003348538,299.4624757349808,479
10475000,20950.000003350575,299.4474188731535,479
10480000,20960.000003352612,299.7122958257107,479
10485000,20970.00000335465,298.6070204619094,479
10490000,20980.000003356687,301.4424862301698,479
10495000,20990.000003358724,301.45259046784247,479
10500000,21000.00000336076,298.42142971568524,479
10505000,21010.0000033628,297.07424961582973,479
10510000,21020.000003364836,301.3175209099816,479
10515000,21030.000003366873,300.69707207503484,479
10520000,21040.00000336891,299.18497401281496,479
10525000,21050.000003370948,301.2893307501727,479
10530000,21060.000003372985,298.71630984225095,479
10535000,21070.000003375022,299.4272103978081,479
10540000,21080.00000337706,300.59602969830803,479
10545000,21090.000003379097,298.18925334850627,479
10550000,21100.000003381134,301.7397984489542,479
10555000,21110.00000338317,301.02480755648367,479
10560000,21120.00000338521,297.5283433430102,479
10565000,21130.000003387246,299.630422757654,479
10570000,21140.000003389283,302.1515074417397,479
10575000,21150.00000339132,299.1828293496765,479
10580000,21160.000003393357,300.34039469618216,479
10585000,21170.000003395395,300.12553040361524,479
10590000,21180.000003397432,299.9819043031301,479
10595000,21190.00000339947,300.3326562209405,479
10600000,21200.000003401507,298.7118657464693,479
10605000,21210.000003403544,299.22322419043803,479
10610000,21220.00000340558,301.570922809252,479
10615000,21230.00000340762,299.8606976709165,479
10620000,21240.000003409656,299.39705245429485,479
10625000,21250.000003411693,300.480527427844,479
10630000,21260.00000341373,299.986370508841,479
10635000,21270.000003415767,300.3373877458025,479
10640000,21280.000003417805,298.72798388490116,479
10645000,21290.000003419842,301.0506982836493,479
10650000,21300.00000342188,301.3510174528134,479
10655000,21310.000003423916,300.54270054892834,479
10660000,21320.000003425954,298.7402770055708,479
10665000,21330.00000342799,299.67506270483375,479
10670000,21340.00000343003,301.9451775818678,479
10675000,21350.000003432066,300.83972533863243,479
10680000,21360.000003434103,301.82675680074124,479
10685000,21370.00000343614,300.8527701968969,479
10690000,21380.000003438177,299.46174610731515,479
10695000,21390.000003440215,301.1974197742311,479
10700000,21400.000003442252,301.9886899226552,479
10705000,21410.00000344429,302.40108432324774,479
10710000,21420.000003446326,297.83790446260576,479
10715000,21430.000003448364,299.5791498316957,479
10720000,21440.0000034504,298.77655939948954,479
10725000,21450.00000345244,299.100889951832,479
10730000,21460.000003454476,297.80695056163916,479
10735000,21470.000003456513,299.4159564438138,479
10740000,21480.00000345855,300.32551471378895,479
10745000,21490.000003460587,298.557759539514,479
10750000,21500.000003462625,300.5880701237738,479
10755000,21510.000003464662,297.82786655472086,479
10760000,21520.0000034667,300.1706346593095,479
10765000,21530.000003468736,299.2798919391362,479
10770000,21540.000003470774,300.068265686827,479
10775000,21550.00000347281,299.96731174981727,479
10780000,21560.00000347485,301.8252312156222,479
10785000,21570.000003476885,300.40413762224415,479
10790000,21580.000003478923,299.4278958056152,479
10795000,21590.00000348096,300.8530576259774,479
10800000,21600.000003482997,300.0554861477136,479
10805000,21610.000003485035,300.8088819873121,479
10810000,21620.00000348707,302.4617539691423,479
10815000,21630.00000348911,298.8497874852049,479
10820000,21640.000003491146,300.54044533614365,479
10825000,21650.000003493184,299.3033063542245,479
10830000,21660.00000349522,299.8298322096669,479
10835000,21670.000003497258,299.4300404687536,479
10840000,21680.000003499295,301.02867679410446,479
10845000,21690.000003501333,300.56144976894245,479
10850000,21700.00000350337,300.98697746751657,479
10855000,21710.000003505407,300.73795333424005,479
10860000,21720.000003507444,299.388274812378,479
10865000,21730.00000350948,299.3705868689685,479
10870000,21740.00000351152,301.871396747921,479
10875000,21750.000003513556,300.1499839853789,479
10880000,21760.000003515594,301.93810240450404,479
10885000,21770.00000351763,304.16311302584387,479
10890000,21780.000003519668,300.37190134538037,479
10895000,21790.000003521705,298.36535893507715,479
10900000,21800.000003523743,300.7646400188591,479
10905000,21810.00000352578,299.77486692552185,479
10910000,21820.000003527817,300.95688585379116,479
10915000,21830.000003529854,302.228449995571,479
10920000,21840.00000353189,300.22564416331306,479
10925000,21850.00000353393,299.83659784802103,479
10930000,21860.000003535966,300.27970294035833,479
10935000,21870.000003538004,300.76180994791355,479
10940000,21880.00000354004,302.2376256162147,479
10945000,21890.000003542078,298.8127754636205,479
10950000,21900.000003544115,301.51208828748616,479
10955000,21910.000003546153,298.4691429430324,479
10960000,21920.00000354819,299.17900433191426,479
10965000,21930.000003550227,300.59941251748506,479
10970000,21940.000003552264,299.7367494074744,479
10975000,21950.0000035543,298.7209529273959,479
10980000,21960.00000355634,301.7240561793198,479
10985000,21970.000003558376,302.0345901358029,479
10990000,21980.000003560413,300.3500567352696,479
10995000,21990.00000356245,302.0816842851307,479
11000000,22000.000003564488,301.9930234687905,479
11005000,22010.000003566525,302.6923163114852,479
11010000,22020.000003568563,298.9224407127594,479
11015000,22030.0000035706,301.07214491503333,479
11020000,22040.000003572637,303.49114805571685,479
11025000,22050.000003574674,299.9917653315809,479
11030000,22060.00000357671,299.40744412104794,479
11035000,22070.00000357875,300.0833888784421,479
11040000,22080.000003580786,300.82517700517815,479
11045000,22090.000003582823,300.5033448748422,479
11050000,22100.00000358486,299.9436099056485,479
11055000,22110.000003586898,300.56363865193936,479
11060000,22120.000003588935,300.4445766828642,479
11065000,22130.000003590972,300.6488060994561,479
11070000,22140.00000359301,298.9306213865863,479
11075000,22150.000003595047,299.30896649611554,479
11080000,22160.000003597084,300.721658316374,479
11085000,22170.00000359912,300.60261845722806,479
11090000,22180.00000360116,299.1936411050856,479
11095000,22190.000003603196,300.1112916091706,479
11100000,22200.000003605233,301.9018200105853,479
11105000,22210.00000360727,299.29762410240426,479
11110000,22220.000003609308,299.4264144403547,479
11115000,22230.000003611345,299.10436121072615,479
11120000,22240.000003613382,301.43912552092195,479
11125000,22250.00000361542,297.6877338230591,479
11130000,22260.000003617457,301.5101647236404,479
11135000,22270.000003619494,300.3910706540504,479
11140000,22280.00000362153,299.60289589572295,479
11145000,22290.00000362357,302.02521552579583,479
11150000,22300.000003625606,302.8890062421989,479
11155000,22310.000003627643,298.62232053295867,479
11160000,22320.00000362968,299.8641689298106,479
11165000,22330.000003631718,299.55874236698696,479
11170000,22340.000003633755,301.4410269748385,479
11175000,22350.000003635792,300.4925110095039,479
11180000,22360.00000363783,300.72512957526817,479
11185000,22370.000003639867,299.21977504147316,479
11190000,22380.000003641904,300.5465697865492,479
11195000,22390.00000364394,299.2382589423361,479
11200000,22400.00000364598,301.99231595105414,479
11205000,22410.000003648016,302.3208252800271,479
11210000,22420.000003650053,302.181002087375,479
11215000,22430.00000365209,301.2833168494135,479
11220000,22440.000003654128,300.9849433540245,479
11225000,22450.000003656165,299.0907414943008,479
11230000,22460.000003658202,300.4312665054485,479
11235000,22470.00000366024,297.97520712332204,479
11240000,22480.000003662277,303.5317418858417,479
11245000,22490.000003664314,299.37613646121315,479
11250000,22500.00000366635,304.1723991961339,479
11255000,22510.00000366839,301.7020125798457,479
11260000,22520.000003670426,300.31443763922874,479
11265000,22530.000003672463,300.20406487235346,479
11270000,22540.0000036745,301.3977357333437,479
11275000,22550.000003676538,301.13869580211156,479
11280000,22560.000003678575,298.74927574678037,479
11285000,22570.000003680612,299.9657198349104,479
11290000,22580.00000368265,296.70116666946484,479
11295000,22590.000003684687,298.2550746079189,479
11300000,22600.000003686724,299.3913480925453,479
11305000,22610.00000368876,298.89489174089914,479
11310000,22620.0000036908,299.44319587666445,479
11315000,22630.000003692836,301.061399489412,479
11320000,22640.000003694873,298.67441152629965,479
11325000,22650.00000369691,300.77573920334856,479
11330000,22660.000003698948,296.2733616481768,479
11335000,22670.000003700985,300.0214368566503,479
11340000,22680.000003703022,300.76008537343114,479
11345000,22690.00000370506,301.39439713402516,479
11350000,22700.000003707097,300.4422993601502,479
11355000,22710.000003709134,299.55986997337936,479
11360000,22720.00000371117,298.3856558501395,479
11365000,22730.00000371321,301.08138686546476,479
11370000,22740.000003715246,300.0550439491284,479
11375000,22750.000003717283,298.53354916697225,479
11380000,22760.00000371932,303.7972158064891,479
11385000,22770.000003721358,301.8216936269402,479
11390000,22780.000003723395,302.03812772448475,479
11395000,22790.000003725432,301.12722074882464,479
11400000,22800.00000372747,300.05243497747546,479
11405000,22810.000003729507,299.7558966062152,479
11410000,22820.000003731544,299.5783538742423,479
11415000,22830.00000373358,299.05262397625336,479
11420000,22840.00000373562,300.1747471061522,479
11425000,22850.000003737656,299.33881490061907,479
11430000,22860.000003739693,300.7621637067818,479
11435000,22870.00000374173,299.4353026319179,479
11440000,22880.000003743768,299.8203691599428,479
11445000,22890.000003745805,299.70163883980655,479
11450000,22900.000003747842,298.8447464213332,479
11455000,22910.00000374988,297.86892469336016,479
11460000,22920.000003751917,302.4128246956858,479
11465000,22930.000003753954,296.7879481418177,479
11470000,22940.00000375599,302.0918548525911,479
11475000,22950.00000375803,298.3302483674093,479
11480000,22960.000003760066,299.3020239783273,479
11485000,22970.000003762103,301.1564721852381,479
11490000,22980.00000376414,302.0084119795568,479
11495000,22990.000003766178,303.2512553232255,479
11500000,23000.000003768215,301.1421007312179,479
11505000,23010.000003770252,301.17606158256416,479
11510000,23020.00000377229,300.9053918285402,479
11515000,23030.000003774327,303.38502039525986,479
11520000,23040.000003776364,301.46592275518736,479
11525000,23050.0000037784,300.21927650368565,479
11530000,23060.00000378044,300.6407580852048,479
11535000,23070.000003782476,301.8401554178739,479
11540000,23080.000003784513,300.16318361314825,479
11545000,23090.00000378655,296.1314822321033,479
11550000,23100.000003788587,300.88398941701473,479
11555000,23110.000003790625,300.9251802152296,479
11560000,23120.000003792662,298.8137925203666,479
11565000,23130.0000037947,298.81733010904844,479
11570000,23140.000003796737,299.0313542243034,479
11575000,23150.000003798774,299.5008806821087,479
11580000,23160.00000380081,299.48673032738105,479
11585000,23170.00000380285,302.7623826773161,479
11590000,23180.000003804886,300.8031997354918,479
11595000,23190.000003806923,299.2044749704239,479
11600000,23200.00000380896,299.30985089328607,479
11605000,23210.000003810997,301.87411626922017,479
11610000,23220.000003813035,297.36072796927596,479
11615000,23230.000003815072,299.19925702711816,479
11620000,23240.00000381711,298.6551316679833,479
11625000,23250.000003819147,302.1864632399027,479
11630000,23260.000003821184,298.0101850314143,479
11635000,23270.00000382322,300.36449451907765,479
11640000,23280.00000382526,300.770034841599,479
11645000,23290.000003827296,300.5865666485839,479
11650000,23300.000003829333,299.4921693699795,479
11655000,23310.00000383137,302.72848815575765,479
11660000,23320.000003833407,301.58571435192823,479
11665000,23330.000003835445,301.8229981127667,479
11670000,23340.000003837482,298.05599680484494,479
11675000,23350.00000383952,299.77031228009395,479
11680000,23360.000003841556,299.6431138570503,479
11685000,23370.000003843594,301.1020817592539,479
11690000,23380.00000384563,299.57207465433197,479
11695000,23390.00000384767,302.4737817706608,479
11700000,23400.000003849706,299.9513926007487,479
11705000,23410.000003851743,299.9949049415361,479
11710000,23420.00000385378,301.6584560191998,479
11715000,23430.000003855817,299.6314619243293,479
11720000,23440.000003857855,298.83683106665745,479
11725000,23450.000003859892,301.4656132161777,479
11730000,23460.00000386193,300.83519280313374,479
11735000,23470.000003863966,297.43592383869554,479
11740000,23480.000003866004,300.82603929241935,479
11745000,23490.00000386804,299.173830608467,479
11750000,23500.00000387008,301.8129602048818,479
11755000,23510.000003872115,303.20517823064375,479
11760000,23520.000003874153,299.416310202682,479
11765000,23530.00000387619,299.13898535995025,479
11770000,23540.000003878227,300.7370910469988,479
11775000,23550.000003880265,300.77861349415264,479
11780000,23560.000003882302,301.72841183538435,479
11785000,23570.00000388434,299.8917400116001,479
11790000,23580.000003886376,298.31240565449497,479
11795000,23590.000003888414,301.5008122235626,479
11800000,23600.00000389045,299.0578861394177,479
11805000,23610.000003892488,300.73771012501817,479
11810000,23620.000003894525,299.7230633612613,479
11815000,23630.000003896563,300.49416925419854,479
11820000,23640.0000038986,300.8814909950081,479
11825000,23650.000003900637,302.86357982354775,479
11830000,23660.000003902675,300.50396395286157,479
11835000,23670.00000390471,298.82944635028394,479
11840000,23680.00000390675,299.59031534597295,479
11845000,23690.000003908786,301.01439377980125,479
11850000,23700.000003910824,300.03934589935244,479
11855000,23710.00000391286,300.4443555835715,479
11860000,23720.000003914898,299.2656310347623,479
11865000,23730.000003916935,301.7184623672165,479
11870000,23740.000003918973,299.17223869356013,479
11875000,23750.00000392101,298.29761411181875,479
11880000,23760.000003923047,300.71277012481073,479
11885000,23770.000003925084,298.67768379583043,479
11890000,23780.00000392712,299.31555525503563,479
11895000,23790.00000392916,300.38883755119497,479
11900000,23800.000003931196,302.47723091962564,479
11905000,23810.000003933234,300.30908703634736,479
11910000,23820.00000393527,299.35071004256196,479
11915000,23830.000003937308,300.98697746751657,479
11920000,23840.000003939345,300.5053789883343,479
11925000,23850.000003941383,300.69437466366486,479
11930000,23860.00000394342,301.34686078611213,479
11935000,23870.000003945457,301.4891602908416,479
11940000,23880.000003947494,299.85667366379084,479
11945000,23890.00000394953,300.4811465058633,479
11950000,23900.00000395157,300.88157943472515,479
11955000,23910.000003953606,300.99325668742694,479
11960000,23920.000003955643,301.40585007738287,479
11965000,23930.00000395768,304.13131894756526,479
11970000,23940.000003959718,298.1508484013784,479
11975000,23950.000003961755,300.7182976071262,479
11980000,23960.000003963793,300.2479751918675,479
11985000,23970.00000396583,300.0465316263626,479
11990000,23980.000003967867,300.87607406233894,479
11995000,23990.000003969904,299.9032371748163,479
12000000,24000.00000397194,300.7641314904861,479
12005000,24010.00000397398,300.7696810827308,479
12010000,24020.000003976016,299.1961616370215,479
12015000,24030.000003978053,304.1476802952191,479
12020000,24040.00000398009,299.9345006147926,479
12025000,24050.000003982128,298.70337553363277,479
12030000,24060.000003984165,301.5195393336474,479
12035000,24070.000003986203,304.84637616982366,479
12040000,24080.00000398824,298.249259696523,479
12045000,24090.000003990277,299.26746615889107,479
12050000,24100.000003992314,300.0475929029671,479
12055000,24110.00000399435,301.0693590639463,479
12060000,24120.00000399639,300.9358150912045,479
12065000,24130.000003998426,300.05155058030505,479
12070000,24140.000004000463,300.1218159354992,479
12075000,24150.0000040025,299.55058380308935,479
12080000,24160.000004004538,299.2966291555875,479
12085000,24170.000004006575,299.453034795186,479
12090000,24180.000004008612,299.7208523683351,479
12095000,24190.00000401065,301.1664658732644,479
12100000,24200.000004012687,299.9378171041819,479
12105000,24210.000004014724,300.7713172174962,479
12110000,24220.00000401676,298.65902301553336,479
12115000,24230.0000040188,302.9312140971598,479
12120000,24240.000004020836,299.6183728462063,479
12125000,24250.000004022873,300.5839797868603,479
12130000,24260.00000402491,298.96475911736667,479
12135000,24270.000004026948,301.3835632686869,479
12140000,24280.000004028985,299.09242184892474,479
12145000,24290.000004031022,299.78203054260274,479
12150000,24300.00000403306,301.6663713738755,479
12155000,24310.000004035097,301.27719239900796,479
12160000,24320.000004037134,298.37104118689746,479
12165000,24330.00000403917,301.50404027323486,479
12170000,24340.00000404121,300.93123833584735,479
12175000,24350.000004043246,300.7815320048152,479
12180000,24360.000004045283,301.0708183192776,479
12185000,24370.00000404732,301.0455908899898,479
12190000,24380.000004049358,301.0987652698646,479
12195000,24390.000004051395,300.22215079448966,479
12200000,24400.000004053432,301.60517108967866,479
12205000,24410.00000405547,297.74305286607233,479
12210000,24420.000004057507,301.69774536349814,479
12215000,24430.000004059544,298.4645440777459,479
12220000,24440.00000406158,301.957514922396,479
12225000,24450.00000406362,301.305139349595,479
12230000,24460.000004065656,297.97671059851183,479
12235000,24470.000004067693,299.38871701096315,479
12240000,24480.00000406973,301.0571986028523,479
12245000,24490.000004071768,299.36802211717406,479
12250000,24500.000004073805,299.70404882209607,479
12255000,24510.000004075842,301.32702817956425,479
12260000,24520.00000407788,302.21160222947344,479
12265000,24530.000004079917,299.86277600426706,479
12270000,24540.000004081954,300.27165492610703,479
12275000,24550.00000408399,299.6483318003562,479
12280000,24560.00000408603,299.4420240504135,479
12285000,24570.000004088066,300.59872710967795,479
12290000,24580.000004090103,299.84181579132684,479
12295000,24590.00000409214,299.51909926382046,479
12300000,24600.000004094178,299.70886878667517,479
12305000,24610.000004096215,300.34468402245903,479
12310000,24620.000004098252,302.1765358816641,479
12315000,24630.00000410029,299.5555806471026,479
12320000,24640.000004102327,299.8753786639464,479
12325000,24650.000004104364,300.1648860777014,479
12330000,24660.0000041064,299.6572863217072,479
12335000,24670.00000410844,301.5594919758236,479
12340000,24680.000004110476,298.3943229424102,479
12345000,24690.000004112513,302.12820357629766,479
12350000,24700.00000411455,299.91847091607775,479
12355000,24710.000004116588,303.39019411870714,479
12360000,24720.000004118625,300.6798484401398,479
12365000,24730.000004120662,299.9257893026635,479
12370000,24740.0000041227,301.50934665625766,479
12375000,24750.000004124737,301.1509668128519,479
12380000,24760.000004126774,299.96664845193936,479
12385000,24770.00000412881,298.6893578384807,479
12390000,24780.00000413085,302.0028844972413,479
12395000,24790.000004132886,301.1582188696498,479
12400000,24800.000004134923,300.3426056891084,479
12405000,24810.00000413696,300.5486260099706,479
12410000,24820.000004138998,298.7165972713313,479
12415000,24830.000004141035,300.3808116468729,479
12420000,24840.000004143072,301.10729970255966,479
12425000,24850.00000414511,298.02449015564673,479
12430000,24860.000004147147,299.817008450695,479
12435000,24870.000004149184,300.0834109883714,479
12440000,24880.00000415122,301.972461234577,479
12445000,24890.00000415326,299.24648383602147,479
12450000,24900.000004155296,301.3989075595946,479
12455000,24910.000004157333,297.8619600656427,479
12460000,24920.00000415937,300.8809824666351,479
12465000,24930.000004161408,299.7670179006339,479
12470000,24940.000004163445,299.8087172272218,479
12475000,24950.000004165482,299.9955682394139,479
12480000,24960.00000416752,299.7161429534023,479
12485000,24970.000004169557,301.3795392615612,479
12490000,24980.000004171594,300.9575933715275,479
12495000,24990.00000417363,300.81613404411,479
12500000,25000.00000417567,300.79696473544,479
12505000,25010.000004177706,300.4856127115742,479
12510000,25020.000004179743,300.72643406109455,479
12515000,25030.00000418178,300.1921918403398,479
12520000,25040.000004183818,300.5841124464358,479
12525000,25050.000004185855,302.92867145529465,479
12530000,25060.000004187892,300.4224888635315,479
12535000,25070.00000418993,300.6627795747496,479
12540000,25080.000004191967,299.54167350159685,479
12545000,25090.000004194004,301.1543054121704,479
12550000,25100.00000419604,302.7655886170591,479
12555000,25110.00000419808,303.0328976618352,479
12560000,25120.000004200116,298.3188617538394,479
12565000,25130.000004202153,305.1405045587944,479
12570000,25140.00000420419,301.46242938636397,479
12575000,25150.000004206227,300.3615538984858,479
12580000,25160.000004208265,297.4934759845642,479
12585000,25170.000004210302,301.42050896048346,479
12590000,25180.00000421234,302.3883490039929,479
12595000,25190.000004214377,301.5399467983561,479
12600000,25200.000004216414,298.62935149046393,479
12605000,25210.00000421845,300.0275391971266,479
12610000,25220.00000422049,299.198063090938,479
12615000,25230.000004222526,300.5537112937008,479
12620000,25240.000004224563,300.48954827898285,479
12625000,25250.0000042266,302.21067361244445,479
12630000,25260.000004228637,299.92410894803953,479
12635000,25270.000004230675,297.83193478170506,479
12640000,25280.000004232712,297.5168240698648,479
12645000,25290.00000423475,300.9872648965969,479
12650000,25300.000004236786,300.8672522005635,479
12655000,25310.000004238824,300.83994643792505,479
12660000,25320.00000424086,299.6049300092151,479
12665000,25330.0000042429,300.0662315733349,479
12670000,25340.000004244936,300.87114354811354,479
12675000,25350.000004246973,297.73195368158287,479
12680000,25360.00000424901,300.022675012689,479
12685000,25370.000004251047,301.95999123447325,479
12690000,25380.000004253085,300.2856947311883,479
12695000,25390.000004255122,299.9902618563911,479
12700000,25400.00000425716,297.9349449421361,479
12705000,25410.000004259196,301.6322336430952,479
12710000,25420.000004261234,299.4443234830568,479
12715000,25430.00000426327,300.8388851613205,479
12720000,25440.00000426531,300.3810548560948,479
12725000,25450.000004267346,299.7540393721572,479
12730000,25460.000004269383,299.6062566049708,479
12735000,25470.00000427142,299.48297163940657,479
12740000,25480.000004273457,300.36942503330306,479
12745000,25490.000004275495,299.19899170796697,479
12750000,25500.000004277532,298.3472066831531,479
12755000,25510.00000427957,300.3440428345104,479
12760000,25520.000004281606,300.02848992408485,479
12765000,25530.000004283644,298.27665389887846,479
12770000,25540.00000428568,300.068354126544,479
12775000,25550.00000428772,300.519197694123,479
12780000,25560.000004289755,300.5207232792421,479
12785000,25570.000004291793,302.417821539699,479
12790000,25580.00000429383,299.84420366368715,479
12795000,25590.000004295867,301.2534021151222,479
12800000,25600.000004297905,299.5470019945489,479
12805000,25610.00000429994,299.48133550464115,479
12810000,25620.00000430198,299.41535947572373,479
12815000,25630.000004304016,301.6491698489098,479
12820000,25640.000004306054,302.37189921662207,479
12825000,25650.00000430809,299.7798195496765,479
12830000,25660.000004310128,299.66135454869135,479
12835000,25670.000004312165,300.7543589017523,479
12840000,25680.000004314203,297.15380114131403,479
12845000,25690.00000431624,300.946825835977,479
12850000,25700.000004318277,297.6231728296144,479
12855000,25710.000004320314,301.0890147910601,479
12860000,25720.00000432235,299.4260606814865,479
12865000,25730.00000432439,298.36818900602265,479
12870000,25740.000004326426,297.8892879382104,479
12875000,25750.000004328464,301.5130611243737,479
12880000,25760.0000043305,299.92556820337086,479
12885000,25770.000004332538,299.78762435470594,479
12890000,25780.000004334575,303.99176107406436,479
12895000,25790.000004336613,301.01532239683024,479
12900000,25800.00000433865,299.7221789640908,479
12905000,25810.000004340687,299.8908556144297,479
12910000,25820.000004342724,300.4592797858233,479
12915000,25830.00000434476,297.27715243666603,479
12920000,25840.0000043468,299.1162121328105,479
12925000,25850.000004348836,302.9191641857121,479
12930000,25860.000004350873,299.8093363052412,479
12935000,25870.00000435291,299.68837288224944,479
12940000,25880.000004354948,300.52165189627107,479
12945000,25890.000004356985,299.22592160180795,479
12950000,25900.000004359023,300.04593465827253,479
12955000,25910.00000436106,299.66020483236974,479
12960000,25920.000004363097,300.80269120711876,479
12965000,25930.000004365134,302.6139145023226,479
12970000,25940.00000436717,302.48594223175485,479
12975000,25950.00000436921,299.9041215719868,479
12980000,25960.000004371246,301.38871488220485,479
12985000,25970.000004373283,297.5805448859975,479
12990000,25980.00000437532,300.4551231191221,479
12995000,25990.000004377358,297.932402300271,479
13000000,26000.000004379395,298.2705515584022,479
13005000,26010.000004381433,300.72338289085644,479
13010000,26020.00000438347,300.7292641320401,479
13015000,26030.000004385507,299.9281329551652,479
13020000,26040.000004387544,299.24756722255535,479
13025000,26050.00000438958,299.12848314355085,479
13030000,26060.00000439162,299.19065626463527,479
13035000,26070.000004393656,298.33022625748004,479
13040000,26080.000004395693,300.60933987572366,479
13045000,26090.00000439773,300.7341283164777,479
13050000,26100.000004399768,301.7967094068743,479
13055000,26110.000004401805,302.64327648838236,479
13060000,26120.000004403842,299.03975599742296,479
13065000,26130.00000440588,299.14334101601486,479
13070000,26140.000004407917,301.4561059465951,479
13075000,26150.000004409954,299.2246392259107,479
13080000,26160.00000441199,299.52955726036134,479
13085000,26170.00000441403,300.0269643389658,479
13090000,26180.000004416066,303.5102068147406,479
13095000,26190.000004418103,298.6163950719165,479
13100000,26200.00000442014,300.0593111654759,479
13105000,26210.000004422178,300.65784906052426,479
13110000,26220.000004424215,298.0998629045005,479
13115000,26230.000004426252,298.72935470051544,479
13120000,26240.00000442829,302.3636743229367,479
13125000,26250.000004430327,302.53515893429176,479
13130000,26260.000004432364,302.3864033302179,479
13135000,26270.0000044344,301.68781800525954,479
13140000,26280.00000443644,300.9551612793087,479
13145000,26290.000004438476,303.01162790988525,479
13150000,26300.000004440513,301.61374974223224,479
13155000,26310.00000444255,302.05466595157264,479
13160000,26320.000004444588,299.20894117613483,479
13165000,26330.000004446625,302.5407748563243,479
13170000,26340.000004448662,300.85217322880686,479
13175000,26350.0000044507,299.32342638985284,479
13180000,26360.000004452737,302.93888624261365,479
13185000,26370.000004454774,301.6700858419915,479
13190000,26380.00000445681,299.22992349900437,479
13195000,26390.00000445885,300.0507104029931,479
13200000,26400.000004460886,299.7144183789199,479
13205000,26410.000004462923,301.6569967638685,479
13210000,26420.00000446496,301.4271640491913,479
13215000,26430.000004466998,301.73657039928196,479
13220000,26440.000004469035,300.105498807704,479
13225000,26450.000004471072,300.2028709361733,479
13230000,26460.00000447311,300.8620121473284,479
13235000,26470.000004475147,302.392240351543,479
13240000,26480.000004477184,297.2242433759423,479
13245000,26490.00000447922,301.26286516484623,479
13250000,26500.00000448126,300.33329740888917,479
13255000,26510.000004483296,301.6451237318549,479
13260000,26520.000004485333,298.0005451022561,479
13265000,26530.00000448737,298.6706086184666,479
13270000,26540.000004489408,299.6654669955341,479
13275000,26550.000004491445,298.3003557430472,479
13280000,26560.000004493482,299.882188522159,479
13285000,26570.00000449552,300.5928900883528,479
13290000,26580.000004497557,300.5797567903713,479
13295000,26590.000004499594,300.0335088780273,479
13300000,26600.00000450163,297.5161607719869,479
13305000,26610.00000450367,299.65812649901915,479
13310000,26620.000004505706,300.5360454602206,479
13315000,26630.000004507743,300.5564750348585,479
13320000,26640.00000450978,301.5072462129778,479
13325000,26650.000004511818,301.59150715339484,479
13330000,26660.000004513855,297.1699634996045,479
13335000,26670.000004515892,300.4885754420953,479
13340000,26680.00000451793,300.64683831575184,479
13345000,26690.000004519967,298.9702644897528,479
13350000,26700.000004522004,299.85077031267787,479
13355000,26710.00000452404,301.4087022582576,479
13360000,26720.00000452608,301.2822334628797,479
13365000,26730.000004528116,300.97751441779246,479
13370000,26740.000004530153,302.72550331530726,479
13375000,26750.00000453219,301.69084706556845,479
13380000,26760.000004534228,300.21010088304195,479
13385000,26770.000004536265,302.4015707416915,479
13390000,26780.000004538302,299.97670846975353,479
13395000,26790.00000454034,299.5336033774162,479
13400000,26800.000004542377,298.5369762060078,479
13405000,26810.000004544414,300.12818359512664,479
13410000,26820.00000454645,298.16132850784857,479
13415000,26830.00000454849,301.1164089934156,479
13420000,26840.000004550526,299.1335684272811,479
13425000,26850.000004552563,302.4237248908119,479
13430000,26860.0000045546,299.04705227407936,479
13435000,26870.000004556638,295.63188627050187,479
13440000,26880.000004558675,301.3888254318512,479
13445000,26890.000004560712,302.61006737463106,479
13450000,26900.00000456275,301.0221985848307,479
13455000,26910.000004564787,300.8415383528319,479
13460000,26920.000004566824,300.2547408302217,479
13465000,26930.00000456886,301.16774824916166,479
13470000,26940.0000045709,299.742630648658,479
13475000,26950.000004572936,298.2793513102484,479
13480000,26960.000004574973,298.8051696479544,479
13485000,26970.00000457701,299.8972674939156,479
13490000,26980.000004579048,300.4852147328475,479
13495000,26990.000004581085,298.87857461310386,479
13500000,27000.000004583122,298.9967742949379,479
13505000,27010.00000458516,300.59863866996096,479
13510000,27020.000004587197,298.1797239689944,479
13515000,27030.000004589234,299.7279275456989,479
13520000,27040.00000459127,298.9650244365178,479
13525000,27050.00000459331,298.8751917939268,479
13530000,27060.000004595346,298.93807243274756,479
13535000,27070.000004597383,300.87403994884687,479
13540000,27080.00000459942,301.2305846681239,479
13545000,27090.000004601457,301.07975073069935,479
13550000,27100.000004603495,297.6670831491285,479
13555000,27110.000004605532,300.4167623918527,479
13560000,27120.00000460757,302.09479547318296,479
13565000,27130.000004609607,300.08166430395966,479
13570000,27140.000004611644,301.36702504159894,479
13575000,27150.00000461368,300.7628048947303,479
13580000,27160.00000461572,299.1111710689388,479
13585000,27170.000004617756,299.6771410381844,479
13590000,27180.000004619793,299.98380575704664,479
13595000,27190.00000462183,301.21466551905536,479
13600000,27200.000004623867,300.42377123942873,479
13605000,27210.000004625905,299.3368250069856,479
13610000,27220.000004627942,299.2038558924046,479
13615000,27230.00000462998,298.58205835177284,479
13620000,27240.000004632016,300.30661072427006,479
13625000,27250.000004634054,300.95825666940533,479
13630000,27260.00000463609,303.5789686947451,479
13635000,27270.00000463813,299.6710829175666,479
13640000,27280.000004640166,303.72511532716607,479
13645000,27290.000004642203,298.6691935829939,479
13650000,27300.00000464424,300.9759888326734,479
13655000,27310.000004646277,301.6727390335029,479
13660000,27320.000004648315,300.51453249904876,479
13665000,27330.000004650352,301.54299796859425,479
13670000,27340.00000465239,301.01576459541553,479
13675000,27350.000004654426,301.4515955210257,479
13680000,27360.000004656464,302.10397109382666,479
13685000,27370.0000046585,302.23132428637507,479
13690000,27380.00000466054,299.02567197248317,479
13695000,27390.000004662576,301.4591128969747,479
13700000,27400.000004664613,304.64855863271765,479
13705000,27410.00000466665,304.2801851012855,479
13710000,27420.000004668687,301.7923537508097,479
13715000,27430.000004670725,301.70302963659174,479
13720000,27440.000004672762,300.5150189174925,479
13725000,27450.0000046748,300.18478501403706,479
13730000,27460.000004676836,298.7395473779051,479
13735000,27470.000004678874,301.8443120845751,479
13740000,27480.00000468091,299.6254922434286,479
13745000,27490.00000468295,301.22085629924874,479
13750000,27500.000004684985,298.6362497883936,479
13755000,27510.000004687023,302.2182573181813,479
13760000,27520.00000468906,300.5097567543282,479
13765000,27530.000004691097,297.6683434150964,479
13770000,27540.000004693135,300.26177178772696,479
13775000,27550.00000469517,298.0858230994192,479
13780000,27560.00000469721,300.64206257103126,479
13785000,27570.000004699246,299.76982586165013,479
13790000,27580.000004701284,299.1583315480544,479
13795000,27590.00000470332,299.09346101560004,479
13800000,27600.000004705358,302.62320067261254,479
13805000,27610.000004707395,300.7376216853011,479
13810000,27620.000004709433,300.92606461240007,479
13815000,27630.00000471147,299.7160102938268,479
13820000,27640.000004713507,304.2601756153035,479
13825000,27650.000004715544,299.2534926835975,479
13830000,27660.00000471758,301.14179119220825,479
13835000,27670.00000471962,299.4556437668389,479
13840000,27680.000004721656,298.47413978704554,479
13845000,27690.000004723694,300.16019877269787,479
13850000,27700.00000472573,300.4016392002376,479
13855000,27710.000004727768,300.87483590630035,479
13860000,27720.000004729805,299.27730507741256,479
13865000,27730.000004731843,300.5508148929675,479
13870000,27740.00000473388,299.79525228030127,479
13875000,27750.000004735917,301.21207865733174,479
13880000,27760.000004737954,299.3263670104447,479
13885000,27770.00000473999,303.85507749136735,479
13890000,27780.00000474203,301.0311309962525,479
13895000,27790.000004744066,301.24933388813804,479
13900000,27800.000004746104,302.44660866759796,479
13905000,27810.00000474814,298.3884417012265,479
13910000,27820.000004750178,299.3917902911306,479
13915000,27830.000004752215,299.8116136279551,479
13920000,27840.000004754253,301.3958563893565,479
13925000,27850.00000475629,299.1422134096225,479
13930000,27860.000004758327,301.51790319888204,479
13935000,27870.000004760364,299.9628897639649,479
13940000,27880.0000047624,298.31536838501603,479
13945000,27890.00000476444,300.3769866291106,479
13950000,27900.000004766476,300.9779123965192,479
13955000,27910.000004768513,300.19482292192197,479
13960000,27920.00000477055,299.95552715752063,479
13965000,27930.000004772588,301.6364787495135,479
13970000,27940.000004774625,297.1585547761053,479
13975000,27950.000004776663,301.27759037773467,479
13980000,27960.0000047787,299.0197465114409,479
13985000,27970.000004780737,301.48365491845533,479
13990000,27980.000004782774,300.2247155462841,479
13995000,27990.00000478481,301.36247039617103,479
14000000,28000.00000478685,300.57714781871834,479
14005000,28010.000004788886,302.64776480402253,479
14010000,28020.000004790923,300.7116204084891,479
14015000,28030.00000479296,299.05762082026655,479
14020000,28040.000004794998,298.5080121986748,479
14025000,28050.000004797035,299.7273526875381,479
14030000,28060.000004799072,297.9927402972267,479
14035000,28070.00000480111,300.7845610651241,479
14040000,28080.000004803147,299.3787233229368,479
14045000,28090.000004805184,301.1141980004894,479
14050000,28100.00000480722,302.83012750057446,479
14055000,28110.00000480926,301.61753054013604,479
14060000,28120.000004811296,297.1667354499322,479
14065000,28130.000004813333,301.3703636409175,479
14070000,28140.00000481537,302.9588957285957,479
14075000,28150.000004817408,299.9879845336771,479
14080000,28160.000004819445,299.34502779074165,479
14085000,28170.000004821482,298.35509992789963,479
14090000,28180.00000482352,300.95825666940533,479
14095000,28190.000004825557,299.4050562486877,479
14100000,28200.000004827594,301.91842456746093,479
14105000,28210.00000482963,299.3661869930453,479
14110000,28220.00000483167,299.9184488061485,479
14115000,28230.000004833706,298.3225762219554,479
14120000,28240.000004835743,302.2137468926119,479
14125000,28250.00000483778,297.78289495860224,479
14130000,28260.000004839818,300.44103909418226,479
14135000,28270.000004841855,298.5212339363734,479
14140000,28280.000004843892,301.82313077234227,479
14145000,28290.00000484593,300.8870626971821,479
14150000,28300.000004847967,298.6770204979526,479
14155000,28310.000004850004,301.2601014236885,479
14160000,28320.00000485204,301.91692109227114,479
14165000,28330.00000485408,298.8863130883455,479
14170000,28340.000004856116,300.25067260323743,479
14175000,28350.000004858153,301.73283382123674,479
14180000,28360.00000486019,299.9225612529912,479
14185000,28370.000004862228,298.03085781527415,479
14190000,28380.000004864265,300.3872677462174,479
14195000,28390.000004866302,300.96895787516814,479
14200000,28400.00000486834,298.42067797809034,479
14205000,28410.000004870377,300.8133703029523,479
14210000,28420.000004872414,297.6877780429176,479
14215000,28430.00000487445,298.6381512423102,479
14220000,28440.00000487649,300.867716509078,479
14225000,28450.000004878526,299.8703597100039,479
14230000,28460.000004880563,299.44463302206645,479
14235000,28470.0000048826,303.1297391520022,479
14240000,28480.000004884638,298.91339775169126,479
14245000,28490.000004886675,299.32446555652814,479
14250000,28500.000004888712,301.3217660163999,479
14255000,28510.00000489075,300.12873634335824,479
14260000,28520.000004892787,301.68706626766465,479
14265000,28530.000004894824,302.13828570404104,479
14270000,28540.00000489686,298.2553841469285,479
14275000,28550.0000048989,300.37075162905876,479
14280000,28560.000004900936,297.3469313734165,479
14285000,28570.000004902973,303.6276547589797,479
14290000,28580.00000490501,301.6952248315623,479
14295000,28590.000004907048,299.5205585191518,479
14300000,28600.000004909085,301.6344888558799,479
14305000,28610.000004911122,301.6416082531022,479
14310000,28620.00000491316,302.0328655613204,479
14315000,28630.000004915197,298.13484081259276,479
14320000,28640.000004917234,302.2658599958821,479
14325000,28650.00000491927,300.71809861776285,479
14330000,28660.00000492131,303.37020674265443,479
14335000,28670.000004923346,299.01512553622524,479
14340000,28680.000004925383,300.23829104285085,479
14345000,28690.00000492742,300.0539384526653,479
14350000,28700.000004929458,301.84846875127636,479
14355000,28710.000004931495,301.44646601743693,479
14360000,28720.000004933532,299.39342642589594,479
14365000,28730.00000493557,300.04984811575184,479
14370000,28740.000004937607,300.43657288847135,479
14375000,28750.000004939644,301.3799593502172,479
14380000,28760.00000494168,301.4028652369325,479
14385000,28770.00000494372,298.0720043936305,479
14390000,28780.000004945756,301.4058058575243,479
14395000,28790.000004947793,299.869099444036,479
14400000,28800.00000494983,300.1118222474729,479
14405000,28810.000004951868,298.2644049980674,479
14410000,28820.000004953905,301.71779906933864,479
14415000,28830.000004955942,295.3030895124485,479
14420000,28840.00000495798,302.4504336853603,479
14425000,28850.000004960017,298.135194571461,479
14430000,28860.000004962054,301.3682410877084,479
14435000,28870.00000496409,301.0528208368584,479
14440000,28880.00000496613,299.58863499134907,479
14445000,28890.000004968166,298.80634147420534,479
14450000,28900.000004970203,300.68840498276415,479
14455000,28910.00000497224,299.94383100494116,479
14460000,28920.000004974278,301.13352207866427,479
14465000,28930.000004976315,302.8570352844862,479
14470000,28940.000004978352,300.37568214328417,479
14475000,28950.00000498039,299.9569200830642,479
14480000,28960.000004982427,303.8621084488727,479
14485000,28970.000004984464,298.1215969649649,479
14490000,28980.0000049865,299.49809483102166,479
14495000,28990.00000498854,300.662978564113,479
14500000,29000.000004990576,300.35423551190013,479
14505000,29010.000004992613,300.2958652986488,479
14510000,29020.00000499465,299.5068061431508,479
14515000,29030.000004996687,300.5455085099446,479
14520000,29040.000004998725,301.6669462320363,479
14525000,29050.000005000762,301.57169665677617,479
14530000,29060.0000050028,303.04700379670425,479
14535000,29070.000005004837,298.5147778370289,479
14540000,29080.000005006874,300.73028118878614,479
14545000,29090.00000500891,300.5460391482469,479
14550000,29100.00000501095,300.8630292040745,479
14555000,29110.000005012986,300.1685342160296,479
14560000,29120.000005015023,300.36078005096164,479
14565000,29130.00000501706,300.2983637206554,479
14570000,29140.000005019097,300.8599559239071,479
14575000,29150.000005021135,299.46824642651814,479
14580000,29160.000005023172,297.61189676569086,479
14585000,29170.00000502521,301.3902625772532,479
14590000,29180.000005027247,301.0723660143259,479
14595000,29190.000005029284,299.4839886961526,479
14600000,29200.00000503132,300.46785843837694,479
14605000,29210.00000503336,302.5010433134407,479
14610000,29220.000005035396,299.6078485198777,479
14615000,29230.000005037433,299.78105770571517,479
14620000,29240.00000503947,300.0429277078929,479
14625000,29250.000005041507,299.39360330533003,479
14630000,29260.000005043545,302.5520951401064,479
14635000,29270.000005045582,300.6694125535282,479
14640000,29280.00000504762,299.69872032914395,479
14645000,29290.000005049656,300.93358198834915,479
14650000,29300.000005051694,300.3780257957859,479
14655000,29310.00000505373,301.0522680886269,479
14660000,29320.00000505577,300.6835629082558,479
14665000,29330.000005057806,299.7148163576466,479
14670000,29340.000005059843,299.0712184267626,479
14675000,29350.00000506188,299.84628199703775,479
14680000,29360.000005063917,300.1082183290032,479
14685000,29370.000005065955,301.4597098650648,479
14690000,29380.000005067992,299.34980353546223,479
14695000,29390.00000507003,299.8600343730386,479
14700000,29400.000005072066,301.10150690109305,479
14705000,29410.000005074104,301.0222649146185,479
14710000,29420.00000507614,299.45542266754626,479
14715000,29430.00000507818,298.59039379510455,479
14720000,29440.000005080215,298.8401917759052,479
14725000,29450.000005082253,302.48165290547803,479
14730000,29460.00000508429,300.6902179969636,479
14735000,29470.000005086327,301.42254307397553,479
14740000,29480.000005088365,300.12517664474706,479
14745000,29490.000005090402,301.4719808758051,479
14750000,29500.00000509244,300.40544210807064,479
14755000,29510.000005094476,302.0030171568169,479
14760000,29520.000005096514,302.44888599031196,479
14765000,29530.00000509855,303.00338090627054,479
14770000,29540.000005100588,299.9266515899047,479
14775000,29550.000005102625,300.8122648064892,479
14780000,29560.000005104663,299.89992068542705,479
14785000,29570.0000051067,300.3878426043782,479
14790000,29580.000005108737,299.52259263264386,479
14795000,29590.000005110775,301.09615629821167,479
14800000,29600.00000511281,297.02593942039255,479
14805000,29610.00000511485,301.6656196362806,479
14810000,29620.000005116886,302.3001967160258,479
14815000,29630.000005118924,298.08666327673114,479
14820000,29640.00000512096,298.6361613486766,479
14825000,29650.000005122998,298.697914381105,479
14830000,29660.000005125035,299.90226433792884,479
14835000,29670.000005127073,302.8635356036892,479
14840000,29680.00000512911,299.5690677039523,479
14845000,29690.000005131147,303.0258224844714,479
14850000,29700.000005133184,301.72593552330704,479
14855000,29710.00000513522,301.0612668298365,479
14860000,29720.00000513726,303.6712997593427,479
14865000,29730.000005139296,300.29464925253933,479
14870000,29740.000005141334,302.9478186540355,479
14875000,29750.00000514337,299.9757577427953,479
14880000,29760.000005145408,299.6593646550578,479
14885000,29770.000005147445,300.7648168982932,479
14890000,29780.000005149483,299.51622497301645,479
14895000,29790.00000515152,299.23901067993097,479
14900000,29800.000005153557,299.74557126924987,479
14905000,29810.000005155594,298.669878990801,479
14910000,29820.00000515763,302.03209171379626,479
14915000,29830.00000515967,300.86860090624845,479
14920000,29840.000005161706,299.85861933756587,479
14925000,29850.000005163743,301.368882275657,479
14930000,29860.00000516578,298.55824595795775,479
14935000,29870.000005167818,301.3699656621908,479
14940000,29880.000005169855,301.22249243401404,479
14945000,29890.000005171893,299.1852393319661,479
14950000,29900.00000517393,299.87201795469855,479
14955000,29910.000005175967,299.08554566092425,479
14960000,29920.000005178004,299.2747845454767,479
14965000,29930.00000518004,302.3148334891972,479
14970000,29940.00000518208,302.5515423918748,479
14975000,29950.000005184116,299.4350373127668,479
14980000,29960.000005186153,301.1296749509727,479
14985000,29970.00000518819,301.34285888891577,479
14990000,29980.000005190228,297.08231974001035,479
14995000,29990.000005192265,297.5800142476952,479
15000000,30000.000005194303,300.7804265083521,479
15005000,30010.00000519634,299.4283601141297,479
15010000,30020.000005198377,300.4697820022227,479
15015000,30030.000005200414,300.18973763819173,479
15020000,30040.00000520245,300.44351540625956,479
15025000,30050.00000520449,301.9710461991042,479
15030000,30060.000005206526,303.23770193658794,479
15035000,30070.000005208563,302.927764948195,479
15040000,30080.0000052106,300.0178550481099,479
15045000,30090.000005212638,300.4534648744274,479
15050000,30100.000005214675,301.4671166913675,479
15055000,30110.000005216712,301.8432508079706,479
15060000,30120.00000521875,301.0152560670425,479
15065000,30130.000005220787,298.88328402803666,479
15070000,30140.000005222824,298.79009067619785,479
15075000,30150.00000522486,301.07831358529734,479
15080000,30160.0000052269,299.906841093286,479
15085000,30170.000005228936,299.98234650171537,479
15090000,30180.000005230973,300.2235658299624,479
15095000,30190.00000523301,300.102712956617,479
15100000,30200.000005235048,300.40906813646956,479
15105000,30210.000005237085,300.27782359637104,479
15110000,30220.000005239122,299.80402992221826,479
15115000,30230.00000524116,300.46412186033166,479
15120000,30240.000005243197,301.3437432860862,479
15125000,30250.000005245234,297.61972368064954,479
15130000,30260.00000524727,300.0440774242145,479
15135000,30270.00000524931,300.07618104150276,479
15140000,30280.000005251346,297.2568997414621,479
15145000,30290.000005253383,299.7858776702943,479
15150000,30300.00000525542,300.35848061831837,479
15155000,30310.000005257458,302.8865299301215,479
15160000,30320.000005259495,302.63927459118594,479
15165000,30330.000005261532,299.95568192702547,479
15170000,30340.00000526357,300.83793443436224,479
15175000,30350.000005265607,300.80182891987755,479
15180000,30360.000005267644,297.8054028665908,479
15185000,30370.00000526968,299.85331295454296,479
15190000,30380.00000527172,300.41525891666294,479
15195000,30390.000005273756,301.3165038532356,479
15200000,30400.000005275793,299.38716931591483,479
15205000,30410.00000527783,298.8042410309254,479
15210000,30420.000005279868,299.22587738194943,479
15215000,30430.000005281905,300.37247620354117,479
15220000,30440.000005283942,300.0553977079966,479
15225000,30450.00000528598,301.50275789733763,479
15230000,30460.000005288017,301.52778633726206,479
15235000,30470.000005290054,300.9788852334067,479
15240000,30480.00000529209,302.9782861365584,479
15245000,30490.00000529413,300.4053978882121,479
15250000,30500.000005296166,300.37840166458335,479
15255000,30510.000005298203,298.7218815444249,479
15260000,30520.00000530024,300.6980891317809,479
15265000,30530.000005302278,301.98796029498953,479
15270000,30540.000005304315,299.37169236543156,479
15275000,30550.000005306352,301.8658913755347,479
15280000,30560.00000530839,302.1896691796457,479
15285000,30570.000005310427,301.4705658403323,479
15290000,30580.000005312464,302.6627111162036,479
15295000,30590.0000053145,298.06214336517974,479
15300000,30600.00000531654,300.9116268285921,479
15305000,30610.000005318576,299.7029875454915,479
15310000,30620.000005320613,300.1495196768644,479
15315000,30630.00000532265,299.595555399208,479
15320000,30640.000005324688,300.8341094165999,479
15325000,30650.000005326725,301.0791758725386,479
15330000,30660.000005328762,298.7804065271811,479
15335000,30670.0000053308,299.7748448155926,479
15340000,30680.000005332837,297.46725360845966,479
15345000,30690.000005334874,298.93973067744224,479
15350000,30700.00000533691,301.79319392812164,479
15355000,30710.00000533895,300.475972782416,479
15360000,30720.000005340986,298.3545029598095,479
15365000,30730.000005343023,301.9294795320919,479
15370000,30740.00000534506,298.40292370489306,479
15375000,30750.000005347098,300.9608877509876,479
15380000,30760.000005349135,300.71201838721583,479
15385000,30770.000005351172,299.7418125812754,479
15390000,30780.00000535321,299.99897316852025,479
15395000,30790.000005355247,298.6928512073041,479
15400000,30800.000005357284,301.1456383198998,479
15405000,30810.00000535932,300.3021224086299,479
15410000,30820.00000536136,301.5525494580354,479
15415000,30830.000005363396,301.5930327385139,479
15420000,30840.000005365433,300.0907072650278,479
15425000,30850.00000536747,300.7736387600687,479
15430000,30860.000005369508,302.94841562212554,479
15435000,30870.000005371545,297.974698594949,479
15440000,30880.000005373582,299.15231764729515,479
15445000,30890.00000537562,298.2446829411658,479
15450000,30900.000005377657,303.1848370957228,479
15455000,30910.000005379694,301.2912322040893,479
15460000,30920.00000538173,298.4021056375104,479
15465000,30930.00000538377,301.7042014628426,479
15470000,30940.000005385806,300.5363549992302,479
15475000,30950.000005387843,302.6949695029966,479
15480000,30960.00000538988,301.3552846691609,479
15485000,30970.000005391918,298.962503904582,479
15490000,30980.000005393955,299.0526460861826,479
15495000,30990.000005395992,302.5247230476802,479
15500000,31000.00000539803,301.2722397748533,479
15505000,31010.000005400067,301.1892612103335,479
15510000,31020.000005402104,299.30688816276495,479
15515000,31030.00000540414,301.82808339649694,479
15520000,31040.00000540618,300.3076720008746,479
15525000,31050.000005408216,300.2170212909009,479
15530000,31060.000005410253,298.63386191603337,479
15535000,31070.00000541229,300.7019804793309,479
15540000,31080.000005414327,301.5367629685424,479
15545000,31090.000005416365,297.79226956860924,479
15550000,31100.000005418402,301.44589115927613,479
15555000,31110.00000542044,300.8909540447322,479
15560000,31120.000005422477,299.9200407210554,479
15565000,31130.000005424514,299.94719171418893,479
15570000,31140.00000542655,300.4618666475469,479
15575000,31150.00000542859,302.09231916110565,479
15580000,31160.000005430626,301.26489927833836,479
15585000,31170.000005432663,300.8959951086039,479
15590000,31180.0000054347,300.27928285170236,479
15595000,31190.000005436737,300.4375899452174,479
15600000,31200.000005438775,302.7128564357695,479
15605000,31210.000005440812,300.9741979284032,479
15610000,31220.00000544285,299.45511312853654,479
15615000,31230.000005444886,303.145591971283,479
15620000,31240.000005446924,297.4506932714425,479
15625000,31250.00000544896,301.72436571832947,479
15630000,31260.000005451,299.7808808262811,479
15635000,31270.000005453036,297.37288843037,479
15640000,31280.000005455073,302.2501619461062,479
15645000,31290.00000545711,300.558376488775,479
15650000,31300.000005459147,300.47128547741255,479
15655000,31310.000005461185,298.2467612745164,479
15660000,31320.000005463222,299.1132051824309,479
15665000,31330.00000546526,299.8353596919824,479
15670000,31340.000005467296,299.73599766987945,479
15675000,31350.000005469334,297.6287445317884,479
15680000,31360.00000547137,303.47564899530425,479
15685000,31370.00000547341,300.0643964492062,479
15690000,31380.000005475446,300.9119142576725,479
15695000,31390.000005477483,299.6630349033153,479
15700000,31400.00000547952,300.9093937257366,479
15705000,31410.000005481557,302.0410904550059,479
15710000,31420.000005483595,299.94389733472894,479
15715000,31430.000005485632,298.39918712684783,479
15720000,31440.00000548767,300.2513580110446,479
15725000,31450.000005489706,301.53145658551955,479
15730000,31460.000005491744,301.86173470883347,479
15735000,31470.00000549378,301.3993497581798,479
15740000,31480.00000549582,301.13719232692176,479
15745000,31490.000005497855,302.2576351021967,479
15750000,31500.000005499893,300.7818194338956,479
15755000,31510.00000550193,300.32155703645105,479
15760000,31520.000005503967,301.33308630018195,479
15765000,31530.000005506005,301.7123600267402,479
15770000,31540.00000550804,300.47022420080793,479
15775000,31550.00000551008,302.41384175243184,479
15780000,31560.000005512116,299.1699834807754,479
15785000,31570.000005514154,298.23672336663157,479
15790000,31580.00000551619,300.1551134889677,479
15795000,31590.000005518228,298.29458505150984,479
15800000,31600.000005520265,300.8796116510209,479
15805000,31610.000005522303,297.7323295503803,479
15810000,31620.00000552434,300.46058427164974,479
15815000,31630.000005526377,299.8480950112372,479
15820000,31640.000005528414,302.00292871709985,479
15825000,31650.00000553045,298.6450495402399,479
15830000,31660.00000553249,300.80686998374927,479
15835000,31670.000005534526,299.00796191914435,479
15840000,31680.000005536564,300.51453249904876,479
15845000,31690.0000055386,300.2198071419879,479
15850000,31700.000005540638,299.38975617763845,479
15855000,31710.000005542675,300.1215506163481,479
15860000,31720.000005544713,301.0297601806383,479
15865000,31730.00000554675,299.2295476302069,479
15870000,31740.000005548787,298.2250051041228,479
15875000,31750.000005550824,302.2701493221589,479
15880000,31760.00000555286,301.8493089285883,479
15885000,31770.0000055549,298.6725985121002,479
15890000,31780.000005556936,300.5759096626797,479
15895000,31790.000005558973,298.8977439217739,479
15900000,31800.00000556101,298.4775447161519,479
15905000,31810.000005563048,299.18829050220427,479
15910000,31820.000005565085,301.42380333994345,479
15915000,31830.000005567123,298.49010315597263,479
15920000,31840.00000556916,300.9601360133926,479
15925000,31850.000005571197,299.6323905413583,479
15930000,31860.000005573234,300.4385627821049,479
15935000,31870.00000557527,299.93432373535853,479
15940000,31880.00000557731,300.5515445206331,479
15945000,31890.000005579346,300.9308624670499,479
15950000,31900.000005581383,297.3657248132891,479
15955000,31910.00000558342,301.4035948645981,479
15960000,31920.000005585458,300.18841104243603,479
15965000,31930.000005587495,300.89409365468737,479
15970000,31940.000005589533,300.5099778536208,479
15975000,31950.00000559157,299.65916566569445,479
15980000,31960.000005593607,299.1100655724757,479
15985000,31970.000005595644,300.59322173729174,479
15990000,31980.00000559768,300.59629501745917,479
15995000,31990.00000559972,302.1128150655314,479
16000000,32000.000005601756,298.2273487566245,479
16005000,32010.000005603793,300.38680343770284,479
16010000,32020.00000560583,302.9639810123259,479
16015000,32030.000005607868,297.6879549223517,479
16020000,32040.000005609905,303.0864036906489,479
16025000,32050.000005611942,298.57801223471785,479
16030000,32060.00000561398,297.3294203094411,479
16035000,32070.000005616017,299.6293393711202,479
16040000,32080.000005618054,299.81568185493927,479
16045000,32090.00000562009,301.65887610785575,479
16050000,32100.00000562213,299.38710298612705,479
16055000,32110.000005624166,298.40734569074544,479
16060000,32120.000005626203,300.5412855134556,479
16065000,32130.00000562824,299.2576935701573,479
16070000,32140.000005630278,302.6489808501319,479
16075000,32150.000005632315,301.84391410584846,479
16080000,32160.000005634352,301.43297896058715,479
16085000,32170.00000563639,299.6993836270218,479
16090000,32180.000005638427,299.11417801931844,479
16095000,32190.000005640464,299.1460163174555,479
16100000,32200.0000056425,304.9739283517355,479
16105000,32210.00000564454,297.7310250645538,479
16110000,32220.000005646576,300.8469331755718,479
16115000,32230.000005648613,300.5515445206331,479
16120000,32240.00000565065,299.18263036031317,479
16125000,32250.000005652688,297.46318538147545,479
16130000,32260.000005654725,299.4562186249997,479
16135000,32270.000005656762,302.42869962489584,479
16140000,32280.0000056588,297.351530238703,479
16145000,32290.000005660837,302.24233503114743,479
16150000,32300.000005662874,300.8356128917897,479
16155000,32310.00000566491,300.91109619028975,479
16160000,32320.00000566695,300.9366552685165,479
16165000,32330.000005668986,303.30434126338326,479
16170000,32340.000005671023,301.5404774366584,479
16175000,32350.00000567306,299.5334707178407,479
16180000,32360.000005675098,302.99283447001267,479
16185000,32370.000005677135,300.3247850861233,479
16190000,32380.000005679172,300.13150008451595,479
16195000,32390.00000568121,298.4632174819902,479
16200000,32400.000005683247,298.58243422057024,479
16205000,32410.000005685284,300.9813394355548,479
16210000,32420.00000568732,301.8170947616537,479
16215000,32430.00000568936,297.7290351709203,479
16220000,32440.000005691396,298.9516700392436,479
16225000,32450.000005693433,299.43574483050315,479
16230000,32460.00000569547,298.2538806717387,479
16235000,32470.000005697508,299.2456436587095,479
16240000,32480.000005699545,301.4712291382102,479
16245000,32490.000005701582,302.9300422709089,479
16250000,32500.00000570362,300.76508221744433,479
16255000,32510.000005705657,297.66986900021544,479
16260000,32520.000005707694,300.7527448769162,479
16265000,32530.00000570973,300.4436038459766,479
16270000,32540.00000571177,301.1083609791643,479
16275000,32550.000005713806,299.2066859633501,479
16280000,32560.000005715843,298.5610760289033,479
16285000,32570.00000571788,299.4327820999821,479
16290000,32580.000005719918,301.27759037773467,479
16295000,32590.000005721955,299.3187390848493,479
16300000,32600.000005723992,300.29902701853325,479
16305000,32610.00000572603,302.0298143910823,479
16310000,32620.000005728067,301.3968734461025,479
16315000,32630.000005730104,301.3336611583428,479
16320000,32640.00000573214,300.1220591447211,479
16325000,32650.00000573418,301.2110394906564,479
16330000,32660.000005736216,301.28269777139417,479
16335000,32670.000005738253,302.74020641826644,479
16340000,32680.00000574029,299.93476593394377,479
16345000,32690.000005742328,299.9074601713054,479
16350000,32700.000005744365,299.1169638704054,479
16355000,32710.000005746402,299.3783916739979,479
16360000,32720.00000574844,301.2407773455136,479
16365000,32730.000005750477,299.0457035683944,479
16370000,32740.000005752514,302.627711098182,479
16375000,32750.00000575455,303.9815905066038,479
16380000,32760.00000575659,300.9592295062929,479
16385000,32770.00000575862,303.4927178606945,479
16390000,32780.00000576066,300.900815073183,479
16395000,32790.0000057627,302.32807733682506,479
16400000,32800.000005764734,299.78302548941946,479
16405000,32810.00000576677,300.95925161622216,479
16410000,32820.00000576881,300.6818162238441,479
16415000,32830.000005770846,301.30947289573027,479
16420000,32840.00000577288,300.6763771812457,479
16425000,32850.00000577492,298.52689407826443,479
16430000,32860.00000577696,300.1849840034004,479
16435000,32870.000005778995,299.16874532473673,479
16440000,32880.00000578103,299.0574218309032,479
16445000,32890.00000578307,303.38249986332397,479
16450000,32900.00000578511,304.58987888045664,479
16455000,32910.000005787144,301.73765378581584,479
16460000,32920.00000578918,299.0528892954045,479
16465000,32930.00000579122,301.39656390709285,479
16470000,32940.000005793256,300.0929403678833,479
16475000,32950.00000579529,299.0493295967933,479
16480000,32960.00000579733,301.76504798817126,479
16485000,32970.00000579937,301.2069933736015,479
16490000,32980.000005801405,299.10011610430786,479
16495000,32990.00000580344,300.3593650154889,479
16500000,33000.00000580548,300.21279829441187,479
16505000,33010.00000580752,297.5308417650168,479
16510000,33020.000005809554,301.039112680716,479
16515000,33030.00000581159,300.7263898412361,479
16520000,33040.00000581363,298.44300900664484,479
16525000,33050.000005815666,300.3128015044634,479
16530000,33060.0000058177,300.6443398937452,479
16535000,33070.00000581974,302.3529731171739,479
16540000,33080.00000582178,301.2414627533208,479
16545000,33090.000005823815,299.421970344573,479
16550000,33100.00000582585,302.1071107037818,479
16555000,33110.00000582789,298.80539074724703,479
16560000,33120.00000582993,302.0736362708794,479
16565000,33130.000005831964,299.90863199755626,479
16570000,33140.000005834,299.598672899234,479
16575000,33150.00000583604,299.1135368313698,479
16580000,33160.000005838076,301.9145332199109,479
16585000,33170.00000584011,303.05111624354697,479
16590000,33180.00000584215,300.36564423539926,479
16595000,33190.00000584419,300.2000408652278,479
16600000,33200.000005846225,301.1979061926749,479
16605000,33210.00000584826,301.1718164761458,479
16610000,33220.0000058503,299.2723082333994,479
16615000,33230.00000585234,302.2063621762384,479
16620000,33240.000005854374,301.9516779010708,479
16625000,33250.00000585641,300.3288754230368,479
16630000,33260.00000585845,301.7783360556577,479
16635000,33270.000005860486,300.7533860648648,479
16640000,33280.00000586252,301.4598646345696,479
16645000,33290.00000586456,299.5984517999413,479
16650000,33300.0000058666,299.5672546897528,479
16655000,33310.000005868635,301.1474513340993,479
16660000,33320.00000587067,299.14829364016947,479
16665000,33330.00000587271,302.5322404236292,479
16670000,33340.00000587475,298.7537419524913,479
16675000,33350.000005876784,300.8920595411953,479
16680000,33360.00000587882,297.68521329112326,479
16685000,33370.00000588086,300.3689607247885,479
16690000,33380.000005882895,301.3581368500357,479
16695000,33390.00000588493,301.86104930102636,479
16700000,33400.00000588697,300.84666785642065,479
16705000,33410.00000588901,299.31175234720257,479
16710000,33420.000005891045,302.00235385893905,479
16715000,33430.00000589308,298.8306845063226,479
16720000,33440.00000589512,298.91779762761445,479
16725000,33450.00000589716,299.51551745528,479
16730000,33460.000005899194,300.44899866871657,479
16735000,33470.00000590123,300.1070465027523,479
16740000,33480.00000590327,300.52090015867617,479
16745000,33490.000005905305,300.6712476776569,479
16750000,33500.00000590734,301.25203129950796,479
16755000,33510.00000590938,300.2974572135556,479
16760000,33520.00000591142,300.4812791654389,479
16765000,33530.000005913455,298.12427226640557,479
16770000,33540.00000591549,302.5419245726459,479
16775000,33550.00000591753,299.69429834329156,479
16780000,33560.000005919566,301.2366427887417,479
16785000,33570.0000059216,300.89371778589,479
16790000,33580.00000592364,302.19855737120895,479
16795000,33590.00000592568,302.7056707087594,479
16800000,33600.000005927715,297.8514578492433,479
16805000,33610.00000592975,298.8336472368437,479
16810000,33620.00000593179,302.00885417814203,479
16815000,33630.00000593383,297.45374444168067,479
16820000,33640.000005935864,302.9699506932266,479
16825000,33650.0000059379,298.8105202508358,479
16830000,33660.00000593994,300.7705654799013,479
16835000,33670.000005941976,297.6750427236628,479
16840000,33680.00000594401,300.6701421811938,479
16845000,33690.00000594605,299.3316070636797,479
16850000,33700.00000594809,301.10884739760803,479
16855000,33710.000005950125,300.8384871825938,479
16860000,33720.00000595216,302.0361820507097,479
16865000,33730.0000059542,300.16619056352783,479
16870000,33740.00000595624,300.8229660122519,479
16875000,33750.000005958274,300.73877140162267,479
16880000,33760.00000596031,302.1141416612871,479
16885000,33770.00000596235,298.4740513473285,479
16890000,33780.000005964386,300.63753003553256,479
16895000,33790.00000596642,302.23932808076785,479
16900000,33800.00000596846,300.1584520882862,479
16905000,33810.0000059705,299.8498195857197,479
16910000,33820.000005972535,300.3616644481321,479
16915000,33830.00000597457,298.7092567748164,479
16920000,33840.00000597661,300.87103299846723,479
16925000,33850.00000597865,300.5250126055189,479
16930000,33860.000005980684,303.48679239965224,479
16935000,33870.00000598272,301.93867726266484,479
16940000,33880.00000598476,300.30081792280345,479
16945000,33890.000005986796,300.41220774642477,479
16950000,33900.00000598883,298.6576079800606,479
16955000,33910.00000599087,298.4499957442916,479
16960000,33920.00000599291,300.8292894520208,479
16965000,33930.000005994945,298.9694906422287,479
16970000,33940.00000599698,300.40884703717694,479
16975000,33950.00000599902,299.2927378080373,479
16980000,33960.00000600106,300.1317654036671,479
16985000,33970.000006003094,302.8218804969598,479
16990000,33980.00000600513,297.93828354145467,479
16995000,33990.00000600717,303.7111860717311,479
17000000,34000.000006009206,299.6571757720609,479
17005000,34010.00000601124,300.7157328553318,479
17010000,34020.00000601328,302.91135938068265,479
17015000,34030.00000601532,301.02699643948057,479
17020000,34040.000006017355,299.57300327136096,479
17025000,34050.00000601939,297.2201972588874,479
17030000,34060.00000602143,299.64079231447784,479
17035000,34070.00000602347,299.46926348326417,479
17040000,34080.000006025504,299.71547965552446,479
17045000,34090.00000602754,299.46271894420266,479
17050000,34100.00000602958,300.72223317453484,479
17055000,34110.000006031616,301.4828147411434,479
17060000,34120.00000603365,300.01991127153127,479
17065000,34130.00000603569,301.375891123233,479
17070000,34140.00000603773,300.1539858825753,479
17075000,34150.000006039765,298.0629835424917,479
17080000,34160.0000060418,298.41756047806444,479
17085000,34170.00000604384,299.65255479684515,479
17090000,34180.00000604588,299.9521885582021,479
17095000,34190.000006047914,300.17273510258934,479
17100000,34200.00000604995,298.8522637972822,479
17105000,34210.00000605199,299.92379940902987,479
17110000,34220.000006054026,300.645334840562,479
17115000,34230.00000605606,299.3810890853678,479
17120000,34240.0000060581,302.40130542254036,479
17125000,34250.00000606014,301.4934717270477,479
17130000,34260.000006062175,299.7417462514876,479
17135000,34270.00000606421,302.15889215811313,479
17140000,34280.00000606625,300.3095734547911,479
17145000,34290.00000606829,300.8328049307735,479
17150000,34300.000006070324,303.0393758711089,479
17155000,34310.00000607236,303.4485201120999,479
17160000,34320.0000060744,300.1354356519246,479
17165000,34330.000006076436,302.362436166898,479
17170000,34340.00000607847,298.9376302341623,479
17175000,34350.00000608051,300.89672473626956,479
17180000,34360.00000608255,300.33278888051615,479
17185000,34370.000006084585,299.2981326307773,479
17190000,34380.00000608662,299.51492048718995,479
17195000,34390.00000608866,297.58717786477604,479
17200000,34400.0000060907,300.06685065135423,479
17205000,34410.000006092734,298.5175194682574,479
17210000,34420.00000609477,300.68219209264157,479
17215000,34430.00000609681,301.1185978764125,479
17220000,34440.000006098846,300.842643849295,479
17225000,34450.00000610088,302.1530109169295,479
17230000,34460.00000610292,299.74351504582853,479
17235000,34470.00000610496,298.56067805017653,479
17240000,34480.000006106995,302.103661554817,479
17245000,34490.00000610903,298.9434009256997,479
17250000,34500.00000611107,301.1631493838752,479
17255000,34510.00000611311,301.3976251836974,479
17260000,34520.000006115144,300.0320717326253,479
17265000,34530.00000611718,297.96096832887736,479
17270000,34540.00000611922,299.247368233192,479
17275000,34550.000006121256,298.7245568458656,479
17280000,34560.00000612329,300.6719109755348,479
17285000,34570.00000612533,300.56960833284006,479
17290000,34580.00000612737,297.87213063310315,479
17295000,34590.000006129405,300.2615064685758,479
17300000,34600.00000613144,301.0548549503505,479
17305000,34610.00000613348,300.7615446287624,479
17310000,34620.00000613552,300.51143710895207,479
17315000,34630.000006137554,298.30897861545935,479
17320000,34640.00000613959,300.9571069530838,479
17325000,34650.00000614163,299.6782023147889,479
17330000,34660.000006143666,299.96927953352156,479
17335000,34670.0000061457,298.3385395908825,479
17340000,34680.00000614774,301.03758709559696,479
17345000,34690.00000614978,302.08756552631434,479
17350000,34700.000006151815,302.41510201839975,479
17355000,34710.00000615385,301.40253358799356,479
17360000,34720.00000615589,301.5709891390398,479
17365000,34730.00000615793,302.1951524421026,479
17370000,34740.000006159964,303.33633433102517,479
17375000,34750.000006162,302.2901809180702,479
17380000,34760.00000616404,302.8071552840714,479
17385000,34770.000006166076,301.06274819509696,479
17390000,34780.00000616811,299.0949202709313,479
17395000,34790.00000617015,301.00824721946645,479
17400000,34800.00000617219,300.10536614812844,479
17405000,34810.000006174225,296.4126984223851,479
17410000,34820.00000617626,301.62179775648355,479
17415000,34830.0000061783,300.6774605677795,479
17420000,34840.00000618034,300.8520847890898,479
17425000,34850.000006182374,301.43580903153264,479
17430000,34860.00000618441,299.38918131947764,479
17435000,34870.00000618645,298.0499386842272,479
17440000,34880.000006188486,300.47623810156716,479
17445000,34890.00000619052,298.00841623707333,479
17450000,34900.00000619256,301.17349683076975,479
17455000,34910.0000061946,302.49323850841125,479
17460000,34920.000006196635,301.2539106434952,479
17465000,34930.00000619867,301.42050896048346,479
17470000,34940.00000620071,301.0915795428545,479
17475000,34950.00000620275,300.7335092384584,479
17480000,34960.000006204784,301.181964933677,479
17485000,34970.00000620682,299.7208965881936,479
17490000,34980.00000620886,300.0198449417435,479
17495000,34990.000006210896,298.7580312787681,479
17500000,35000.00000621293,302.300218825955,479
17505000,35010.00000621497,301.77139353786947,479
17510000,35020.00000621701,301.75901197748277,479
17515000,35030.000006219045,298.6547779091151,479
17520000,35040.00000622108,299.78512593269943,479
17525000,35050.00000622312,300.8627638849233,479
17530000,35060.00000622516,301.16109316045385,479
17535000,35070.000006227194,299.564314069161,479
17540000,35080.00000622923,300.8620784771162,479
17545000,35090.00000623127,300.510331612489,479
17550000,35100.000006233306,301.3554173287365,479
17555000,35110.00000623534,300.2335595179888,479
17560000,35120.00000623738,298.3538175520024,479
17565000,35130.00000623942,300.21982925191713,479
17570000,35140.000006241455,298.0888521597281,479
17575000,35150.00000624349,298.8824659606539,479
17580000,35160.00000624553,302.100035526418,479
17585000,35170.00000624757,299.16142693815107,479
17590000,35180.000006249604,298.7215941153445,479
17595000,35190.00000625164,300.95938427579773,479
17600000,35200.00000625368,299.8411303835197,479
17605000,35210.000006255716,299.9004734336586,479
17610000,35220.00000625775,298.53613602869586,479
17615000,35230.00000625979,298.92630995038024,479
17620000,35240.00000626183,297.3609490685685,479
17625000,35250.000006263865,301.14990553624733,479
17630000,35260.0000062659,299.94482595175793,479
17635000,35270.00000626794,301.14249870994456,479
17640000,35280.00000626998,296.1695555302922,479
17645000,35290.000006272014,300.2758115928082,479
17650000,35300.00000627405,298.20590212524047,479
17655000,35310.00000627609,300.75933363583624,479
17660000,35320.000006278126,301.6804332888861,479
17665000,35330.00000628016,299.1732778602354,479
17670000,35340.0000062822,303.19772718448246,479
17675000,35350.00000628424,299.5168882708943,479
17680000,35360.000006286275,300.51347122244414,479
17685000,35370.00000628831,301.3986201305142,479
17690000,35380.00000629035,299.19532145970953,479
17695000,35390.00000629239,299.52259263264386,479
17700000,35400.000006294424,299.2023081973563,479
17705000,35410.00000629646,299.33432658497895,479
17710000,35420.0000062985,301.37726193884725,479
17715000,35430.000006300535,302.5987470908489,479
17720000,35440.00000630257,297.52593336072067,479
17725000,35450.00000630461,301.38031310908536,479
17730000,35460.00000630665,300.31174022785876,479
17735000,35470.000006308685,296.994145342114,479
17740000,35480.00000631072,299.2209689776533,479
17745000,35490.00000631276,303.1528882479394,479
17750000,35500.000006314796,297.92649894915814,479
17755000,35510.00000631683,303.3493791892897,479
17760000,35520.00000631887,299.64870766915357,479
17765000,35530.00000632091,300.5356253715646,479
17770000,35540.000006322945,297.76476481660745,479
17775000,35550.00000632498,299.8156155251515,479
17780000,35560.00000632702,301.0724102341845,479
17785000,35570.00000632906,302.4023666991449,479
17790000,35580.000006331094,301.439213960639,479
17795000,35590.00000633313,298.8900054465322,479
17800000,35600.00000633517,300.56330700300043,479
17805000,35610.000006337206,300.84562868974535,479
17810000,35620.00000633924,298.9552076279255,479
17815000,35630.00000634128,298.0410947125224,479
17820000,35640.00000634332,301.4576536416434,479
17825000,35650.000006345355,300.9002623249515,479
17830000,35660.00000634739,299.9296806502135,479
17835000,35670.00000634943,302.18166538525287,479
17840000,35680.00000635147,300.7493178378806,479
17845000,35690.000006353504,302.50570850851494,479
17850000,35700.00000635554,300.4318413636093,479
17855000,35710.00000635758,299.08220706160574,479
17860000,35720.000006359616,300.7849369339215,479
17865000,35730.00000636165,301.94248017049784,479
17870000,35740.00000636369,298.1767612384733,479
17875000,35750.00000636573,300.01248233529924,479
17880000,35760.000006367765,304.6887987039743,479
17885000,35770.0000063698,298.7018941683722,479
17890000,35780.00000637184,302.287461396771,479
17895000,35790.00000637388,301.9014441417878,479
17900000,35800.000006375914,300.38700242706625,479
17905000,35810.00000637795,299.89266862862917,479
17910000,35820.00000637999,299.558830806704,479
17915000,35830.000006382026,298.7148505869197,479
17920000,35840.00000638406,299.1104193313439,479
17925000,35850.0000063861,303.4436780375916,479
17930000,35860.00000638814,301.3752941551429,479
17935000,35870.000006390175,300.3058589866751,479
17940000,35880.00000639221,301.15656062495515,479
17945000,35890.00000639425,302.06322249419696,479
17950000,35900.00000639629,300.1215506163481,479
17955000,35910.000006398324,300.0075960409324,479
17960000,35920.00000640036,299.90332561453334,479
17965000,35930.0000064024,303.41086690256697,479
17970000,35940.000006404436,297.53214625084325,479
17975000,35950.00000640647,301.4228083931267,479
17980000,35960.00000640851,303.04169741368145,479
17985000,35970.00000641055,302.01986492291445,479
17990000,35980.000006412585,298.17054834835074,479
17995000,35990.00000641462,299.4513544405621,479
18000000,36000.00000641666,298.79267753792146,479
18005000,36010.0000064187,299.39389073441043,479
18010000,36020.000006420734,300.05168323988056,479
18015000,36030.00000642277,299.5874189452397,479
18020000,36040.00000642481,299.4509122419768,479
18025000,36050.000006426846,298.2565780831087,479
18030000,36060.00000642888,300.6354738121112,479
18035000,36070.00000643092,298.812819683479,479
18040000,36080.00000643296,298.2632552817458,479
18045000,36090.000006434995,300.35259937713477,479
18050000,36100.00000643703,302.083231980179,479
18055000,36110.00000643907,299.2241085876085,479
18060000,36120.00000644111,300.8763393814901,479
18065000,36130.000006443144,298.48548218075695,479
18070000,36140.00000644518,302.9917731934081,479
18075000,36150.00000644722,298.99527081974804,479
18080000,36160.000006449256,298.47951249985624,479
18085000,36170.00000645129,298.7660792930194,479
18090000,36180.00000645333,300.3706631893417,479
18095000,36190.00000645537,301.49597014905424,479
18100000,36200.000006457405,300.0755619634834,479
18105000,36210.00000645944,300.8459603386843,479
18110000,36220.00000646148,298.58678987663484,479
18115000,36230.00000646352,299.35959823412526,479
18120000,36240.000006465554,300.73642774912094,479
18125000,36250.00000646759,300.6151326771903,479
18130000,36260.00000646963,299.4948225614909,479
18135000,36270.000006471666,301.9983740716719,479
18140000,36280.0000064737,301.185922611015,479
18145000,36290.00000647574,299.7527127764015,479
18150000,36300.00000647778,300.1742385777792,479
18155000,36310.000006479815,299.66838550619667,479
18160000,36320.00000648185,300.06264976479446,479
18165000,36330.00000648389,302.9059645579427,479
18170000,36340.00000648593,299.25851163754,479
18175000,36350.000006487964,305.86011642648083,479
18180000,36360.00000649,299.9535814837456,479
18185000,36370.00000649204,299.57923827141275,479
18190000,36380.000006494076,299.7558744962859,479
18195000,36390.00000649611,299.49194827068686,479
18200000,36400.00000649815,299.6385813215516,479
18205000,36410.00000650019,298.47869443247356,479
18210000,36420.000006502225,300.2137490213702,479
18215000,36430.00000650426,298.498151170224,479
18220000,36440.0000065063,299.54793061157795,479
18225000,36450.00000650834,300.89575189938205,479
18230000,36460.000006510374,298.07448070570786,479
18235000,36470.00000651241,302.4342492171406,479
18240000,36480.00000651445,301.7242551686831,479
18245000,36490.000006516486,298.2015464691759,479
18250000,36500.00000651852,296.98870629951557,479
18255000,36510.00000652056,299.0724786927305,479
18260000,36520.0000065226,299.3150246167333,479
18265000,36530.000006524635,301.3055373283217,479
18270000,36540.00000652667,299.110087682405,479
18275000,36550.00000652871,300.5163012933897,479
18280000,36560.00000653075,302.37207609605616,479
18285000,36570.000006532784,301.0482661914305,479
18290000,36580.00000653482,300.9610646304216,479
18295000,36590.00000653686,300.70799438009016,479
18300000,36600.000006538896,300.79780491275193,479
18305000,36610.00000654093,298.4189091837494,479
18310000,36620.00000654297,298.9969069545134,479
18315000,36630.00000654501,301.5370282876936,479
18320000,36640.000006547045,299.6051068886492,479
18325000,36650.00000654908,303.39684920741496,479
18330000,36660.00000655112,298.8726712619909,479
18335000,36670.00000655316,299.34151231198905,479
18340000,36680.000006555194,300.72608030222636,479
18345000,36690.00000655723,301.3734590310142,479
18350000,36700.00000655927,300.3055273377362,479
18355000,36710.000006561306,302.4735606713682,479
18360000,36720.00000656334,302.93472957591246,479
18365000,36730.00000656538,301.8893721204108,479
18370000,36740.00000656742,298.90534973743996,479
18375000,36750.000006569455,300.7108686708942,479
18380000,36760.00000657149,299.3351004325031,479
18385000,36770.00000657353,302.7215456379694,479
18390000,36780.00000657557,302.8099411351584,479
18395000,36790.000006577604,303.3353836040669,479
18400000,36800.00000657964,300.02855625387264,479
18405000,36810.00000658168,299.6382275626834,479
18410000,36820.000006583716,298.91476856730554,479
18415000,36830.00000658575,301.4028873468617,479
18420000,36840.00000658779,299.41830009631553,479
18425000,36850.00000658983,300.0372233461433,479
18430000,36860.000006591865,300.90189845971685,479
18435000,36870.0000065939,299.73086816629075,479
18440000,36880.00000659594,301.3542233925564,479
18445000,36890.00000659798,302.88737010743347,479
18450000,36900.000006600014,302.29884801034086,479
18455000,36910.00000660205,299.190125626333,479
18460000,36920.00000660409,298.4545282797903,479
18465000,36930.000006606126,298.3565591832309,479
18470000,36940.00000660816,298.7184102855308,479
18475000,36950.0000066102,299.278521123522,479
18480000,36960.00000661224,299.7736287694832,479
18485000,36970.000006614275,302.29685811670726,479
18490000,36980.00000661631,300.14010084699885,479
18495000,36990.00000661835,299.12660379956355,479
18500000,37000.00000662039,300.3690049446471,479
18505000,37010.000006622424,299.51622497301645,479
18510000,37020.00000662446,297.24412020234877,479
18515000,37030.0000066265,301.39968140711875,479
18520000,37040.000006628536,299.775132244673,479
18525000,37050.00000663057,299.96381838099387,479
18530000,37060.00000663261,298.82237117292016,479
18535000,37070.00000663465,299.68854976168353,479
18540000,37080.000006636685,302.0977139838455,479
18545000,37090.00000663872,298.40988833261054,479
18550000,37100.00000664076,299.94170845173204,479
18555000,37110.0000066428,300.4405526757385,479
18560000,37120.000006644834,301.1953414408805,479
18565000,37130.00000664687,302.87817237686056,479
18570000,37140.00000664891,300.08860682174793,479
18575000,37150.000006650946,302.65459677216444,479
18580000,37160.00000665298,301.4344161059892,479
18585000,37170.00000665502,299.56334123227344,479
18590000,37180.00000665706,299.91738752954393,479
18595000,37190.000006659095,299.71225160585226,479
18600000,37200.00000666113,300.64889453917317,479
18605000,37210.00000666317,299.2569639424916,479
18610000,37220.00000666521,299.08249449068614,479
18615000,37230.000006667244,299.49568484873214,479
18620000,37240.00000666928,300.13983552784765,479
18625000,37250.00000667132,301.9573159330326,479
18630000,37260.000006673356,298.19197286980545,479
18635000,37270.00000667539,299.26766514825437,479
18640000,37280.00000667743,300.3222645541874,479
18645000,37290.00000667947,302.76045911347035,479
18650000,37300.000006681505,300.66107711019646,479
18655000,37310.00000668354,300.04031873624,479
18660000,37320.00000668558,300.4229973919045,479
18665000,37330.00000668762,299.39944032665517,479
18670000,37340.000006689654,299.0300276285477,479
18675000,37350.00000669169,300.24598529823396,479
18680000,37360.00000669373,299.75067866290937,479
18685000,37370.000006695765,298.45114546061325,479
18690000,37380.0000066978,302.0360051712756,479
18695000,37390.00000669984,298.8679839569874,479
18700000,37400.00000670188,299.9642163597206,479
18705000,37410.000006703915,302.0895333100186,479
18710000,37420.00000670595,299.18245348087913,479
18715000,37430.00000670799,298.8209561374474,479
18720000,37440.000006710026,299.4030221351956,479
18725000,37450.00000671206,301.1746686570206,479
18730000,37460.0000067141,301.3691033749496,479
18735000,37470.00000671614,301.4775525779791,479
18740000,37480.000006718175,300.30731824200643,479
18745000,37490.00000672021,302.41165286943493,479
18750000,37500.00000672225,298.13943967787924,479
18755000,37510.00000672429,304.21617685607237,479
18760000,37520.000006726325,298.17099054693597,479
18765000,37530.00000672836,299.5837486969822,479
18770000,37540.0000067304,296.81187108527905,479
18775000,37550.000006732436,302.68468838588984,479
18780000,37560.00000673447,300.4934838463914,479
18785000,37570.00000673651,299.122756671872,479
18790000,37580.00000673855,302.47349434158036,479
18795000,37590.000006740585,299.90814557911244,479
18800000,37600.00000674262,301.3152435872676,479
18805000,37610.00000674466,297.71767066727966,479
18810000,37620.0000067467,299.9115505082188,479
18815000,37630.000006748734,299.2652772758941,479
18820000,37640.00000675077,299.8249680252293,479
18825000,37650.00000675281,298.1871529052264,479
18830000,37660.000006754846,300.25098214224715,479
18835000,37670.00000675688,299.83361300757065,479
18840000,37680.00000675892,300.95971592473666,479
18845000,37690.00000676096,302.4647166996635,479
18850000,37700.000006762995,298.53744051452236,479
18855000,37710.00000676503,300.86238801612586,479
18860000,37720.00000676707,297.333974954869,479
18865000,37730.00000676911,300.8006349836974,479
18870000,37740.000006771144,303.80011220722236,479
18875000,37750.00000677318,297.90931953412166,479
18880000,37760.00000677522,300.60555907781986,479
18885000,37770.000006777256,301.0977924329771,479
18890000,37780.00000677929,301.74919516889054,479
18895000,37790.00000678133,300.1222581340845,479
18900000,37800.00000678337,301.24911278884537,479
18905000,37810.000006785405,301.01870521600733,479
18910000,37820.00000678744,299.2018438888417,479
18915000,37830.00000678948,301.192599809652,479
18920000,37840.00000679152,297.6586592660797,479
18925000,37850.000006793554,302.42788155751316,479
18930000,37860.00000679559,300.4367276579762,479
18935000,37870.00000679763,300.0940679742756,479
18940000,37880.000006799666,298.1009684009636,479
18945000,37890.0000068017,301.9719084863454,479
18950000,37900.00000680374,299.83071660683737,479
18955000,37910.00000680578,300.7190051248626,479
18960000,37920.000006807815,299.3599519929935,479
18965000,37930.00000680985,302.11840887763464,479
18970000,37940.00000681189,302.8613909405508,479
18975000,37950.00000681393,300.13366685758365,479
18980000,37960.000006815964,301.1605404122223,479
18985000,37970.000006818,300.34388806500556,479
18990000,37980.00000682004,302.87596138393434,479
18995000,37990.000006822076,302.68157088586395,479
19000000,38000.00000682411,300.49615914783215,479
19005000,38010.00000682615,300.83534757263857,479
19010000,38020.00000682819,301.18685122804396,479
19015000,38030.000006830225,299.7252964641167,479
19020000,38040.00000683226,303.3954562818715,479
19025000,38050.0000068343,300.99235018032715,479
19030000,38060.00000683634,300.0885183820309,479
19035000,38070.000006838374,298.99390000413376,479
19040000,38080.00000684041,300.75933363583624,479
19045000,38090.00000684245,300.78361033816583,479
19050000,38100.000006844486,299.5292919412102,479
19055000,38110.00000684652,301.9089172978783,479
19060000,38120.00000684856,300.0884962721016,479
19065000,38130.0000068506,303.412304047969,479
19070000,38140.000006852635,298.2703304591096,479
19075000,38150.00000685467,301.1643875399139,479
19080000,38160.00000685671,299.65655669404157,479
19085000,38170.00000685875,302.3432889681572,479
19090000,38180.000006860784,300.50887235715766,479
19095000,38190.00000686282,299.1353593315513,479
19100000,38200.00000686486,298.70249113646224,479
19105000,38210.000006866896,298.93084248587894,479
19110000,38220.00000686893,297.9634004210962,479
19115000,38230.00000687097,299.4433727560985,479
19120000,38240.00000687301,300.36451662900686,479
19125000,38250.000006875045,299.8973117137742,479
19130000,38260.00000687708,300.10806355949836,479
19135000,38270.00000687912,300.5583985987043,479
19140000,38280.00000688116,298.2946071614391,479
19145000,38290.000006883194,301.04539190062644,479
19150000,38300.00000688523,300.2037995532023,479
19155000,38310.00000688727,300.6321131028634,479
19160000,38320.000006889306,299.6970178645908,479
19165000,38330.00000689134,303.58294848201217,479
19170000,38340.00000689338,301.40368330431517,479
19175000,38350.00000689542,298.19254772796626,479
19180000,38360.000006897455,301.9341226172369,479
19185000,38370.00000689949,302.2202693217441,479
19190000,38380.00000690153,299.90009756486114,479
19195000,38390.00000690357,300.90512650938905,479
19200000,38400.000006905604,299.26428232907733,479
19205000,38410.00000690764,300.8453854805235,479
19210000,38420.00000690968,300.16855632595883,479
19215000,38430.000006911716,302.45282155772054,479
19220000,38440.00000691375,304.04168529433764,479
19225000,38450.00000691579,298.32449978580115,479
19230000,38460.00000691783,302.31936602469585,479
19235000,38470.000006919865,301.3345897753718,479
19240000,38480.0000069219,299.7834234681462,479
19245000,38490.00000692394,302.69273640014114,479
19250000,38500.00000692598,302.2351271942081,479
19255000,38510.000006928014,301.5641350609686,479
19260000,38520.00000693005,298.97229860324495,479
19265000,38530.00000693209,298.0422886487026,479
19270000,38540.000006934126,300.9505181941637,479
19275000,38550.00000693616,298.8101664919676,479
19280000,38560.0000069382,300.8779312963969,479
19285000,38570.00000694024,299.150615182742,479
19290000,38580.000006942275,298.7933408357993,479
19295000,38590.00000694431,300.9051486193183,479
19300000,38600.00000694635,298.30062106219833,479
19305000,38610.00000694839,300.3211148378658,479
19310000,38620.000006950424,300.0665632222738,479
19315000,38630.00000695246,300.7053411885787,479
19320000,38640.0000069545,299.56824963656965,479
19325000,38650.000006956536,298.9938115644167,479
19330000,38660.00000695857,302.47342801179263,479
19335000,38670.00000696061,299.32170181537043,479
19340000,38680.00000696265,299.5562881648389,479
19345000,38690.000006964685,298.92871993266976,479
19350000,38700.00000696672,298.4610728188518,479
19355000,38710.00000696876,300.2264622306957,479
19360000,38720.0000069708,302.1924992505912,479
19365000,38730.000006972834,299.38524575206907,479
19370000,38740.00000697487,300.70122874173603,479
19375000,38750.00000697691,298.62745003654743,479
19380000,38760.000006978946,300.2786858836123,479
19385000,38770.00000698098,299.53236522137763,479
19390000,38780.00000698302,298.98974333743257,479
19395000,38790.00000698506,300.9259319528245,479
19400000,38800.000006987095,300.2760990218886,479
19405000,38810.00000698913,299.50585541619256,479
19410000,38820.00000699117,300.3020339689128,479
19415000,38830.00000699321,299.8682371567948,479
19420000,38840.000006995244,299.9581140192443,479
19425000,38850.00000699728,301.1723250045188,479
19430000,38860.00000699932,299.9505966432953,479
19435000,38870.000007001356,298.3837101763645,479
19440000,38880.00000700339,296.2065012220888,479
19445000,38890.00000700543,298.0555988261182,479
19450000,38900.00000700747,301.23962762919206,479
19455000,38910.000007009505,300.19212551055205,479
19460000,38920.00000701154,303.021820587275,479
19465000,38930.00000701358,296.3324393791645,479
19470000,38940.00000701562,300.80837345893906,479
19475000,38950.000007017654,301.9595048160295,479
19480000,38960.00000701969,298.68261431005584,479
19485000,38970.00000702173,298.98934535870586,479
19490000,38980.000007023766,300.822634363313,479
19495000,38990.0000070258,298.54314487627187,479
19500000,39000.00000702784,300.68075494723956,479
19505000,39010.00000702988,300.9898517583206,479
19510000,39020.000007031915,300.1299523894676,479
19515000,39030.00000703395,302.3421392518356,479
19520000,39040.00000703599,300.58110549605624,479
19525000,39050.00000703803,298.650886561565,479
19530000,39060.000007040064,301.1977735330993,479
19535000,39070.0000070421,301.07263133347703,479
19540000,39080.00000704414,300.2029151560318,479
19545000,39090.000007046176,298.88704271601114,479
19550000,39100.00000704821,302.45912288756017,479
19555000,39110.00000705025,301.17721129888577,479
19560000,39120.00000705229,298.50942723414755,479
19565000,39130.000007054325,301.29222715090606,479
19570000,39140.00000705636,302.2129730450877,479
19575000,39150.0000070584,300.60142452104793,479
19580000,39160.00000706044,301.47556268434556,479
19585000,39170.000007062474,297.71048494026957,479
19590000,39180.00000706451,298.43692877609783,479
19595000,39190.00000706655,297.3834127566986,479
19600000,39200.000007068586,298.9167805708684,479
19605000,39210.00000707062,300.06793403788805,479
19610000,39220.00000707266,301.7863619599798,479
19615000,39230.0000070747,299.20341369381936,479
19620000,39240.000007076735,299.9983098706424,479
19625000,39250.00000707877,301.9246595675128,479
19630000,39260.00000708081,300.1852051026931,479
19635000,39270.00000708285,299.6627474742349,479
19640000,39280.000007084884,302.0981561824307,479
19645000,39290.00000708692,300.2363011492173,479
19650000,39300.00000708896,299.5764524203258,479
19655000,39310.000007090995,299.0646075579133,479
19660000,39320.00000709303,301.32702817956425,479
19665000,39330.00000709507,299.966272583142,479
19670000,39340.00000709711,300.4635912220294,479
19675000,39350.000007099145,298.35739936054284,479
19680000,39360.00000710118,301.38721140701506,479
19685000,39370.00000710322,299.5913545126483,479
19690000,39380.00000710526,301.1728777527504,479
19695000,39390.000007107294,298.3126930835753,479
19700000,39400.00000710933,300.7259476426508,479
19705000,39410.00000711137,300.443714395623,479
19710000,39420.000007113405,300.96822824750245,479
19715000,39430.00000711544,298.9493042768126,479
19720000,39440.00000711748,299.5095919942379,479
19725000,39450.00000711952,299.583394938114,479
19730000,39460.000007121555,300.1722707940749,479
19735000,39470.00000712359,301.5425115501505,479
19740000,39480.00000712563,303.6131948652424,479
19745000,39490.000007127666,297.3732642991674,479
19750000,39500.0000071297,302.1115326896342,479
19755000,39510.00000713174,301.667167331329,479
19760000,39520.00000713378,300.8205560299624,479
19765000,39530.000007135815,302.00810244054713,479
19770000,39540.00000713785,300.0481456511987,479
19775000,39550.00000713989,301.54299796859425,479
19780000,39560.00000714193,302.7754717554391,479
19785000,39570.000007143964,301.60667456486846,479
19790000,39580.000007146,301.0810331065966,479
19795000,39590.00000714804,299.13359053721035,479
19800000,39600.000007150076,300.842643849295,479
19805000,39610.00000715211,299.42844855384675,479
19810000,39620.00000715415,297.8794711296181,479
19815000,39630.00000715619,300.41304792373677,479
19820000,39640.000007158225,300.01199591685554,479
19825000,39650.00000716026,302.3217981169147,479
19830000,39660.0000071623,297.2373987838531,479
19835000,39670.00000716434,299.5986950091632,479
19840000,39680.000007166374,301.396320697871,479
19845000,39690.00000716841,299.1791591014191,479
19850000,39700.00000717045,298.0085046767904,479
19855000,39710.000007172486,301.015388726618,479
19860000,39720.00000717452,301.0705087802679,479
19865000,39730.00000717656,302.4925752105334,479
19870000,39740.0000071786,299.0602297919194,479
19875000,39750.000007180635,298.51179299657855,479
19880000,39760.00000718267,300.83132356551295,479
19885000,39770.00000718471,298.2908484734646,479
19890000,39780.00000718675,300.9860267405583,479
19895000,39790.000007188784,301.26790622871795,479
19900000,39800.00000719082,299.88433318529746,479
19905000,39810.00000719286,300.2044849610094,479
19910000,39820.000007194896,301.7422084312438,479
19915000,39830.00000719693,298.5371973053004,479
19920000,39840.00000719897,299.9833193386028,479
19925000,39850.00000720101,301.2346750050374,479
19930000,39860.000007203045,300.7940904446359,479
19935000,39870.00000720508,299.2433442260663,479
19940000,39880.00000720712,301.2114816892417,479
19945000,39890.00000720916,302.7190472159628,479
19950000,39900.000007211194,299.9674001895343,479
19955000,39910.00000721323,303.26721869215254,479
19960000,39920.00000721527,302.15548722900684,479
19965000,39930.000007217306,301.41137755969834,479
19970000,39940.00000721934,301.2235979304771,479
19975000,39950.00000722138,300.7427069690313,479
19980000,39960.00000722342,301.635594352343,479
19985000,39970.000007225455,302.4659990755606,479
19990000,39980.00000722749,300.1768917692906,479
19995000,39990.00000722953,298.6329775188629,479
20000000,40000.00000723157,301.5121767272032,479
20005000,40010.000007233604,299.3448730212369,479
20010000,40020.00000723564,299.31217243585854,479
20015000,40030.00000723768,301.86609036489807,479
20020000,40040.000007239716,301.62365499054164,479
20025000,40050.00000724175,299.7663767126853,479
20030000,40060.00000724379,300.7398326782273,479
20035000,40070.00000724583,302.65895242822904,479
20040000,40080.000007247865,298.0053208469767,479
20045000,40090.0000072499,299.0696044019265,479
20050000,40100.00000725194,301.7109228813382,479
20055000,40110.00000725398,298.5321120215702,479
20060000,40120.000007256014,298.9212025567208,479
20065000,40130.00000725805,299.9689036647241,479
20070000,40140.00000726009,300.05882474703213,479
20075000,40150.000007262126,301.19905590899646,479
20080000,40160.00000726416,300.7679122883898,479
20085000,40170.0000072662,300.01162004805803,479
20090000,40180.00000726824,303.3332610508578,479
20095000,40190.000007270275,300.02170217580147,479
20100000,40200.00000727231,301.2604109626982,479
20105000,40210.00000727435,299.53824646256123,479
20110000,40220.00000727639,301.07811459593404,479
20115000,40230.000007278424,298.24950290574486,479
20120000,40240.00000728046,301.16310516401666,479
20125000,40250.0000072825,300.2378046244071,479
20130000,40260.000007284536,301.47978568083454,479
20135000,40270.00000728657,302.4289428341177,479
20140000,40280.00000728861,301.76997850239667,479
20145000,40290.00000729065,301.37832321545176,479
20150000,40300.000007292685,301.1568701639648,479
20155000,40310.00000729472,300.1059852261477,479
20160000,40320.00000729676,300.91976328256044,479
20165000,40330.0000072988,299.855590277257,479
20170000,40340.000007300834,300.7644189195665,479
20175000,40350.00000730287,299.9777034165703,479
20180000,40360.00000730491,297.70363086219834,479
20185000,40370.000007306946,299.45652816400934,479
20190000,40380.00000730898,301.1935505366103,479
20195000,40390.00000731102,303.04311244915414,479
20200000,40400.00000731306,303.10928746743497,479
20205000,40410.000007315095,300.1965253864751,479
20210000,40420.00000731713,299.59358761550374,479
20215000,40430.00000731917,300.4376783849345,479
20220000,40440.00000732121,297.8148438063856,479
20225000,40450.000007323244,302.02802348681206,479
20230000,40460.00000732528,298.95144893995104,479
20235000,40470.00000732732,301.50567640800017,479
20240000,40480.000007329356,301.08306722008865,479
20245000,40490.00000733139,300.1544501910898,479
20250000,40500.00000733343,297.8789847111744,479
20255000,40510.00000733547,299.17787672552186,479
20260000,40520.000007337505,300.3628141644537,479
20265000,40530.00000733954,298.41824588587156,479
20270000,40540.00000734158,301.22488030637436,479
20275000,40550.00000734362,300.72402407880503,479
20280000,40560.000007345654,300.02961753047725,479
20285000,40570.00000734769,302.08009237022384,479
20290000,40580.00000734973,300.89128569367114,479
20295000,40590.000007351766,302.17087573977307,479
20300000,40600.0000073538,300.2912664333623,479
20305000,40610.00000735584,301.8399785384398,479
20310000,40620.00000735788,302.35584740797793,479
20315000,40630.000007359915,299.7943236632723,479
20320000,40640.00000736195,300.0130793033893,479
20325000,40650.00000736399,300.16015455283934,479
20330000,40660.00000736603,298.29553577846815,479
20335000,40670.000007368064,301.3199087823419,479
20340000,40680.0000073701,297.41805901585195,479
20345000,40690.00000737214,303.46598695621685,479
20350000,40700.000007374176,299.91446901888133,479
20355000,40710.00000737621,298.2283437034413,479
20360000,40720.00000737825,298.7786598427694,479
20365000,40730.00000738029,302.64323226852383,479
20370000,40740.000007382325,300.44603593819545,479
20375000,40750.00000738436,301.35868959826723,479
20380000,40760.0000073864,300.1257736128372,479
20385000,40770.00000738844,298.8936535848605,479
20390000,40780.000007390474,299.0841969552393,479
20395000,40790.00000739251,300.43754572535886,479
20400000,40800.00000739455,300.9405687259959,479
20405000,40810.000007396586,298.5731480502803,479
20410000,40820.00000739862,300.09933013743995,479
20415000,40830.00000740066,300.30046416393526,479
20420000,40840.0000074027,298.9969069545134,479
20425000,40850.000007404735,300.3685848559911,479
20430000,40860.00000740677,299.93909948007905,479
20435000,40870.00000740881,298.93482227314604,479
20440000,40880.00000741085,299.1792254312068,479
20445000,40890.000007412884,299.05859365715406,479
20450000,40900.00000741492,298.24872905822076,479
20455000,40910.00000741696,300.13578941079277,479
20460000,40920.000007418996,299.71530277609037,479
20465000,40930.00000742103,298.2068970720573,479
20470000,40940.00000742307,301.39696188581956,479
20475000,40950.00000742511,298.1915748910788,479
20480000,40960.000007427145,301.4612133402546,479
20485000,40970.00000742918,301.0810773264551,479
20490000,40980.00000743122,303.05403475420957,479
20495000,40990.00000743326,300.86000014376555,479
20500000,41000.000007435294,298.19949024575453,479
20505000,41010.00000743733,302.0848681149444,479
20510000,41020.00000743937,299.9245953664833,479
20515000,41030.000007441406,301.0954266705461,479
20520000,41040.00000744344,297.6215809147075,479
20525000,41050.00000744548,301.6214661075446,479
20530000,41060.00000744752,300.70644668504184,479
20535000,41070.000007449555,298.3105042005784,479
20540000,41080.00000745159,299.5971473141149,479
20545000,41090.00000745363,302.35995985482066,479
20550000,41100.00000745567,299.1137579306625,479
20555000,41110.000007457704,300.0173022998784,479
20560000,41120.00000745974,302.1980709527652,479
20565000,41130.00000746178,299.7301606485543,479
20570000,41140.000007463816,301.6078463911194,479
20575000,41150.00000746585,301.3269397398472,479
20580000,41160.00000746789,299.67760534669884,479
20585000,41170.00000746993,300.0016263600317,479
20590000,41180.000007471965,300.19798464180644,479
20595000,41190.000007474,301.3686390664351,479
20600000,41200.00000747604,301.0342706062077,479
20605000,41210.00000747808,301.07537296470554,479
20610000,41220.000007480114,300.11942806313897,479
20615000,41230.00000748215,298.39551687859034,479
20620000,41240.00000748419,302.8845842563465,479
20625000,41250.000007486226,300.01648423249566,479
20630000,41260.00000748826,302.17054409083414,479
20635000,41270.0000074903,299.4912186430212,479
20640000,41280.00000749234,300.577789006667,479
20645000,41290.000007494375,298.60790485907995,479
20650000,41300.00000749641,299.8962946570281,479
20655000,41310.00000749845,297.9166600306366,479
20660000,41320.00000750049,302.4718360968858,479
20665000,41330.000007502524,299.687665364513,479
20670000,41340.00000750456,301.7573095129297,479
20675000,41350.0000075066,297.8862367679722,479
20680000,41360.000007508635,299.0553656074818,479
20685000,41370.00000751067,299.40476881960734,479
20690000,41380.00000751271,299.66294646359825,479
20695000,41390.00000751475,300.5165666125408,479
20700000,41400.000007516785,300.73158567461263,479
20705000,41410.00000751882,301.41608697463107,479
20710000,41420.00000752086,297.2162616914788,479
20715000,41430.000007522896,297.8493574059634,479
20720000,41440.00000752493,301.5787055043522,479
20725000,41450.00000752697,300.350255724633,479
20730000,41460.00000752901,301.3904836765458,479
20735000,41470.000007531045,301.3921640311697,479
20740000,41480.00000753308,301.22426122835503,479
20745000,41490.00000753512,297.93142946338355,479
20750000,41500.00000753716,301.8808819075743,479
20755000,41510.000007539194,300.6236671098854,479
20760000,41520.00000754123,300.22986715980204,479
20765000,41530.00000754327,300.62985789007865,479
20770000,41540.000007545306,303.98006492148477,479
20775000,41550.00000754734,297.9170580093633,479
20780000,41560.00000754938,301.5457838196813,479
20785000,41570.00000755142,301.1959162990413,479
20790000,41580.000007553455,300.7419110115779,479
20795000,41590.00000755549,300.7779944161333,479
20800000,41600.00000755753,299.1564079842086,479
20805000,41610.00000755957,297.8433435052042,479
20810000,41620.000007561604,300.8794789914453,479
20815000,41630.00000756364,298.72676783879183,479
20820000,41640.00000756568,298.84487908090875,479
20825000,41650.000007567716,300.42076428904915,479
20830000,41660.00000756975,300.7035281743793,479
20835000,41670.00000757179,299.7960040178962,479
20840000,41680.00000757383,302.3449251029226,479
20845000,41690.000007575865,300.6538692732571,479
20850000,41700.0000075779,295.8841605633799,479
20855000,41710.00000757994,299.53232100151905,479
20860000,41720.00000758198,300.74686363573255,479
20865000,41730.000007584014,301.03068879766727,479
20870000,41740.00000758605,302.3504083653795,479
20875000,41750.00000758809,300.62662984040645,479
20880000,41760.000007590126,301.267486140062,479
20885000,41770.00000759216,301.41082481146674,479
20890000,41780.0000075942,300.6197757623353,479
20895000,41790.00000759624,300.4199020018079,479
20900000,41800.000007598275,301.9812609864232,479
20905000,41810.00000760031,298.0617674963823,479
20910000,41820.00000760235,301.9779444970339,479
20915000,41830.00000760439,298.95427901089647,479
20920000,41840.000007606424,300.96150682900685,479
20925000,41850.00000760846,300.1677824784347,479
20930000,41860.0000076105,302.07200013611396,479
20935000,41870.000007612536,299.9217210756793,479
20940000,41880.00000761457,301.43711351735914,479
20945000,41890.00000761661,299.5034233239738,479
20950000,41900.00000761865,301.50939087611624,479
20955000,41910.000007620685,301.3625367259588,479
20960000,41920.00000762272,301.27754615787615,479
20965000,41930.00000762476,298.5036344326809,479
20970000,41940.0000076268,300.30835740868173,479
20975000,41950.000007628834,299.5289160724127,479
20980000,41960.00000763087,302.65583492820315,479
20985000,41970.00000763291,299.6793741410398,479
20990000,41980.000007634946,298.4894398580948,479
20995000,41990.00000763698,300.0534299242923,479
21000000,42000.00000763902,297.23045626606495,479
21005000,42010.00000764106,299.4164207523283,479
21010000,42020.000007643095,300.5319551233071,479
21015000,42030.00000764513,299.48334750820396,479
21020000,42040.00000764717,300.4588154773088,479
21025000,42050.00000764921,300.17346473025503,479
21030000,42060.000007651244,301.78076814787653,479
21035000,42070.00000765328,300.69640877715693,479
21040000,42080.00000765532,300.8999085660833,479
21045000,42090.000007657356,300.86245434591365,479
21050000,42100.00000765939,299.06423168911584,479
21055000,42110.00000766143,302.09561354056564,479
21060000,42120.00000766347,299.74731795366154,479
21065000,42130.000007665505,302.7702759220626,479
21070000,42140.00000766754,302.54358281734056,479
21075000,42150.00000766958,302.32993457088304,479
21080000,42160.00000767162,301.33503197395703,479
21085000,42170.000007673654,300.0978045523209,479
21090000,42180.00000767569,299.5916640516579,479
21095000,42190.00000767773,299.13089312584043,479
21100000,42200.000007679766,298.95326195415043,479
21105000,42210.0000076818,300.76218581671105,479
21110000,42220.00000768384,300.6553727484469,479
21115000,42230.00000768588,300.8560424664277,479
21120000,42240.000007687915,300.55180983978426,479
21125000,42250.00000768995,298.57894085174684,479
21130000,42260.00000769199,298.6910381931046,479
21135000,42270.00000769403,296.9220227528617,479
21140000,42280.000007696064,302.02415424919127,479
21145000,42290.0000076981,300.66439359958576,479
21150000,42300.00000770014,300.15111159177127,479
21155000,42310.000007702176,301.2839359274329,479
21160000,42320.00000770421,300.93263126139084,479
21165000,42330.00000770625,299.9313388949082,479
21170000,42340.00000770829,299.853733043199,479
21175000,42350.000007710325,300.3834648383843,479
21180000,42360.00000771236,298.7582081582022,479
21185000,42370.0000077144,299.71623139311936,479
21190000,42380.00000771644,299.37556160305235,479
21195000,42390.000007718474,297.90905421497047,479
21200000,42400.00000772051,301.76705999173413,479
21205000,42410.00000772255,298.2108768593244,479
21210000,42420.000007724586,299.694585772372,479
21215000,42430.00000772662,299.15158801962957,479
21220000,42440.00000772866,300.9229250024449,479
21225000,42450.0000077307,301.6687813561651,479
21230000,42460.000007732735,302.05851307926423,479
21235000,42470.00000773477,298.8540325916232,479
21240000,42480.00000773681,298.5637734402732,479
21245000,42490.00000773885,300.15480394995797,479
21250000,42500.000007740884,304.6079205827343,479
21255000,42510.00000774292,298.76324922207385,479
21260000,42520.00000774496,297.8209903667204,479
21265000,42530.000007746996,302.5072783134926,479
21270000,42540.00000774903,298.36708350955956,479
21275000,42550.00000775107,301.70360449475254,479
21280000,42560.00000775311,301.3393655200924,479
21285000,42570.000007755145,301.4859543510986,479
21290000,42580.00000775718,302.79402198608983,479
21295000,42590.00000775922,301.626308182053,479
21300000,42600.00000776126,299.90312662517005,479
21305000,42610.000007763294,302.267540350506,479
21310000,42620.00000776533,299.51412452973653,479
21315000,42630.00000776737,299.9140710401547,479
21320000,42640.000007769406,300.1722265742163,479
21325000,42650.00000777144,298.3705105485951,479
21330000,42660.00000777348,300.7802938487765,479
21335000,42670.00000777552,299.76699579070464,479
21340000,42680.000007777555,298.38459457353497,479
21345000,42690.00000777959,301.7812545663203,479
21350000,42700.00000778163,300.2532815748904,479
21355000,42710.00000778367,300.5216961161296,479
21360000,42720.000007785704,301.6116271890231,479
21365000,42730.00000778774,300.7796526608279,479
21370000,42740.00000778978,298.29801209054546,479
21375000,42750.000007791816,297.9138962894788,479
21380000,42760.00000779385,301.3989075595946,479
21385000,42770.00000779589,299.4127283941416,479
21390000,42780.00000779793,300.2371855463877,479
21395000,42790.000007799965,301.70997215437995,479
21400000,42800.000007802,299.47775369610076,479
21405000,42810.00000780404,300.45947877518665,479
21410000,42820.00000780608,302.1137879024189,479
21415000,42830.000007808114,300.70728686235384,479
21420000,42840.00000781015,299.5541213917713,479
21425000,42850.00000781219,299.5264397603354,479
21430000,42860.000007814226,299.6052174382955,479
21435000,42870.00000781626,301.3088980375695,479
21440000,42880.0000078183,299.08972443755476,479
21445000,42890.00000782034,297.9101376015043,479
21450000,42900.000007822375,300.2830415396769,479
21455000,42910.00000782441,301.6986297606686,479
21460000,42920.00000782645,302.9829513316326,479
21465000,42930.00000782849,301.0795296314068,479
21470000,42940.000007830524,299.2702741199073,479
21475000,42950.00000783256,298.4123204248294,479
21480000,42960.0000078346,299.12461390593006,479
21485000,42970.000007836636,300.0131235232479,479
21490000,42980.00000783867,298.65283223534004,479
21495000,42990.00000784071,299.4183664261034,479
21500000,43000.00000784275,296.875105482968,479
21505000,43010.000007844785,299.7032749745719,479
21510000,43020.00000784682,300.6683954967821,479
21515000,43030.00000784886,303.4272503601501,479
21520000,43040.0000078509,299.00409268152356,479
21525000,43050.000007852934,300.7148042383028,479
21530000,43060.00000785497,302.3623698371102,479
21535000,43070.00000785701,302.58052850913714,479
21540000,43080.000007859046,301.1735852704868,479
21545000,43090.00000786108,299.57061539900064,479
21550000,43100.00000786312,300.38003779934877,479
21555000,43110.00000786516,300.42434609758953,479
21560000,43120.000007867195,303.811056622207,479
21565000,43130.00000786923,300.68791856432034,479
21570000,43140.00000787127,300.10939015525406,479
21575000,43150.00000787331,300.80450422131827,479
21580000,43160.000007875344,302.9744390088668,479
21585000,43170.00000787738,302.93486223548797,479
21590000,43180.00000787942,300.59302274792844,479
21595000,43190.000007881456,301.68540802297,479
21600000,43200.00000788349,298.2216222849456,479
21605000,43210.00000788553,298.6414235118409,479
21610000,43220.00000788757,300.5332817190628,479
21615000,43230.000007889605,300.164090120248,479
21620000,43240.00000789164,299.7687203651871,479
21625000,43250.00000789368,301.94690215635023,479
21630000,43260.00000789572,299.4238054687018,479
21635000,43270.000007897754,297.45319169344907,479
21640000,43280.00000789979,298.3692502826272,479
21645000,43290.00000790183,300.0225423531134,479
21650000,43300.000007903865,297.5727621908973,479
21655000,43310.0000079059,300.4830921796384,479
21660000,43320.00000790794,298.81089611963324,479
21665000,43330.00000790998,298.25914283490306,479
21670000,43340.000007912015,302.09884159023784,479
21675000,43350.00000791405,299.29782309176755,479
21680000,43360.00000791609,299.4825736606798,479
21685000,43370.000007918126,299.57884029268604,479
21690000,43380.00000792016,299.3761806810717,479
21695000,43390.0000079222,297.1496002547542,479
21700000,43400.00000792424,300.8700159417212,479
21705000,43410.000007926275,300.7006759935045,479
21710000,43420.00000792831,302.5370161683498,479
21715000,43430.00000793035,300.32394490881137,479
21720000,43440.00000793239,299.54709043426595,479
21725000,43450.000007934425,297.05424012984776,479
21730000,43460.00000793646,301.6582791397657,479
21735000,43470.0000079385,302.1645965198627,479
21740000,43480.000007940536,301.52959935146157,479
21745000,43490.00000794257,301.04499392189973,479
21750000,43500.00000794461,299.39543842945875,479
21755000,43510.00000794665,300.0985341799865,479
21760000,43520.000007948685,303.2328598620796,479
21765000,43530.00000795072,299.87436160720034,479
21770000,43540.00000795276,301.3331305200405,479
21775000,43550.0000079548,301.63004476009826,479
21780000,43560.000007956834,301.60760318189745,479
21785000,43570.00000795887,300.93426739615626,479
21790000,43580.00000796091,296.3158348222888,479
21795000,43590.000007962946,299.58153770405596,479
21800000,43600.00000796498,300.0667622116372,479
21805000,43610.00000796702,296.5350105510618,479
21810000,43620.00000796906,300.66165196835726,479
21815000,43630.000007971095,300.5741187584095,479
21820000,43640.00000797313,299.1113037285144,479
21825000,43650.00000797517,300.23457657473483,479
21830000,43660.00000797721,297.73381091564084,479
21835000,43670.000007979244,299.8133160925083,479
21840000,43680.00000798128,298.90868833675853,479
21845000,43690.00000798332,301.3232252717312,479
21850000,43700.000007985356,298.8140578395177,479
21855000,43710.00000798739,301.34708188540475,479
21860000,43720.00000798943,300.1972550141408,479
21865000,43730.00000799147,299.021780624933,479
21870000,43740.000007993505,299.8789604724868,479
21875000,43750.00000799554,300.15246029745623,479
21880000,43760.00000799758,297.68393091522603,479
21885000,43770.00000799962,298.2586564164593,479
21890000,43780.000008001654,297.31089218871966,479
21895000,43790.00000800369,297.8256555617947,479
21900000,43800.00000800573,298.54480312096655,479
21905000,43810.000008007766,301.3508847932378,479
21910000,43820.0000080098,299.5618156471544,479
21915000,43830.00000801184,302.0684183275735,479
21920000,43840.00000801388,298.64036223523635,479
21925000,43850.000008015915,298.85792393917325,479
21930000,43860.00000801795,297.0487126475323,479
21935000,43870.00000801999,297.96589884310276,479
21940000,43880.00000802203,300.6400284575392,479
21945000,43890.000008024064,296.8184598441991,479
21950000,43900.0000080261,299.6383160024005,479
21955000,43910.00000802814,298.71292702307386,479
21960000,43920.000008030176,299.8757545327438,479
21965000,43930.00000803221,301.0265763508246,479
21970000,43940.00000803425,299.9352523523875,479
21975000,43950.00000803629,302.3551841101001,479
21980000,43960.000008038325,299.40461405010245,479
21985000,43970.00000804036,300.60087177281633,479
21990000,43980.0000080424,299.30653440389676,479
21995000,43990.00000804444,301.5879695647129,479
22000000,44000.000008046474,299.8041846917231,479
22005000,44010.00000804851,298.30261095583194,479
22010000,44020.00000805055,301.71193993808424,479
22015000,44030.000008052586,300.0733509705572,479
22020000,44040.00000805462,299.4033316742052,479
22025000,44050.00000805666,297.7831602777534,479
22030000,44060.0000080587,300.1285373539949,479
22035000,44070.000008060735,302.6683491481653,479
22040000,44080.00000806277,298.1127308833309,479
22045000,44090.00000806481,300.2006157233886,479
22050000,44100.00000806685,301.83896148169373,479
22055000,44110.000008068884,300.2858716106224,479
22060000,44120.00000807092,298.606556153395,479
22065000,44130.00000807296,299.31250408479747,479
22070000,44140.000008074996,300.7364940789087,479
22075000,44150.00000807703,297.7772348167112,479
22080000,44160.00000807907,299.51056483112535,479
22085000,44170.00000808111,299.4151383764311,479
22090000,44180.000008083145,302.98808083522135,479
22095000,44190.00000808518,302.70522851017415,479
22100000,44200.00000808722,302.04902791961086,479
22105000,44210.00000808926,301.4540055033152,479
22110000,44220.000008091294,299.8298322096669,479
22115000,44230.00000809333,299.4722704336438,479
22120000,44240.00000809537,303.51215248851565,479
22125000,44250.000008097406,300.10541036798696,479
22130000,44260.00000809944,302.6270699102334,479
22135000,44270.00000810148,302.18869634275813,479
22140000,44280.00000810352,298.77288915123205,479
22145000,44290.000008105555,302.0955693207071,479
22150000,44300.00000810759,300.9829976802494,479
22155000,44310.00000810963,299.93653472828476,479
22160000,44320.00000811167,302.46047159324513,479
22165000,44330.000008113704,301.41911603494,479
22170000,44340.00000811574,300.1475518931601,479
22175000,44350.00000811778,299.03206174203984,479
22180000,44360.000008119816,299.09412431347795,479
22185000,44370.00000812185,301.34104587471626,479
22190000,44380.00000812389,301.163127273946,479
22195000,44390.00000812593,299.0663321323957,479
22200000,44400.000008127965,299.413944440251,479
22205000,44410.00000813,300.2698640218368,479
22210000,44420.00000813204,300.439668278568,479
22215000,44430.00000813408,301.5701268517986,479
22220000,44440.000008136114,302.64891452034414,479
22225000,44450.00000813815,301.07099519871167,479
22230000,44460.00000814019,300.31317737326077,479
22235000,44470.000008142226,297.9476139316032,479
22240000,44480.00000814426,301.61929933447703,479
22245000,44490.0000081463,299.3226967621872,479
22250000,44500.00000814834,300.6639735109298,479
22255000,44510.000008150375,300.4628394844345,479
22260000,44520.00000815241,299.61580809441193,479
22265000,44530.00000815445,297.7817894621391,479
22270000,44540.00000815649,299.6937677049893,479
22275000,44550.000008158524,300.8678712785828,479
22280000,44560.00000816056,300.6006285635945,479
22285000,44570.0000081626,301.93712956761647,479
22290000,44580.000008164636,297.9079487185074,479
22295000,44590.00000816667,300.2861148198443,479
22300000,44600.00000816871,301.1367722382658,479
22305000,44610.00000817075,299.9364905084262,479
22310000,44620.000008172785,299.32128172671446,479
22315000,44630.00000817482,298.9115405176333,479
22320000,44640.00000817686,299.7770115886603,479
22325000,44650.0000081789,300.07361628970835,479
22330000,44660.000008180934,298.96758918831216,479
22335000,44670.00000818297,302.6747168077927,479
22340000,44680.00000818501,302.58269528220484,479
22345000,44690.000008187046,299.71101344981355,479
22350000,44700.00000818908,301.09942856774245,479
22355000,44710.00000819112,299.1333252180592,479
22360000,44720.00000819316,302.1905756867454,479
22365000,44730.000008195195,295.96399951794456,479
22370000,44740.00000819723,303.0984314921674,479
22375000,44750.00000819927,300.80399569294525,479
22380000,44760.00000820131,299.6475800627612,479
22385000,44770.000008203344,300.3855873915935,479
22390000,44780.00000820538,303.7559807884156,479
22395000,44790.00000820742,302.4337185788383,479
22400000,44800.000008209456,302.13510187422736,479
22405000,44810.00000821149,299.96076721075576,479
22410000,44820.00000821353,298.9093516346364,479
22415000,44830.00000821557,300.8625427856307,479
22420000,44840.000008217605,298.24198552979584,479
22425000,44850.00000821964,298.6724216326661,479
22430000,44860.00000822168,298.94428532287014,479
22435000,44870.00000822372,297.34830218903073,479
22440000,44880.000008225754,300.5408875347289,479
22445000,44890.00000822779,302.31344056365367,479
22450000,44900.00000822983,300.8110266504505,479
22455000,44910.000008231866,299.5514018704721,479
22460000,44920.0000082339,299.0810794552134,479
22465000,44930.00000823594,300.14078625480596,479
22470000,44940.00000823798,300.5371288467544,479
22475000,44950.000008240015,301.36762200968906,479
22480000,44960.00000824205,302.78601819169705,479
22485000,44970.00000824409,297.90898788518274,479
22490000,44980.00000824613,300.18312676934244,479
22495000,44990.000008248164,298.9372543653649,479
22500000,45000.0000082502,298.3964897154779,479
22505000,45010.00000825224,300.89471273270675,479
22510000,45020.000008254276,300.60356918418637,479
22515000,45030.00000825631,299.57954781042247,479
22520000,45040.00000825835,299.7077411802828,479
22525000,45050.00000826039,301.2617154485246,479
22530000,45060.000008262425,301.3943529141667,479
22535000,45070.00000826446,300.6399842376806,479
22540000,45080.0000082665,301.8297858610501,479
22545000,45090.00000826854,301.8340972972561,479
22550000,45100.000008270574,299.29455082223683,479
22555000,45110.00000827261,300.62915037234234,479
22560000,45120.00000827465,300.2470686847678,479
22565000,45130.000008276686,299.4205553091003,479
22570000,45140.00000827872,300.5453979602983,479
22575000,45150.00000828076,300.51851228631585,479
22580000,45160.0000082828,301.3702088714127,479
22585000,45170.000008284835,299.9439636645167,479
22590000,45180.00000828687,299.5240076681166,479
22595000,45190.00000828891,297.8685267146335,479
22600000,45200.00000829095,302.36369643286594,479
22605000,45210.000008292984,301.742142101456,479
22610000,45220.00000829502,301.2617154485246,479
22615000,45230.00000829706,302.36133067043494,479
22620000,45240.000008299095,302.82714266012414,479
22625000,45250.00000830113,301.9140689113964,479
22630000,45260.00000830317,300.8698169523579,479
22635000,45270.00000830521,301.10550879828946,479
22640000,45280.000008307245,301.6492582886268,479
22645000,45290.00000830928,300.0541595519579,479
22650000,45300.00000831132,301.4477926131926,479
22655000,45310.00000831336,301.00616888611586,479
22660000,45320.000008315394,301.53450775575766,479
22665000,45330.00000831743,298.9921533197221,479
22670000,45340.00000831947,300.54331962694766,479
22675000,45350.000008321505,300.6177858687017,479
22680000,45360.00000832354,298.700103264102,479
22685000,45370.00000832558,300.81783650866316,479
22690000,45380.00000832762,301.74740426462034,479
22695000,45390.000008329655,299.5786413033227,479
22700000,45400.00000833169,301.05193643968795,479
22705000,45410.00000833373,300.4716834561392,479
22710000,45420.000008335766,300.489481949195,479
22715000,45430.0000083378,302.1290437536096,479
22720000,45440.00000833984,299.0761931608465,479
22725000,45450.00000834188,300.0153787360326,479
22730000,45460.000008343915,301.6760113030337,479
22735000,45470.00000834595,299.65494266920547,479
22740000,45480.00000834799,300.5510802121186,479
22745000,45490.00000835003,300.2081773191961,479
22750000,45500.000008352064,300.9948264924045,479
22755000,45510.0000083541,302.4296945717127,479
22760000,45520.00000835614,297.6765904187111,479
22765000,45530.000008358176,299.0044464403917,479
22770000,45540.00000836021,300.7808244870788,479
22775000,45550.00000836225,299.34226404958395,479
22780000,45560.00000836429,300.3501672849159,479
22785000,45570.000008366325,301.1593906959007,479
22790000,45580.00000836836,300.1784394643389,479
22795000,45590.0000083704,300.54939985749473,479
22800000,45600.00000837244,301.5196498832937,479
22805000,45610.000008374474,300.35246671755914,479
22810000,45620.00000837651,301.5240276492876,479
22815000,45630.00000837855,300.475972782416,479
22820000,45640.000008380586,299.62354656965357,479
22825000,45650.00000838262,302.2529699071224,479
22830000,45660.00000838466,298.0090353150927,479
22835000,45670.0000083867,300.9508719530319,479
22840000,45680.000008388735,299.87942478100126,479
22845000,45690.00000839077,297.8717768742349,479
22850000,45700.00000839281,299.9356724410435,479
22855000,45710.00000839485,300.3673466999524,479
22860000,45720.000008396884,299.5619704166592,479
22865000,45730.00000839892,299.46846752581075,479
22870000,45740.00000840096,300.15980079397116,479
22875000,45750.000008402996,297.68959105711707,479
22880000,45760.00000840503,302.45896811805534,479
22885000,45770.00000840707,300.7893146999154,479
22890000,45780.00000840911,298.7245126260071,479
22895000,45790.000008411145,301.39035101697027,479
22900000,45800.00000841318,301.3605910521838,479
22905000,45810.00000841522,299.85410891199643,479
22910000,45820.00000841726,299.56334123227344,479
22915000,45830.000008419294,298.54239313867697,479
22920000,45840.00000842133,300.6932691672017,479
22925000,45850.00000842337,303.2945023448617,479
22930000,45860.000008425406,298.5700968800421,479
22935000,45870.00000842744,303.759385717522,479
22940000,45880.00000842948,298.88691005643557,479
22945000,45890.00000843152,296.496273954995,479
22950000,45900.000008433555,299.41115858916396,479
22955000,45910.00000843559,300.132097052606,479
22960000,45920.00000843763,298.3519824278737,479
22965000,45930.00000843967,300.9504960842345,479
22970000,45940.000008441704,299.52115548724186,479
22975000,45950.00000844374,298.6323363309143,479
22980000,45960.00000844578,301.50284633705473,479
22985000,45970.000008447816,298.9162499325661,479
22990000,45980.00000844985,300.50829749899685,479
22995000,45990.00000845189,299.4515534299254,479
23000000,46000.00000845393,301.44639968764915,479
23005000,46010.000008455965,299.7848163936897,479
23010000,46020.000008458,301.4623851665055,479
23015000,46030.00000846004,299.5332053986896,479
23020000,46040.00000846208,298.61674883078473,479
23025000,46050.000008464114,297.8851312715091,479
23030000,46060.00000846615,300.20503770924097,479
23035000,46070.00000846819,301.20453917145346,479
23040000,46080.000008470226,300.0583604385177,479
23045000,46090.00000847226,299.9108429904824,479
23050000,46100.0000084743,301.03581830125603,479
23055000,46110.00000847634,299.76447525876875,479
23060000,46120.000008478375,298.51696672002583,479
23065000,46130.00000848041,303.6413408051928,479
23070000,46140.00000848245,300.1687332053929,479
23075000,46150.00000848449,301.7690277754385,479
23080000,46160.000008486524,297.27931920973367,479
23085000,46170.00000848856,300.42485462596255,479
23090000,46180.0000084906,301.1509004830641,479
23095000,46190.000008492636,300.30687604342114,479
23100000,46200.00000849467,297.62925306016143,479
23105000,46210.00000849671,300.83592243079937,479
23110000,46220.00000849875,299.6985876695684,479
23115000,46230.000008500785,302.2907336663017,479
23120000,46240.00000850282,300.74456420308934,479
23125000,46250.00000850486,299.49468990191536,479
23130000,46260.0000085069,300.2851198730275,479
23135000,46270.000008508934,299.86808238729,479
23140000,46280.00000851097,302.75696574464695,479
23145000,46290.00000851301,299.54678089525635,479
23150000,46300.000008515046,301.29837371124086,479
23155000,46310.00000851708,299.9679308278366,479
23160000,46320.00000851912,300.4282153352104,479
23165000,46330.00000852116,300.59240366990906,479
23170000,46340.000008523195,302.0324233627352,479
23175000,46350.00000852523,302.04294768906385,479
23180000,46360.00000852727,299.1334357677055,479
23185000,46370.00000852931,301.0716584965896,479
23190000,46380.000008531344,300.1879688438508,479
23195000,46390.00000853338,299.95740650150793,479
23200000,46400.00000853542,298.78403255558004,479
23205000,46410.000008537456,297.41816956549826,479
23210000,46420.00000853949,298.1763190398881,479
23215000,46430.00000854153,302.0317158449988,479
23220000,46440.00000854357,302.5674394310141,479
23225000,46450.000008545605,300.8730892218886,479
23230000,46460.00000854764,300.5967372160444,479
23235000,46470.00000854968,301.2035663345659,479
23240000,46480.00000855172,298.5248378548431,479
23245000,46490.000008553754,302.0234467314549,479
23250000,46500.00000855579,302.14359208706395,479
23255000,46510.00000855783,301.7038698139037,479
23260000,46520.000008559866,300.45143076093535,479
23265000,46530.0000085619,300.5484049106779,479
23270000,46540.00000856394,296.5442746114225,479
23275000,46550.00000856598,301.1602972030004,479
23280000,46560.000008568015,299.52776635609115,479
23285000,46570.00000857005,298.4510128010376,479
23290000,46580.00000857209,299.94586511843323,479
23295000,46590.00000857413,299.749971145173,479
23300000,46600.000008576164,300.94030340684475,479
23305000,46610.0000085782,300.16647799260824,479
23310000,46620.00000858024,301.05980757450516,479
23315000,46630.000008582276,300.8533008351992,479
23320000,46640.00000858431,296.9769659270775,479
23325000,46650.00000858635,300.4852147328475,479
23330000,46660.00000858839,299.10323360433375,479
23335000,46670.000008590425,302.02278343357705,479
23340000,46680.00000859246,301.11096995081715,479
23345000,46690.0000085945,299.9789636825382,479
23350000,46700.00000859654,300.6069741132926,479
23355000,46710.000008598574,300.95133626154643,479
23360000,46720.00000860061,299.7172484498654,479
23365000,46730.00000860265,300.4093776754793,479
23370000,46740.000008604686,299.9571854022153,479
23375000,46750.00000860672,301.0424291701053,479
23380000,46760.00000860876,301.8569147442544,479
23385000,46770.0000086108,302.009694355454,479
23390000,46780.000008612835,302.9318995049669,479
23395000,46790.00000861487,299.4929653274329,479
23400000,46800.00000861691,298.6757823419139,479
23405000,46810.00000861895,299.9180950472803,479
23410000,46820.000008620984,300.39810161155566,479
23415000,46830.00000862302,302.48249308279,479
23420000,46840.00000862506,301.9726602239403,479
23425000,46850.000008627096,299.9608114306143,479
23430000,46860.00000862913,301.42557213428444,479
23435000,46870.00000863117,301.6553385191739,479
23440000,46880.00000863321,299.3259469217887,479
23445000,46890.000008635245,298.1057441456841,479
23450000,46900.00000863728,296.6072436899604,479
23455000,46910.00000863932,299.8822106320883,479
23460000,46920.00000864136,300.7082596992413,479
23465000,46930.000008643394,301.01662688265674,479
23470000,46940.00000864543,302.00706327387184,479
23475000,46950.00000864747,299.7027001164111,479
23480000,46960.000008649506,299.2394528785162,479
23485000,46970.00000865154,302.0022211993635,479
23490000,46980.00000865358,301.0135536024893,479
23495000,46990.00000865562,300.15739081168164,479
23500000,47000.000008657655,302.3617949789494,479
23505000,47010.00000865969,296.4800231569875,479
23510000,47020.00000866173,298.6539819516617,479
23515000,47030.00000866377,301.3359163711275,479
23520000,47040.000008665804,298.2238553878011,479
23525000,47050.00000866784,300.43847434238785,479
23530000,47060.00000866988,300.8070247532541,479
23535000,47070.000008671916,297.9190700129261,479
23540000,47080.00000867395,297.6619315356105,479
23545000,47090.00000867599,301.27248298407517,479
23550000,47100.00000867803,300.63220154258045,479
23555000,47110.000008680065,299.0529556251923,479
23560000,47120.0000086821,302.77869980511133,479
23565000,47130.00000868414,300.6164813828753,479
23570000,47140.00000868618,301.68653562936237,479
23575000,47150.000008688214,301.83473848520475,479
23580000,47160.00000869025,302.2422023715719,479
23585000,47170.00000869229,301.8370600277772,479
23590000,47180.000008694326,300.7685313664092,479
23595000,47190.00000869636,298.44283212721075,479
23600000,47200.0000086984,300.4031426754274,479
23605000,47210.00000870044,303.57295479398584,479
23610000,47220.000008702475,299.933350898471,479
23615000,47230.00000870451,298.2755926222739,479
23620000,47240.00000870655,300.0865063784681,479
23625000,47250.00000870859,300.4472740942341,479
23630000,47260.000008710624,301.96366148273074,479
23635000,47270.00000871266,301.0690053050781,479
23640000,47280.0000087147,300.88007595953536,479
23645000,47290.000008716735,302.1196249237441,479
23650000,47300.00000871877,298.4516982088448,479
23655000,47310.00000872081,299.07128475655037,479
23660000,47320.00000872285,300.86837980695583,479
23665000,47330.000008724885,300.5075236514727,479
23670000,47340.00000872692,298.25852375688373,479
23675000,47350.00000872896,300.8461372181184,479
23680000,47360.000008730996,300.602950106167,479
23685000,47370.00000873303,300.0960357579799,479
23690000,47380.00000873507,300.37944083125865,479
23695000,47390.00000873711,299.5697973316179,479
23700000,47400.000008739145,300.9485061906009,479
23705000,47410.00000874118,302.006908504367,479
23710000,47420.00000874322,301.6983865514468,479
23715000,47430.00000874526,300.3328331003746,479
23720000,47440.000008747294,297.92629995979473,479
23725000,47450.00000874933,302.44207613209926,479
23730000,47460.00000875137,300.2448798017709,479
23735000,47470.000008753406,301.42705349954497,479
23740000,47480.00000875544,299.85742540138574,479
23745000,47490.00000875748,300.7983355510542,479
23750000,47500.00000875952,300.96517707726434,479
23755000,47510.000008761555,299.7884866419472,479
23760000,47520.00000876359,299.7126938044375,479
23765000,47530.00000876563,300.5173625699943,479
23770000,47540.00000876767,298.63456943376974,479
23775000,47550.000008769704,299.5132180226368,479
23780000,47560.00000877174,299.05762082026655,479
23785000,47570.00000877378,299.7381423330179,479
23790000,47580.000008775816,300.91091931085566,479
23795000,47590.00000877785,303.95932580783716,479
23800000,47600.00000877989,300.492179360565,479
23805000,47610.00000878193,304.63073802973264,479
23810000,47620.000008783965,298.25821421787407,479
23815000,47630.000008786,300.8296874307476,479
23820000,47640.00000878804,300.74376824563586,479
23825000,47650.00000879008,299.5590519059967,479
23830000,47660.000008792114,301.8643879003449,479
23835000,47670.00000879415,298.40500203824365,479
23840000,47680.00000879619,297.6221778827976,479
23845000,47690.000008798226,301.2700287819271,479
23850000,47700.00000880026,304.5268655820603,479
23855000,47710.0000088023,302.77575918451953,479
23860000,47720.00000880434,299.6288087328179,479
23865000,47730.000008806375,299.5894972785903,479
23870000,47740.00000880841,297.92700747753116,479
23875000,47750.00000881045,298.9959783374844,479
23880000,47760.00000881249,301.20498137003864,479
23885000,47770.000008814524,298.96168583719924,479
23890000,47780.00000881656,301.96180424867276,479
23895000,47790.0000088186,298.8534135136038,479
23900000,47800.000008820636,299.12315465059874,479
23905000,47810.00000882267,300.77321867141274,479
23910000,47820.00000882471,297.6823832201777,479
23915000,47830.00000882675,301.9566305252255,479
23920000,47840.000008828785,301.9875844261921,479
23925000,47850.00000883082,301.7408818354881,479
23930000,47860.00000883286,301.16774824916166,479
23935000,47870.0000088349,299.96686955123204,479
23940000,47880.000008836934,301.706257686264,479
23945000,47890.00000883897,296.8214667945787,479
23950000,47900.00000884101,302.25378797450514,479
23955000,47910.000008843046,299.44938665685777,479
23960000,47920.00000884508,302.32953659215633,479
23965000,47930.00000884712,301.6851427038188,479
23970000,47940.00000884916,301.2788506437026,479
23975000,47950.000008851195,299.77285492195904,479
23980000,47960.00000885323,301.67006373206226,479
23985000,47970.00000885527,298.28021359748965,479
23990000,47980.00000885731,299.0438242244071,479
23995000,47990.000008859344,299.82848350398194,479
24000000,48000.00000886138,299.9864147286995,479
24005000,48010.00000886342,301.34436236410556,479
24010000,48020.000008865456,301.19675647635324,479
24015000,48030.00000886749,298.011931715826,479
24020000,48040.00000886953,301.392694669472,479
24025000,48050.00000887157,299.74484164158423,479
24030000,48060.000008873605,303.19040879789685,479
24035000,48070.00000887564,298.63742161464455,479
24040000,48080.00000887768,296.97692170721893,479
24045000,48090.00000887972,299.3305900069337,479
24050000,48100.000008881754,299.1361552890047,479
24055000,48110.00000888379,299.4026904862567,479
24060000,48120.00000888583,299.66628506291676,479
24065000,48130.000008887866,300.6492925178999,479
24070000,48140.0000088899,298.5211454966563,479
24075000,48150.00000889194,301.0761468122297,479
24080000,48160.00000889398,300.493616505967,479
24085000,48170.000008896015,302.2064727258847,479
24090000,48180.00000889805,297.00918009401204,479
24095000,48190.00000890009,301.7875780060891,479
24100000,48200.00000890213,299.0656467245886,479
24105000,48210.000008904164,302.99803030338916,479
24110000,48220.0000089062,299.7109250100965,479
24115000,48230.00000890824,299.5689792642353,479
24120000,48240.000008910276,303.4078599521874,479
24125000,48250.00000891231,298.2560032249479,479
24130000,48260.00000891435,299.64253899888956,479
24135000,48270.00000891639,297.4634507006266,479
24140000,48280.000008918425,300.96880310566326,479
24145000,48290.00000892046,299.2922513895936,479
24150000,48300.0000089225,300.5880701237738,479
24155000,48310.00000892454,299.70166094973575,479
24160000,48320.000008926574,301.3430357683498,479
24165000,48330.00000892861,303.79356766816085,479
24170000,48340.00000893065,300.5014876407842,479
24175000,48350.000008932686,302.54707618616396,479
24180000,48360.00000893472,301.42428975838726,479
24185000,48370.00000893676,302.70489686123517,479
24190000,48380.0000089388,300.8684019168851,479
24195000,48390.000008940835,300.2350629931786,479
24200000,48400.00000894287,299.6278137860011,479
24205000,48410.00000894491,299.0216479653575,479
24210000,48420.00000894695,300.62570122337746,479
24215000,48430.000008948984,299.33426025519117,479
24220000,48440.00000895102,299.6713040168592,479
24225000,48450.00000895306,298.484133475072,479
24230000,48460.000008955096,302.199574427955,479
24235000,48470.00000895713,301.4940465852085,479
24240000,48480.00000895917,299.7203438399621,479
24245000,48490.00000896121,301.6251584657314,479
24250000,48500.000008963245,301.527189369172,479
24255000,48510.00000896528,302.12776137771243,479
24260000,48520.00000896732,298.35204875766146,479
24265000,48530.00000896936,299.2442728430953,479
24270000,48540.000008971394,299.88756123496967,479
24275000,48550.00000897343,300.34791207213124,479
24280000,48560.00000897547,300.95949482544404,479
24285000,48570.000008977506,298.4778984750201,479
24290000,48580.00000897954,298.5501758337772,479
24295000,48590.00000898158,301.1619333377658,479
24300000,48600.00000898362,300.55446303129565,479
24305000,48610.000008985655,302.5387849626907,479
24310000,48620.00000898769,298.7521279276552,479
24315000,48630.00000898973,299.15225131750736,479
24320000,48640.00000899177,301.1197918125926,479
24325000,48650.000008993804,301.21977291271486,479
24330000,48660.00000899584,299.34151231198905,479
24335000,48670.00000899788,301.7175337501875,479
24340000,48680.000008999916,301.6592077567947,479
24345000,48690.00000900195,300.3370339869344,479
24350000,48700.00000900399,298.93628152847737,479
24355000,48710.00000900603,300.37583691278894,479
24360000,48720.000009008065,301.9244605781494,479
24365000,48730.0000090101,298.78195422222944,479
24370000,48740.00000901214,300.7836545580243,479
24375000,48750.00000901418,301.77457736768315,479
24380000,48760.000009016214,299.93401419634887,479
24385000,48770.00000901825,299.69206524043614,479
24390000,48780.00000902029,299.6458112684203,479
24395000,48790.000009022326,297.3767355580615,479
24400000,48800.00000902436,298.41457563761406,479
24405000,48810.0000090264,298.6108233697425,479
24410000,48820.00000902844,298.38149918343834,479
24415000,48830.000009030475,301.01625101385923,479
24420000,48840.00000903251,298.59074755397273,479
24425000,48850.00000903455,297.6635455604466,479
24430000,48860.00000903659,302.70620134706166,479
24435000,48870.000009038624,303.6060312481616,479
24440000,48880.00000904066,298.9589884258293,479
24445000,48890.0000090427,299.74316128696034,479
24450000,48900.000009044736,297.86114199826005,479
24455000,48910.00000904677,300.10607366586476,479
24460000,48920.00000904881,299.2292380911972,479
24465000,48930.00000905085,299.75516697854954,479
24470000,48940.000009052885,300.64352182636253,479
24475000,48950.00000905492,301.0024101981413,479
24480000,48960.00000905696,301.9881150644944,479
24485000,48970.000009059,298.10331205346534,479
24490000,48980.000009061034,302.04765710399664,479
24495000,48990.00000906307,300.79484218223087,479
24500000,49000.00000906511,299.12602894140275,479
24505000,49010.000009067146,302.9912646650351,479
24510000,49020.00000906918,300.1268127795124,479
24515000,49030.00000907122,297.59217470878923,479
24520000,49040.00000907326,299.03643950803365,479
24525000,49050.000009075295,302.19011137823094,479
24530000,49060.00000907733,299.16363793107723,479
24535000,49070.00000907937,301.65146928155303,479
24540000,49080.00000908141,298.8178607473507,479
24545000,49090.000009083444,298.54075700391166,479
24550000,49100.00000908548,303.01069929285626,479
24555000,49110.00000908752,300.96104252049236,479
24560000,49120.000009089556,299.1851951121076,479
24565000,49130.00000909159,298.72659095935774,479
24570000,49140.00000909363,298.1870423555801,479
24575000,49150.00000909567,299.374942525033,479
24580000,49160.000009097705,304.2913063957042,479
24585000,49170.00000909974,301.3081462999746,479
24590000,49180.00000910178,302.0938005263662,479
24595000,49190.00000910382,300.45839538865283,479
24600000,49200.000009105854,301.3879410346807,479
24605000,49210.00000910789,300.73359767817544,479
24610000,49220.00000910993,300.26013565296154,479
24615000,49230.000009111965,299.51463305810955,479
24620000,49240.000009114,301.36437185008754,479
24625000,49250.00000911604,299.7069894426879,479
24630000,49260.00000911808,298.5741872169556,479
24635000,49270.000009120115,302.37074950030046,479
24640000,49280.00000912215,297.99576935753555,479
24645000,49290.00000912419,300.6270720389917,479
24650000,49300.000009126226,301.6361692105038,479
24655000,49310.00000912826,298.9082019183147,479
24660000,49320.0000091303,301.0277702870047,479
24665000,49330.00000913234,300.8969458355622,479
24670000,49340.000009134375,300.7392578200664,479
24675000,49350.00000913641,303.3746066185775,479
24680000,49360.00000913845,302.1498934169036,479
24685000,49370.00000914049,302.02216435555766,479
24690000,49380.000009142525,297.1265617084633,479
24695000,49390.00000914456,301.99317823829534,479
24700000,49400.0000091466,302.11568935633545,479
24705000,49410.000009148636,297.7776327954379,479
24710000,49420.00000915067,301.6235886607538,479
24715000,49430.00000915271,298.22933865025806,479
24720000,49440.00000915475,300.4027889165592,479
24725000,49450.000009156785,300.5936860458063,479
24730000,49460.00000915882,301.2823882323845,479
24735000,49470.00000916086,298.1891649087892,479
24740000,49480.0000091629,300.5388092013783,479
24745000,49490.000009164934,299.61392875042463,479
24750000,49500.00000916697,298.8023616869381,479
24755000,49510.00000916901,301.7414566936489,479
24760000,49520.000009171046,301.253976973283,479
24765000,49530.00000917308,298.9456340285551,479
24770000,49540.00000917512,299.4441023837642,479
24775000,49550.00000917716,301.53066062806613,479
24780000,49560.000009179195,297.81331822126657,479
24785000,49570.00000918123,300.57053694986905,479
24790000,49580.00000918327,298.5498884046968,479
24795000,49590.00000918531,299.77650306028727,479
24800000,49600.000009187344,298.74567182831066,479
24805000,49610.00000918938,299.7702017304476,479
24810000,49620.00000919142,300.7638440614057,479
24815000,49630.000009193456,301.2086958381547,479
24820000,49640.00000919549,300.2984521603724,479
24825000,49650.00000919753,299.4818440330142,479
24830000,49660.00000919957,298.5726837417658,479
24835000,49670.000009201605,300.78610876017234,479
24840000,49680.00000920364,299.9891784698572,479
24845000,49690.00000920568,300.59023689684136,479
24850000,49700.00000920772,300.3069202632797,479
24855000,49710.000009209754,300.40853749816733,479
24860000,49720.00000921179,298.9415879115002,479
24865000,49730.00000921383,300.222769872509,479
24870000,49740.000009215866,299.7414367124779,479
24875000,49750.0000092179,300.85533494869134,479
24880000,49760.00000921994,300.5343429956674,479
24885000,49770.00000922198,299.8212756670425,479
24890000,49780.000009224015,301.4463775777199,479
24895000,49790.00000922605,300.06718230029315,479
24900000,49800.00000922809,299.03374209666373,479
24905000,49810.00000923013,298.6394778380659,479
24910000,49820.000009232164,299.76987008150866,479
24915000,49830.0000092342,299.24086791398895,479
24920000,49840.00000923624,302.5568487748977,479
24925000,49850.000009238276,299.82706846850914,479
24930000,49860.00000924031,299.592681108404,479
24935000,49870.00000924235,303.28952761077784,479
24940000,49880.00000924439,299.0799960686796,479
24945000,49890.000009246425,301.3148677184702,479
24950000,49900.00000924846,298.44285423714,479
24955000,49910.0000092505,300.0153566261033,479
24960000,49920.00000925254,301.2722397748533,479
24965000,49930.000009254574,297.7451975292107,479
24970000,49940.00000925661,300.7177227489654,479
24975000,49950.00000925865,299.96359728170125,479
24980000,49960.000009260686,301.7268862502653,479
24985000,49970.00000926272,301.0275049678536,479
24990000,49980.00000926476,300.2356157414102,479
24995000,49990.0000092668,300.37658865038384,479
25000000,50000.000009268835,303.02692798093443,479
25005000,50010.00000927087,300.229270191712,479
25010000,50020.00000927291,299.2912343328475,479
25015000,50030.00000927495,300.99445062360707,479
25020000,50040.000009276984,301.49028789723394,479
25025000,50050.00000927902,299.54213781011134,479
25030000,50060.00000928106,301.45995307428666,479
25035000,50070.000009283096,298.6622510652056,479
25040000,50080.00000928513,301.700265895434,479
25045000,50090.00000928717,298.5140482093633,479
25050000,50100.00000928921,299.8580002595465,479
25055000,50110.000009291245,301.53603334087677,479
25060000,50120.00000929328,299.69367926527224,479
25065000,50130.00000929532,299.8498416956489,479
25070000,50140.00000929736,298.3952957792977,479
25075000,50150.000009299394,298.6550874481248,479
25080000,50160.00000930143,300.81750485972424,479
25085000,50170.00000930347,301.11758081966644,479
25090000,50180.000009305506,298.4046482793755,479
25095000,50190.00000930754,300.8935409064559,479
25100000,50200.00000930958,299.62500582498484,479
25105000,50210.00000931162,298.43639813779555,479
25110000,50220.000009313655,299.5109185899936,479
25115000,50230.00000931569,301.61131765001346,479
25120000,50240.00000931773,298.0740385071226,479
25125000,50250.00000931977,300.99396420516325,479
25130000,50260.000009321804,301.1913174337548,479
25135000,50270.00000932384,299.9630666433989,479
25140000,50280.00000932588,300.4010643420768,479
25145000,50290.000009327916,298.5262750002451,479
25150000,50300.00000932995,300.5235975700461,479
25155000,50310.00000933199,300.020817778631,479
25160000,50320.00000933403,299.83341401820735,479
25165000,50330.000009336065,301.43532261308894,479
25170000,50340.0000093381,301.13033824885053,479
25175000,50350.00000934014,301.50830748958236,479
25180000,50360.00000934218,302.1521928495468,479
25185000,50370.000009344214,304.2931636297622,479
25190000,50380.00000934625,300.95863253820283,479
25195000,50390.00000934829,297.89123361198546,479
25200000,50400.000009350326,300.64993370584847,479
25205000,50410.00000935236,299.4501826143112,479
25210000,50420.0000093544,301.15633952566253,479
25215000,50430.00000935644,302.3404146773532,479
25220000,50440.000009358475,301.10035718477144,479
25225000,50450.00000936051,302.2881689145073,479
25230000,50460.00000936255,297.8725065019006,479
25235000,50470.00000936459,298.5850874120817,479
25240000,50480.000009366624,300.74429888393814,479
25245000,50490.00000936866,301.2731462819531,479
25250000,50500.0000093707,302.623068013037,479
25255000,50510.000009372736,300.24169597195714,479
25260000,50520.00000937477,300.2587648373473,479
25265000,50530.00000937681,300.97895156319447,479
25270000,50540.00000937885,300.55273845681324,479
25275000,50550.000009380885,301.01293452447,479
25280000,50560.00000938292,302.0419969621056,479
25285000,50570.00000938496,303.44347904822826,479
25290000,50580.000009387,302.34209503197707,479
25295000,50590.000009389034,301.2039422033634,479
25300000,50600.00000939107,303.6434854683312,479
25305000,50610.00000939311,301.5702374014449,479
25310000,50620.000009395146,302.05747391258893,479
25315000,50630.00000939718,299.0573555011154,479
25320000,50640.00000939922,300.8167310122001,479
25325000,50650.00000940126,301.71810860834836,479
25330000,50660.000009403295,304.5725668058446,479
25335000,50670.00000940533,300.1718285954896,479
25340000,50680.00000940737,299.03374209666373,479
25345000,50690.00000940941,299.541518732092,479
25350000,50700.000009411444,298.63857133096616,479
25355000,50710.00000941348,303.67552275583165,479
25360000,50720.00000941552,298.16990716040215,479
25365000,50730.000009417556,301.08797562438485,479
25370000,50740.00000941959,299.0574218309032,479
25375000,50750.00000942163,298.8931008366289,479
25380000,50760.00000942367,298.05013767359054,479
25385000,50770.000009425705,302.5618677288401,479
25390000,50780.00000942774,302.2878593754977,479
25395000,50790.00000942978,301.15384110365596,479
25400000,50800.00000943182,298.78770280383753,479
25405000,50810.000009433854,298.76709634976544,479
25410000,50820.00000943589,299.0870049162556,479
25415000,50830.00000943793,299.57992367921986,479
25420000,50840.000009439966,300.3709506184221,479
25425000,50850.000009442,300.0750755450396,479
25430000,50860.00000944404,301.90104616306115,479
25435000,50870.00000944608,300.7231175717053,479
25440000,50880.000009448115,300.23386905699846,479
25445000,50890.00000945015,300.53801324392487,479
25450000,50900.00000945219,301.42745147827173,479
25455000,50910.00000945423,296.84335562454794,479
25460000,50920.000009456264,299.24579842821436,479
25465000,50930.0000094583,299.6282338746571,479
25470000,50940.00000946034,299.2531168148,479
25475000,50950.000009462376,302.0988194803086,479
25480000,50960.00000946441,302.46675081315556,479
25485000,50970.00000946645,301.3014469914083,479
25490000,50980.00000946849,299.7338972265996,479
25495000,50990.000009470525,300.36197398714177,479
25500000,51000.00000947256,301.60972573510657,479
25505000,51010.0000094746,299.3384169218924,479
25510000,51020.00000947664,299.81112720951137,479
25515000,51030.000009478674,299.63544171159646,479
25520000,51040.00000948071,297.6225537515951,479
25525000,51050.00000948275,300.17890377285346,479
25530000,51060.000009484786,299.2151540662574,479
25535000,51070.00000948682,300.3942102640056,479
25540000,51080.00000948886,299.1177819377881,479
25545000,51090.0000094909,299.80621880521517,479
25550000,51100.000009492935,300.2296018406509,479
25555000,51110.00000949497,301.05109626237595,479
25560000,51120.00000949701,297.5765650987304,479
25565000,51130.00000949905,300.72930835189857,479
25570000,51140.000009501084,301.0318164040596,479
25575000,51150.00000950312,302.1201113421878,479
25580000,51160.00000950516,301.7452596014819,479
25585000,51170.000009507196,300.0614116087558,479
25590000,51180.00000950923,300.2924603695424,479
25595000,51190.00000951127,301.6088855577946,479
25600000,51200.00000951331,299.01127840853366,479
25605000,51210.000009515345,300.23749508539737,479
25610000,51220.00000951738,300.29732455398005,479
25615000,51230.00000951942,299.1663353424472,479
25620000,51240.00000952146,301.33914442079976,479
25625000,51250.000009523494,302.9821332642499,479
25630000,51260.00000952553,301.21988346236117,479
25635000,51270.00000952757,302.07589148366407,479
25640000,51280.000009529605,302.25325733620286,479
25645000,51290.00000953164,300.4520498389547,479
25650000,51300.00000953368,300.3794850511172,479
25655000,51310.00000953572,299.3553752376363,479
25660000,51320.000009537755,298.688959859754,479
25665000,51330.00000953979,297.5400173856605,479
25670000,51340.00000954183,299.8378802239182,479
25675000,51350.000009543866,298.51924404273984,479
25680000,51360.0000095459,299.04576989818213,479
25685000,51370.00000954794,301.58016475968344,479
25690000,51380.00000954998,301.803187616148,479
25695000,51390.000009552015,299.60535009787105,479
25700000,51400.00000955405,300.647700602993,479
25705000,51410.00000955609,301.19618161819244,479
25710000,51420.00000955813,300.6999021459803,479
25715000,51430.000009560164,299.3245097763867,479
25720000,51440.0000095622,300.3514496608131,479
25725000,51450.00000956424,299.78123458514926,479
25730000,51460.000009566276,302.0067537348621,479
25735000,51470.00000956831,300.41110224996163,479
25740000,51480.00000957035,300.4082942889454,479
25745000,51490.00000957239,301.97460589771543,479
25750000,51500.000009574425,299.92651893032905,479
25755000,51510.00000957646,299.01870734476563,479
25760000,51520.0000095785,300.122302353943,479
25765000,51530.00000958054,302.3500103866528,479
25770000,51540.000009582574,300.36290260417076,479
25775000,51550.00000958461,300.0323149418472,479
25780000,51560.00000958665,298.51035585117654,479
25785000,51570.000009588686,302.20576520814836,479
25790000,51580.00000959072,298.2664170016302,479
25795000,51590.00000959276,301.1182220076151,479
25800000,51600.0000095948,299.1411079131594,479
25805000,51610.000009596835,298.81887780409676,479
25810000,51620.00000959887,300.1659252443767,479
25815000,51630.00000960091,297.8044300297033,479
25820000,51640.00000960295,299.62703993847697,479
25825000,51650.000009604984,301.59844967118306,479
25830000,51660.00000960702,304.4692028865453,479
25835000,51670.00000960906,299.78048284755437,479
25840000,51680.000009611096,298.38866280051917,479
25845000,51690.00000961313,299.74749483309563,479
25850000,51700.00000961517,300.270637869361,479
25855000,51710.00000961721,300.4013517711572,479
25860000,51720.000009619245,299.28663546756104,479
25865000,51730.00000962128,301.61317488407144,479
25870000,51740.00000962332,300.06539139602296,479
25875000,51750.00000962536,301.45736621256304,479
25880000,51760.000009627394,298.21779726718336,479
25885000,51770.00000962943,301.8454396909675,479
25890000,51780.00000963147,301.2350287639056,479
25895000,51790.000009633506,299.9248606856344,479
25900000,51800.00000963554,301.26392644145085,479
25905000,51810.00000963758,299.8659156142223,479
25910000,51820.00000963962,299.1612279487877,479
25915000,51830.000009641655,301.78768855573543,479
25920000,51840.00000964369,301.0766111207442,479
25925000,51850.00000964573,300.28127274533597,479
25930000,51860.00000964777,299.132131281879,479
25935000,51870.000009649804,300.76718266072425,479
25940000,51880.00000965184,300.54318696737215,479
25945000,51890.00000965388,302.29303309894493,479
25950000,51900.000009655916,301.6930359485654,479
25955000,51910.00000965795,302.23006402040716,479
25960000,51920.00000965999,299.5803216579466,479
25965000,51930.00000966203,299.5860702395547,479
25970000,51940.000009664065,297.74685577390534,479
25975000,51950.0000096661,299.7658239644538,479
25980000,51960.00000966814,299.17705865813923,479
25985000,51970.00000967018,298.63552016072805,479
25990000,51980.000009672214,301.4877231454396,479
25995000,51990.00000967425,300.6925174296068,479
26000000,52000.00000967629,300.762605905367,479
26005000,52010.000009678326,302.3089743579428,479
26010000,52020.00000968036,301.8649185386472,479
26015000,52030.0000096824,298.65643615380975,479
26020000,52040.00000968444,300.93760599547477,479
26025000,52050.000009686475,298.2752388634057,479
26030000,52060.00000968851,302.07310563257704,479
26035000,52070.00000969055,301.0001107654981,479
26040000,52080.00000969259,300.1954862197999,479
26045000,52090.000009694624,297.563873999334,479
26050000,52100.00000969666,299.08667326731666,479
26055000,52110.0000096987,300.3315065046189,479
26060000,52120.000009700736,296.7425343471138,479
26065000,52130.00000970277,301.8127833254477,479
26070000,52140.00000970481,299.79622511718884,479
26075000,52150.00000970685,300.19345210630775,479
26080000,52160.000009708885,298.6818404625317,479
26085000,52170.00000971092,300.5816140244293,479
26090000,52180.00000971296,301.2887780019412,479
26095000,52190.000009715,299.31643965220604,479
26100000,52200.000009717034,300.1096996942638,479
26105000,52210.00000971907,298.01920588255314,479
26110000,52220.00000972111,301.3681084281328,479
26115000,52230.000009723146,300.39005359730436,479
26120000,52240.00000972518,298.33528943128096,479
26125000,52250.00000972722,301.4906416561021,479
26130000,52260.00000972926,304.20123054389137,479
26135000,52270.000009731295,300.0305903673647,479
26140000,52280.00000973333,299.4309027559948,479
26145000,52290.00000973537,301.4686864963451,479
26150000,52300.00000973741,299.5855617111817,479
26155000,52310.000009739444,300.21255508519,479
26160000,52320.00000974148,298.6742567567948,479
26165000,52330.00000974352,301.9434972272439,479
26170000,52340.000009745556,300.99184165195413,479
26175000,52350.00000974759,303.92224745646496,479
26180000,52360.00000974963,299.9853313421657,479
26185000,52370.00000975167,299.2662722227109,479
26190000,52380.000009753705,299.7913167128927,479
26195000,52390.00000975574,301.7593215164925,479
26200000,52400.00000975778,300.7678017387436,479
26205000,52410.00000975982,300.49352806624995,479
26210000,52420.000009761854,300.38052421779247,479
26215000,52430.00000976389,299.2182715662833,479
26220000,52440.00000976593,299.8933540364362,479
26225000,52450.000009767966,301.6799247605131,479
26230000,52460.00000977,300.1565727442989,479
26235000,52470.00000977204,300.01997760131906,479
26240000,52480.00000977408,301.4348583045744,479
26245000,52490.000009776115,297.51310960174874,479
26250000,52500.00000977815,300.9071606228811,479
26255000,52510.00000978019,301.69153247337556,479
26260000,52520.00000978223,299.731310364876,479
26265000,52530.000009784264,299.1147749874085,479
26270000,52540.0000097863,302.2923919109964,479
26275000,52550.00000978834,299.50870759706737,479
26280000,52560.000009790376,300.8395042393398,479
26285000,52570.00000979241,298.9671027698684,479
26290000,52580.00000979445,301.4678020991746,479
26295000,52590.00000979649,299.400103624533,479
26300000,52600.000009798525,297.29121435167656,479
26305000,52610.00000980056,300.20689494329895,479
26310000,52620.0000098026,299.16436755874287,479
26315000,52630.00000980464,297.4403237146187,479
26320000,52640.000009806674,299.023129330618,479
26325000,52650.00000980871,302.0930487887712,479
26330000,52660.00000981075,301.97405314948384,479
26335000,52670.000009812786,299.55604495561704,479
26340000,52680.00000981482,300.9866237086484,479
26345000,52690.00000981686,299.74802547139797,479
26350000,52700.0000098189,299.89200533075126,479
26355000,52710.000009820935,298.4882238119854,479
26360000,52720.00000982297,301.0118732478654,479
26365000,52730.00000982501,301.3318039242848,479
26370000,52740.00000982705,298.80890622599964,479
26375000,52750.000009829084,298.9412120427027,479
26380000,52760.00000983112,300.3086006179036,479
26385000,52770.00000983316,303.67171984799865,479
26390000,52780.000009835196,299.35468982982917,479
26395000,52790.00000983723,302.2942491450544,479
26400000,52800.00000983927,301.2370407674684,479
26405000,52810.00000984131,300.9374733358992,479
26410000,52820.000009843345,298.7678923072189,479
26415000,52830.00000984538,298.94375468456786,479
26420000,52840.00000984742,298.80172049898954,479
26425000,52850.00000984946,299.06673011112247,479
26430000,52860.000009851494,298.30177077852,479
26435000,52870.00000985353,301.267994668435,479
26440000,52880.00000985557,300.5796241307957,479
26445000,52890.000009857606,299.4278958056152,479
26450000,52900.00000985964,300.3836417178184,479
26455000,52910.00000986168,299.64698309467116,479
26460000,52920.00000986372,299.63407089598223,479
26465000,52930.000009865755,300.56346177250526,479
26470000,52940.00000986779,298.15111372052957,479
26475000,52950.00000986983,300.4072993421286,479
26480000,52960.00000987187,299.34845482977727,479
26485000,52970.000009873904,301.8639457017597,479
26490000,52980.00000987594,301.03743232609213,479
26495000,52990.00000987798,299.05315461455564,479
26500000,53000.000009880016,302.5704021615352,479
26505000,53010.00000988205,298.31684975027656,479
26510000,53020.00000988409,301.54834857147563,479
26515000,53030.00000988613,300.222769872509,479
26520000,53040.000009888165,299.3309879856604,479
26525000,53050.0000098902,298.5450684401177,479
26530000,53060.00000989224,299.59785483185124,479
26535000,53070.00000989428,301.5299973301883,479
26540000,53080.000009896314,298.4775889360105,479
26545000,53090.00000989835,299.2871661058634,479
26550000,53100.00000990039,298.4419477300403,479
26555000,53110.000009902426,303.0633872542873,479
26560000,53120.00000990446,300.90890730729285,479
26565000,53130.0000099065,300.1012094814272,479
26570000,53140.00000990854,302.55324485642797,479
26575000,53150.000009910575,299.05262397625336,479
26580000,53160.00000991261,300.2249808654352,479
26585000,53170.00000991465,299.510697490701,479
26590000,53180.00000991669,304.5386722842861,479
26595000,53190.000009918724,301.0251613153518,479
26600000,53200.00000992076,298.88310714860256,479
26605000,53210.0000099228,300.5981964713757,479
26610000,53220.000009924835,300.7769773593872,479
26615000,53230.00000992687,300.0381519631723,479
26620000,53240.00000992891,301.5207111598983,479
26625000,53250.00000993095,299.355353127707,479
26630000,53260.000009932985,303.2975977349584,479
26635000,53270.00000993502,301.07426746824245,479
26640000,53280.00000993706,299.0202108199554,479
26645000,53290.000009939096,301.8259387333585,479
26650000,53300.00000994113,300.60412193241785,479
26655000,53310.00000994317,300.2629657239071,479
26660000,53320.00000994521,299.4330031992747,479
26665000,53330.000009947245,300.4136227818975,479
26670000,53340.00000994928,302.1841859171887,479
26675000,53350.00000995132,299.1023934270218,479
26680000,53360.00000995336,299.8322200820272,479
26685000,53370.000009955394,299.2956563186999,479
26690000,53380.00000995743,303.1192369356028,479
26695000,53390.00000995947,302.43592957176446,479
26700000,53400.000009961506,301.57443828800467,479
26705000,53410.00000996354,303.3692117958376,479
26710000,53420.00000996558,300.0785246940045,479
26715000,53430.00000996762,302.7405159572761,479
26720000,53440.000009969655,299.83073871676663,479
26725000,53450.00000997169,301.65673144471737,479
26730000,53460.00000997373,301.43395179747466,479
26735000,53470.00000997577,300.91531918677885,479
26740000,53480.000009977804,296.22153597398693,479
26745000,53490.00000997984,300.17669277992724,479
26750000,53500.00000998188,300.3448609018931,479
26755000,53510.000009983916,301.40428027240523,479
26760000,53520.00000998595,301.1886200223849,479
26765000,53530.00000998799,298.7376017041301,479
26770000,53540.00000999003,300.18140219486,479
26775000,53550.000009992065,297.76567132370724,479
26780000,53560.0000099941,300.7816204445322,479
26785000,53570.00000999614,299.3416670814939,479
26790000,53580.00000999818,299.4574125611798,479
26795000,53590.000010000214,299.89642731660365,479
26800000,53600.00001000225,297.3794329694315,479
26805000,53610.00001000429,300.1760073721201,479
26810000,53620.000010006326,302.1679793390398,479
26815000,53630.00001000836,298.60343865336904,479
26820000,53640.0000100104,299.0104382312217,479
26825000,53650.00001001244,298.2057694656649,479
26830000,53660.000010014475,299.96216013629925,479
26835000,53670.00001001651,300.877179558802,479
26840000,53680.00001001855,301.07099519871167,479
26845000,53690.00001002059,300.21343948236046,479
26850000,53700.000010022624,300.8666552324734,479
26855000,53710.00001002466,302.1307683280921,479
26860000,53720.0000100267,300.2850535432397,479
26865000,53730.000010028736,298.6588019162408,479
26870000,53740.00001003077,302.71915776560917,479
26875000,53750.00001003281,299.79293073772885,479
26880000,53760.00001003485,297.96749075800966,479
26885000,53770.000010036885,302.3397513794753,479
26890000,53780.00001003892,297.1758889606466,479
26895000,53790.00001004096,298.7080849485655,479
26900000,53800.000010043,300.8656381757274,479
26905000,53810.000010045034,301.67525956543886,479
26910000,53820.00001004707,301.0211151982969,479
26915000,53830.00001004911,301.5067819044633,479
26920000,53840.000010051146,300.99047083633997,479
26925000,53850.00001005318,299.8809503661203,479
26930000,53860.00001005522,297.46533004461384,479
26935000,53870.00001005726,300.5407548751533,479
26940000,53880.000010059295,300.41950402308123,479
26945000,53890.00001006133,300.0374002255774,479
26950000,53900.00001006337,302.1175023705349,479
26955000,53910.00001006541,299.4562186249997,479
26960000,53920.000010067444,299.7362187691721,479
26965000,53930.00001006948,301.1649402881454,479
26970000,53940.00001007152,298.0292659003673,479
26975000,53950.000010073556,303.8796195128481,479
26980000,53960.00001007559,300.24673703582886,479
26985000,53970.00001007763,300.91133939951163,479
26990000,53980.00001007967,301.23230924260633,479
26995000,53990.000010081705,301.30279569709325,479
27000000,54000.00001008374,301.33693342787353,479
27005000,54010.00001008578,302.0965863774532,479
27010000,54020.00001008782,300.3312411854678,479
27015000,54030.000010089854,301.55500366018344,479
27020000,54040.00001009189,300.9997127867714,479
27025000,54050.00001009393,298.80853035720224,479
27030000,54060.000010095966,299.76500589707103,479
27035000,54070.000010098,300.67664250039684,479
27040000,54080.00001010004,301.49842435120235,479
27045000,54090.00001010208,300.6331964893972,479
27050000,54100.000010104115,301.3403162470506,479
27055000,54110.00001010615,301.0228397727793,479
27060000,54120.00001010819,299.14404853375123,479
27065000,54130.00001011023,298.8519763682018,479
27070000,54140.000010112264,298.91014759208986,479
27075000,54150.0000101143,298.65568441621485,479
27080000,54160.00001011634,300.1433510066003,479
27085000,54170.000010118376,301.7009513032411,479
27090000,54180.00001012041,300.34645281679997,479
27095000,54190.00001012245,298.8526838859382,479
27100000,54200.00001012449,299.41825587645707,479
27105000,54210.000010126525,300.15365423363636,479
27110000,54220.00001012856,299.53289585967985,479
27115000,54230.0000101306,299.5549173492247,479
27120000,54240.00001013264,299.1195728420583,479
27125000,54250.000010134674,301.1666427526986,479
27130000,54260.00001013671,302.07279609356743,479
27135000,54270.00001013875,299.95165791989984,479
27140000,54280.000010140786,300.8138125015375,479
27145000,54290.00001014282,301.16447597963094,479
27150000,54300.00001014486,297.7442689121817,479
27155000,54310.0000101469,299.18267458017175,479
27160000,54320.000010148935,301.3803573289439,479
27165000,54330.00001015097,299.651272420948,479
27170000,54340.00001015301,300.2994913270477,479
27175000,54350.00001015505,303.17504239705977,479
27180000,54360.000010157084,301.1829598804938,479
27185000,54370.00001015912,299.6515377400991,479
27190000,54380.00001016116,301.09889792944017,479
27195000,54390.000010163196,298.33179606245756,479
27200000,54400.00001016523,301.7957807898453,479
27205000,54410.00001016727,301.3994603078262,479
27210000,54420.00001016931,299.22592160180795,479
27215000,54430.000010171345,299.87411839797846,479
27220000,54440.00001017338,298.00700120160064,479
27225000,54450.00001017542,300.89159523268086,479
27230000,54460.00001017746,298.6826806398436,479
27235000,54470.000010179494,304.0487162518429,479
27240000,54480.00001018153,300.92387572940316,479
27245000,54490.00001018357,300.4727005128853,479
27250000,54500.000010185606,299.68408355597256,479
27255000,54510.00001018764,299.443748624896,479
27260000,54520.00001018968,299.8032560746941,479
27265000,54530.00001019172,301.5309701670758,479
27270000,54540.000010193755,300.9688694354511,479
27275000,54550.00001019579,299.8824980611687,479
27280000,54560.00001019783,302.6891988114593,479
27285000,54570.00001019987,301.26542991664064,479
27290000,54580.000010201904,299.0642095791866,479
27295000,54590.00001020394,299.67044172961806,479
27300000,54600.00001020598,298.41559269436016,479
27305000,54610.000010208016,298.2692249626465,479
27310000,54620.00001021005,299.3818408229627,479
27315000,54630.00001021209,299.73299071949987,479
27320000,54640.00001021413,301.6829980406805,479
27325000,54650.000010216165,301.6396625793272,479
27330000,54660.0000102182,301.8627959854381,479
27335000,54670.00001022024,297.04614789573793,479
27340000,54680.00001022228,300.1843649253811,479
27345000,54690.000010224314,301.26852530673733,479
27350000,54700.00001022635,300.0729529918305,479
27355000,54710.00001022839,298.23017882757,479
27360000,54720.000010230426,301.5286486245033,479
27365000,54730.00001023246,299.8942163236775,479
27370000,54740.0000102345,296.2631468608578,479
27375000,54750.00001023654,299.6400184669537,479
27380000,54760.000010238575,300.98642471928497,479
27385000,54770.00001024061,300.0153566261033,479
27390000,54780.00001024265,300.24191707124976,479
27395000,54790.00001024469,299.5259312319624,479
27400000,54800.000010246724,301.0933262272662,479
27405000,54810.00001024876,298.5849105326476,479
27410000,54820.0000102508,299.3676683583059,479
27415000,54830.000010252836,299.96176215757254,479
27420000,54840.00001025487,300.2432657769348,479
27425000,54850.00001025691,297.8330844980267,479
27430000,54860.00001025895,299.3354984112298,479
27435000,54870.000010260985,300.6703190606279,479
27440000,54880.00001026302,299.808650897434,479
27445000,54890.00001026506,299.6833760382362,479
27450000,54900.0000102671,300.7991978382954,479
27455000,54910.000010269134,300.9888125916453,479
27460000,54920.00001027117,301.18853158266785,479
27465000,54930.00001027321,301.461589209052,479
27470000,54940.000010275246,300.7976722531763,479
27475000,54950.00001027728,298.24875116814997,479
27480000,54960.00001027932,295.3711659846458,479
27485000,54970.00001028136,298.1432425857123,479
27490000,54980.000010283395,298.9409467235516,479
27495000,54990.00001028543,299.5081769587651,479
27500000,55000.00001028747,298.2755926222739,479
27505000,55010.00001028951,300.40727723219936,479
27510000,55020.000010291544,300.1494091272181,479
27515000,55030.00001029358,300.2837932772718,479
27520000,55040.00001029562,299.45387497249794,479
27525000,55050.000010297656,300.03072302694034,479
27530000,55060.00001029969,299.75753274098054,479
27535000,55070.00001030173,299.8203249400843,479
27540000,55080.00001030377,298.5902611355289,479
27545000,55090.000010305805,299.82196107484964,479
27550000,55100.00001030784,301.62756844802095,479
27555000,55110.00001030988,299.40647128416043,479
27560000,55120.00001031192,301.30310523610285,479
27565000,55130.000010313954,298.76462003768813,479
27570000,55140.00001031599,299.3524346170444,479
27575000,55150.00001031803,300.5501737050189,479
27580000,55160.000010320065,298.0276518755312,479
27585000,55170.0000103221,298.85768072995137,479
27590000,55180.00001032414,301.27445076777946,479
27595000,55190.00001032618,297.9336404563097,479
27600000,55200.000010328215,300.1855588615612,479
27605000,55210.00001033025,300.3912475334845,479
27610000,55220.00001033229,301.86637779397853,479
27615000,55230.000010334326,301.4065575951192,479
27620000,55240.00001033636,302.3773382592205,479
27625000,55250.0000103384,300.42750781747395,479
27630000,55260.00001034044,301.3298361405805,479
27635000,55270.000010342475,298.92889681210386,479
27640000,55280.00001034451,301.23717342704396,479
27645000,55290.00001034655,300.8698390622871,479
27650000,55300.00001034859,298.04985024451014,479
27655000,55310.000010350625,298.55094968130135,479
27660000,55320.00001035266,300.8154044164444,479
27665000,55330.0000103547,301.3509953428841,479
27670000,55340.000010356736,300.4136227818975,479
27675000,55350.00001035877,301.27506984579884,479
27680000,55360.00001036081,298.3595440236813,479
27685000,55370.00001036285,301.2840685870084,479
27690000,55380.000010364885,300.5455085099446,479
27695000,55390.00001036692,298.23287623894,479
27700000,55400.00001036896,300.13711600654847,479
27705000,55410.000010371,299.33558685094687,479
27710000,55420.000010373034,298.39934189635267,479
27715000,55430.00001037507,301.9780771566095,479
27720000,55440.00001037711,297.06556041362984,479
27725000,55450.000010379146,299.82793075575034,479
27730000,55460.00001038118,301.320174101493,479
27735000,55470.00001038322,302.082811891523,479
27740000,55480.00001038526,299.0896802176963,479
27745000,55490.000010387295,300.7191156745089,479
27750000,55500.00001038933,300.82747643782136,479
27755000,55510.00001039137,297.6983908089633,479
27760000,55520.00001039341,300.34906178845284,479
27765000,55530.000010395444,300.885448672346,479
27770000,55540.00001039748,301.9360240711534,479
27775000,55550.00001039952,299.34151231198905,479
27780000,55560.000010401556,297.6378538226443,479
27785000,55570.00001040359,299.15214076786106,479
27790000,55580.00001040563,302.20063570455955,479
27795000,55590.00001040767,300.640183227044,479
27800000,55600.000010409705,299.84181579132684,479
27805000,55610.00001041174,299.84858142968096,479
27810000,55620.00001041378,299.77539756382413,479
27815000,55630.00001041582,299.7575548509098,479
27820000,55640.000010417854,298.78677418680854,479
27825000,55650.00001041989,302.3877299259736,479
27830000,55660.00001042193,298.27240879246017,479
27835000,55670.000010423966,299.37425711722585,479
27840000,55680.000010426,301.1986137104112,479
27845000,55690.00001042804,300.84175945212456,479
27850000,55700.00001043008,302.5275973384842,479
27855000,55710.000010432115,299.6287645129594,479
27860000,55720.00001043415,302.9563309768013,479
27865000,55730.00001043619,302.27766669810796,479
27870000,55740.00001043823,299.50572275661705,479
27875000,55750.000010440264,302.0160841250107,479
27880000,55760.0000104423,298.1101882414658,479
27885000,55770.00001044434,298.7785492931231,479
27890000,55780.000010446376,302.5141102816345,479
27895000,55790.00001044841,301.5698394227182,479
27900000,55800.00001045045,300.6884934224812,479
27905000,55810.00001045249,299.74431100328195,479
27910000,55820.000010454525,299.21970871168537,479
27915000,55830.00001045656,297.92227595266905,479
27920000,55840.0000104586,298.3717708145631,479
27925000,55850.00001046064,300.1479940917453,479
27930000,55860.000010462674,301.082757681079,479
27935000,55870.00001046471,297.3448088202074,479
27940000,55880.00001046675,298.7891178393103,479
27945000,55890.000010468786,298.5985965788607,479
27950000,55900.00001047082,299.3293739608243,479
27955000,55910.00001047286,300.8049685298328,479
27960000,55920.0000104749,301.6744636079854,479
27965000,55930.000010476935,301.9792489828604,479
27970000,55940.00001047897,300.75225845847245,479
27975000,55950.00001048101,300.5846651946674,479
27980000,55960.00001048305,301.37606800266707,479
27985000,55970.000010485084,298.8323427510173,479
27990000,55980.00001048712,299.6090866759163,479
27995000,55990.00001048916,300.63571702133305,479
28000000,56000.000010491196,299.15892851614444,479
28005000,56010.00001049323,300.83800076415,479
28010000,56020.00001049527,299.1413953422398,479
28015000,56030.00001049731,299.75028068418266,479
28020000,56040.000010499345,297.70214949693786,479
28025000,56050.00001050138,298.95761761021504,479
28030000,56060.00001050342,301.2286832142074,479
28035000,56070.00001050546,299.750479673546,479
28040000,56080.000010507494,302.6494672685757,479
28045000,56090.00001050953,299.51912137374967,479
28050000,56100.00001051157,301.50258101790354,479
28055000,56110.000010513606,298.9504097732757,479
28060000,56120.00001051564,299.43614280922986,479
28065000,56130.00001051768,299.8643458092447,479
28070000,56140.00001051972,300.3228394123483,479
28075000,56150.000010521755,298.62448730602637,479
28080000,56160.00001052379,301.9129191950747,479
28085000,56170.00001052583,300.0252397644834,479
28090000,56180.00001052787,299.8226022627983,479
28095000,56190.000010529904,303.00176688143443,479
28100000,56200.00001053194,300.8916615624686,479
28105000,56210.00001053398,299.7387171911787,479
28110000,56220.000010536016,300.90844299877836,479
28115000,56230.00001053805,299.7048226696202,479
28120000,56240.00001054009,299.789061500108,479
28125000,56250.00001054213,299.9345006147926,479
28130000,56260.000010544165,299.6964872262885,479
28135000,56270.0000105462,301.12204702537736,479
28140000,56280.00001054824,300.3010832419546,479
28145000,56290.00001055028,301.1554993483506,479
28150000,56300.000010552314,301.52159555706874,479
28155000,56310.00001055435,300.2828204403842,479
28160000,56320.00001055639,298.7183660656723,479
28165000,56330.000010558426,300.9641600205183,479
28170000,56340.00001056046,298.7914172719535,479
28175000,56350.0000105625,302.2794354924489,479
28180000,56360.00001056454,298.4885775708536,479
28185000,56370.000010566575,301.6333391395583,479
28190000,56380.00001056861,300.4650283674314,479
28195000,56390.00001057065,300.0414242327031,479
28200000,56400.00001057269,303.92808447779015,479
28205000,56410.000010574724,300.3520245189739,479
28210000,56420.00001057676,300.5724605137148,479
28215000,56430.0000105788,300.8632945232256,479
28220000,56440.000010580836,298.68860610088575,479
28225000,56450.00001058287,298.9440642235775,479
28230000,56460.00001058491,301.684899494597,479
28235000,56470.00001058695,301.01989915218746,479
28240000,56480.000010588985,301.1676819193739,479
28245000,56490.00001059102,299.1993233569059,479
28250000,56500.00001059306,298.48455356372796,479
28255000,56510.0000105951,300.7805370579984,479
28260000,56520.000010597134,301.23217658303076,479
28265000,56530.00001059917,297.9648596764275,479
28270000,56540.00001060121,301.9961630787457,479
28275000,56550.000010603246,300.27839845453184,479
28280000,56560.00001060528,300.69906196866833,479
28285000,56570.00001060732,300.8177922888047,479
28290000,56580.00001060936,300.02762763684365,479
28295000,56590.000010611395,301.55971307511624,479
28300000,56600.00001061343,301.1931746678128,479
28305000,56610.00001061547,299.9759346222294,479
28310000,56620.00001061751,301.37164601681474,479
28315000,56630.000010619544,300.51524001678507,479
28320000,56640.00001062158,297.9185172646946,479
28325000,56650.00001062362,300.216269553306,479
28330000,56660.000010625656,300.14551777966795,479
28335000,56670.00001062769,298.2894334379919,479
28340000,56680.00001062973,298.758783016363,479
28345000,56690.00001063177,302.668150158802,479
28350000,56700.000010633805,299.2307194564578,479
28355000,56710.00001063584,298.06475233683267,479
28360000,56720.00001063788,300.1316327440916,479
28365000,56730.00001063992,298.5855738305254,479
28370000,56740.000010641954,298.97515078411976,479
28375000,56750.00001064399,300.9009035129001,479
28380000,56760.00001064603,299.3112217089003,479
28385000,56770.000010648066,298.17099054693597,479
28390000,56780.0000106501,300.0127697643797,479
28395000,56790.00001065214,299.6138182007784,479
28400000,56800.00001065418,302.78676992929195,479
28405000,56810.000010656215,299.14871372882544,479
28410000,56820.00001065825,300.39228670015984,479
28415000,56830.00001066029,300.19528723043646,479
28420000,56840.00001066233,300.15232763788066,479
28425000,56850.000010664364,300.4890839704683,479
28430000,56860.0000106664,298.7376680339179,479
28435000,56870.00001066844,300.4098862038523,479
28440000,56880.000010670476,301.4523693685498,479
28445000,56890.00001067251,300.15995556347605,479
28450000,56900.00001067455,299.99758024297677,479
28455000,56910.00001067659,298.5191113831642,479
28460000,56920.000010678625,302.2802314499024,479
28465000,56930.00001068066,298.89582035792813,479
28470000,56940.0000106827,299.71371086118353,479
28475000,56950.00001068474,300.802536437614,479
28480000,56960.000010686774,301.2505057143889,479
28485000,56970.00001068881,299.80896043644367,479
28490000,56980.00001069085,301.099561227318,479
28495000,56990.000010692886,300.8345737251144,479
28500000,57000.00001069492,297.4736654879456,479
28505000,57010.00001069696,300.1963042871825,479
28510000,57020.000010699,297.7876707033228,479
28515000,57030.000010701035,300.8812698957155,479
28520000,57040.00001070307,302.0660746750718,479
28525000,57050.00001070511,299.18833472206273,479
28530000,57060.00001070715,302.11641898400103,479
28535000,57070.000010709184,300.6337492376288,479
28540000,57080.00001071122,301.6408122956488,479
28545000,57090.00001071326,300.7161750539171,479
28550000,57100.000010715296,300.25898593664,479
28555000,57110.00001071733,299.9176970685536,479
28560000,57120.00001071937,302.27169701720726,479
28565000,57130.00001072141,301.82812761635546,479
28570000,57140.000010723445,300.8259729626315,479
28575000,57150.00001072548,299.6948289815939,479
28580000,57160.00001072752,299.6076716404435,479
28585000,57170.00001072956,302.24839315176524,479
28590000,57180.000010731594,302.17012400217817,479
28595000,57190.00001073363,299.9346332743682,479
28600000,57200.00001073567,300.2532815748904,479
28605000,57210.000010737705,299.78353401779253,479
28610000,57220.00001073974,300.8962825376843,479
28615000,57230.00001074178,299.7554101877714,479
28620000,57240.00001074382,301.1891948805457,479
28625000,57250.000010745855,300.26725505018385,479
28630000,57260.00001074789,303.1528661380101,479
28635000,57270.00001074993,303.49278419048227,479
28640000,57280.000010751966,301.55785584105826,479
28645000,57290.000010754,300.74487374209895,479
28650000,57300.00001075604,302.40362696511284,479
28655000,57310.00001075808,301.0969080358066,479
28660000,57320.000010760115,298.81100666927955,479
28665000,57330.00001076215,300.8988472894787,479
28670000,57340.00001076419,298.89007177632004,479
28675000,57350.00001076623,301.9050701701868,479
28680000,57360.000010768264,299.7806376170592,479
28685000,57370.0000107703,299.573091711078,479
28690000,57380.00001077234,297.7065272629317,479
28695000,57390.000010774376,299.5966608956711,479
28700000,57400.00001077641,300.5476973929416,479
28705000,57410.00001077845,298.60973998320867,479
28710000,57420.00001078049,301.8025022083409,479
28715000,57430.000010782525,300.13421960581513,479
28720000,57440.00001078456,300.10673696374266,479
28725000,57450.0000107866,301.66473523911014,479
28730000,57460.00001078864,299.2450688005487,479
28735000,57470.000010790674,299.15344525368755,479
28740000,57480.00001079271,300.3627699445952,479
28745000,57490.00001079475,301.60419825279115,479
28750000,57500.000010796786,296.87417686593903,479
28755000,57510.00001079882,297.77893728126435,479
28760000,57520.00001080086,302.3074045529652,479
28765000,57530.0000108029,299.55213149813767,479
28770000,57540.000010804935,298.5766193091744,479
28775000,57550.00001080697,300.7601738131482,479
28780000,57560.00001080901,302.2202693217441,479
28785000,57570.00001081105,299.0715500757015,479
28790000,57580.000010813084,300.5516550702794,479
28795000,57590.00001081512,300.6134965424249,479
28800000,57600.00001081716,297.54393084313983,479
28805000,57610.000010819196,298.83683106665745,479
28810000,57620.00001082123,300.6288850531912,479
28815000,57630.00001082327,302.31167176931274,479
28820000,57640.00001082531,302.11692751237405,479
28825000,57650.000010827345,298.8680502867752,479
28830000,57660.00001082938,301.31482349861164,479
28835000,57670.00001083142,301.14247660001536,479
28840000,57680.00001083346,301.65230945886503,479
28845000,57690.000010835494,299.56986366140575,479
28850000,57700.00001083753,302.1135225832678,479
28855000,57710.00001083957,302.5624646969302,479
28860000,57720.000010841606,300.20561256740183,479
28865000,57730.00001084364,298.67239952273684,479
28870000,57740.00001084568,299.12536564352496,479
28875000,57750.00001084772,295.96262870233033,479
28880000,57760.000010849755,299.6922642297995,479
28885000,57770.00001085179,300.0427508284588,479
28890000,57780.00001085383,303.04183007325696,479
28895000,57790.00001085587,299.2597719035079,479
28900000,57800.000010857904,300.60562540760765,479
28905000,57810.00001085994,300.33040100815583,479
28910000,57820.00001086198,300.6328648404583,479
28915000,57830.000010864016,301.3701204316956,479
28920000,57840.00001086605,300.311253809415,479
28925000,57850.00001086809,301.49050899652656,479
28930000,57860.00001087013,301.04897370916683,479
28935000,57870.000010872165,299.2960542974266,479
28940000,57880.0000108742,300.363344802756,479
28945000,57890.00001087624,298.18180230234503,479
28950000,57900.00001087828,301.2923598104816,479
28955000,57910.000010880314,301.9843563765199,479
28960000,57920.00001088235,300.647280514337,479
28965000,57930.00001088439,300.75402725281344,479
28970000,57940.000010886426,301.65065121417035,479
28975000,57950.00001088846,301.1472081248774,479
28980000,57960.0000108905,301.986899018385,479
28985000,57970.00001089254,300.73370822782175,479
28990000,57980.000010894575,299.64278220811144,479
28995000,57990.00001089661,300.3735374801457,479
29000000,58000.00001089865,301.1941253947711,479
29005000,58010.00001090069,303.4983558926562,479
29010000,58020.000010902724,299.5741972075411,479
29015000,58030.00001090476,300.7731965614834,479
29020000,58040.0000109068,301.45935610619654,479
29025000,58050.000010908836,301.5101868335696,479
29030000,58060.00001091087,299.92707167856065,479
29035000,58070.00001091291,300.3997819661796,479
29040000,58080.00001091495,299.8348290536801,479
29045000,58090.000010916985,298.185008242088,479
29050000,58100.00001091902,299.92278235228383,479
29055000,58110.00001092106,297.95774027920515,479
29060000,58120.0000109231,298.70105399106023,479
29065000,58130.000010925134,300.6182722871455,479
29070000,58140.00001092717,299.386085929381,479
29075000,58150.00001092921,302.3221518757828,479
29080000,58160.000010931246,301.4780389964228,479
29085000,58170.00001093328,298.3257158319106,479
29090000,58180.00001093532,299.8302744082521,479
29095000,58190.00001093736,299.61063437096465,479
29100000,58200.000010939395,302.94569610082635,479
29105000,58210.00001094143,299.204143321485,479
29110000,58220.00001094347,299.6667051515727,479
29115000,58230.00001094551,298.4535996627613,479
29120000,58240.000010947544,299.8825643909565,479
29125000,58250.00001094958,301.3421292612501,479
29130000,58260.00001095162,298.6227185116854,479
29135000,58270.000010953656,302.0324233627352,479
29140000,58280.00001095569,300.8448548422212,479
29145000,58290.00001095773,302.1852471937933,479
29150000,58300.00001095977,299.91318664298416,479
29155000,58310.000010961805,300.4038501931638,479
29160000,58320.00001096384,298.5141145391511,479
29165000,58330.00001096588,300.922593353506,479
29170000,58340.00001096792,299.4437265149667,479
29175000,58350.000010969954,302.94874727106446,479
29180000,58360.00001097199,300.6122583863862,479
29185000,58370.00001097403,300.9659509247885,479
29190000,58380.000010976066,298.7967236549764,479
29195000,58390.0000109781,300.8515541507876,479
29200000,58400.00001098014,299.7796426702424,479
29205000,58410.00001098218,301.50554374842466,479
29210000,58420.000010984215,299.80752329104166,479
29215000,58430.00001098625,302.74692783676204,479
29220000,58440.00001098829,301.27537938480845,479
29225000,58450.00001099033,301.26392644145085,479
29230000,58460.000010992364,299.16717551975916,479
29235000,58470.0000109944,300.7255275539948,479
29240000,58480.00001099644,302.77500744692463,479
29245000,58490.000010998476,301.6794604519986,479
29250000,58500.00001100051,301.9280866065484,479
29255000,58510.00001100255,300.5818130137926,479
29260000,58520.00001100459,300.3167591818012,479
29265000,58530.000011006625,301.2860142607834,479
29270000,58540.00001100866,301.0352655530245,479
29275000,58550.0000110107,301.24343053702506,479
29280000,58560.00001101274,297.8549954379252,479
29285000,58570.000011014774,301.2885347927193,479
29290000,58580.00001101681,302.6234659917637,479
29295000,58590.00001101885,302.58718359784496,479
29300000,58600.000011020886,300.16077363085867,479
29305000,58610.00001102292,300.21914384411,479
29310000,58620.00001102496,298.5469698940342,479
29315000,58630.000011027,300.18507244311746,479
29320000,58640.000011029035,300.44937453751396,479
29325000,58650.00001103107,300.969621173046,479
29330000,58660.00001103311,299.97162318602335,479
29335000,58670.00001103515,300.2548955997265,479
29340000,58680.000011037184,299.7707765886084,479
29345000,58690.00001103922,304.07849832655864,479
29350000,58700.00001104126,298.99880840842997,479
29355000,58710.000011043296,303.35247457938635,479
29360000,58720.00001104533,298.7051443279737,479
29365000,58730.00001104737,300.248771149321,479
29370000,58740.00001104941,301.05797245037644,479
29375000,58750.000011051445,298.1222160429843,479
29380000,58760.00001105348,301.53494995434295,479
29385000,58770.00001105552,298.5241082271774,479
29390000,58780.00001105756,297.17723766633156,479
29395000,58790.000011059594,299.6904291056707,479
29400000,58800.00001106163,299.28031202779215,479
29405000,58810.00001106367,300.27910597226827,479
29410000,58820.000011065706,300.3890807604168,479
29415000,58830.00001106774,299.72525224425823,479
29420000,58840.00001106978,301.22373059005275,479
29425000,58850.00001107182,297.0859899882678,479
29430000,58860.000011073855,302.6589082083705,479
29435000,58870.00001107589,301.0395106594428,479
29440000,58880.00001107793,299.4920367104039,479
29445000,58890.00001107997,301.35201239963015,479
29450000,58900.000011082004,300.2267275498469,479
29455000,58910.00001108404,298.58625923833256,479
29460000,58920.00001108608,297.60046593226247,479
29465000,58930.000011088116,298.76966110155985,479
29470000,58940.00001109015,302.737553226755,479
29475000,58950.00001109219,299.5515566399769,479
29480000,58960.00001109423,300.8571479628908,479
29485000,58970.000011096265,299.03971177756443,479
29490000,58980.0000110983,299.1840232858567,479
29495000,58990.00001110034,301.82313077234227,479
29500000,59000.00001110238,299.4582969583503,479
29505000,59010.000011104414,300.94125413380294,479
29510000,59020.00001110645,300.0313642148889,479
29515000,59030.00001110849,301.63515215375776,479
29520000,59040.000011110526,300.24202762089607,479
29525000,59050.00001111256,302.36716769176,479
29530000,59060.0000111146,299.0313542243034,479
29535000,59070.00001111664,303.11388633272145,479
29540000,59080.000011118675,298.63695730613006,479
29545000,59090.00001112071,300.4730542717535,479
29550000,59100.00001112275,300.1533446946267,479
29555000,59110.00001112479,302.562619466435,479
29560000,59120.000011126824,301.5783296355548,479
29565000,59130.00001112886,301.1804835684165,479
29570000,59140.0000111309,300.77441260759286,479
29575000,59150.000011132935,300.14936490735954,479
29580000,59160.00001113497,302.01157369944127,479
29585000,59170.00001113701,300.22159804625807,479
29590000,59180.00001113905,300.457312002119,479
29595000,59190.000011141085,299.8010229718387,479
29600000,59200.00001114312,301.27661754084716,479
29605000,59210.00001114516,302.1927866796716,479
29610000,59220.000011147196,299.11143638808994,479
29615000,59230.00001114923,301.5186770464062,479
29620000,59240.00001115127,299.0133567418843,479
29625000,59250.00001115331,299.6218219951711,479
29630000,59260.000011155345,301.73351922904385,479
29635000,59270.00001115738,301.9635288231552,479
29640000,59280.00001115942,302.15113157294223,479
29645000,59290.00001116146,299.8372611458989,479
29650000,59300.000011163494,299.93454483465115,479
29655000,59310.00001116553,301.80022488562696,479
29660000,59320.00001116757,303.23655222026633,479
29665000,59330.000011169606,301.65633346599066,479
29670000,59340.00001117164,297.0591043142854,479
29675000,59350.00001117368,299.14648062597007,479
29680000,59360.00001117572,302.44225301153335,479
29685000,59370.000011177755,299.7296742301106,479
29690000,59380.00001117979,302.42995989086376,479
29695000,59390.00001118183,302.6205253711719,479
29700000,59400.00001118387,299.70601660580036,479
29705000,59410.000011185904,298.7096768634724,479
29710000,59420.00001118794,300.32549260385963,479
29715000,59430.00001118998,298.6288650720202,479
29720000,59440.000011192016,299.6967967652982,479
29725000,59450.00001119405,301.93379096829796,479
29730000,59460.00001119609,303.8365935905045,479
29735000,59470.00001119813,299.0794212105187,479
29740000,59480.000011200165,298.1563316638353,479
29745000,59490.0000112022,299.21415911944064,479
29750000,59500.00001120424,301.44589115927613,479
29755000,59510.00001120628,301.200028745884,479
29760000,59520.000011208314,301.2282631255514,479
29765000,59530.00001121035,299.36545736537965,479
29770000,59540.00001121239,303.5075094033707,479
29775000,59550.000011214426,299.70108609157495,479
29780000,59560.00001121646,302.7513056027559,479
29785000,59570.0000112185,298.63868188061247,479
29790000,59580.00001122054,298.700103264102,479
29795000,59590.000011222575,300.04288348803436,479
29800000,59600.00001122461,298.77456950585594,479
29805000,59610.00001122665,299.4087264969452,479
29810000,59620.00001122869,298.9550307484914,479
29815000,59630.000011230724,297.40614176397986,479
29820000,59640.00001123276,300.864510569335,479
29825000,59650.0000112348,298.8460730170889,479
29830000,59660.000011236836,299.5095477743793,479
29835000,59670.00001123887,299.525732242599,479
29840000,59680.00001124091,301.45283367706435,479
29845000,59690.00001124295,300.8992231582762,479
29850000,59700.000011244985,300.68774168488625,479
29855000,59710.00001124702,302.39476088347885,479
29860000,59720.00001124906,300.49173716197976,479
29865000,59730.0000112511,300.0255935233516,479
29870000,59740.000011253134,300.1156914850937,479
29875000,59750.00001125517,302.7183175882972,479
29880000,59760.00001125721,299.5947594417546,479
29885000,59770.000011259246,301.18481711455183,479
29890000,59780.00001126128,301.1122523267143,479
29895000,59790.00001126332,300.29318999720806,479
29900000,59800.00001126536,299.865893504293,479
29905000,59810.000011267395,300.29343320643,479
29910000,59820.00001126943,300.2726498729238,479
29915000,59830.00001127147,301.99580931987754,479
29920000,59840.00001127351,298.29166654084725,479
29925000,59850.000011275544,297.6808797449879,479
29930000,59860.00001127758,298.61002741228907,479
29935000,59870.00001127962,300.8309255867862,479
29940000,59880.000011281656,303.2248118478283,479
29945000,59890.00001128369,299.1513669203369,479
29950000,59900.00001128573,302.9862014912341,479
29955000,59910.00001128777,300.7030417559355,479
29960000,59920.000011289805,303.4901973287586,479
29965000,59930.00001129184,298.9897212275033,479
29970000,59940.00001129388,299.9879624237479,479
29975000,59950.00001129592,299.61227050573,479
29980000,59960.000011297954,302.26831419803017,479
29985000,59970.00001129999,301.44527208125675,479
29990000,59980.00001130203,302.3873319472469,479
29995000,59990.000011304066,302.06344359348964,479
30000000,60000.0000113061,300.97074877943834,479
30005000,60010.00001130814,300.16364792166274,479
30010000,60020.00001131018,300.57431774777285,479
30015000,60030.000011312215,300.7778396466285,479
30020000,60040.00001131425,297.84157471086326,479
30025000,60050.00001131629,300.1128171942897,479
30030000,60060.00001131833,299.95499651921835,479
30035000,60070.000011320364,300.78734691621105,479
30040000,60080.0000113224,299.85260543680664,479
30045000,60090.00001132444,298.6098947527135,479
30050000,60100.000011326476,300.23623481942946,479
30055000,60110.00001132851,299.55566908681965,479
30060000,60120.00001133055,300.3648482779458,479
30065000,60130.00001133259,298.27758251590745,479
30070000,60140.000011334625,300.65837969882654,479
30075000,60150.00001133666,301.01496863796206,479
30080000,60160.0000113387,298.55709624163615,479
30085000,60170.00001134074,302.01106517106825,479
30090000,60180.000011342774,301.25481715059493,479
30095000,60190.00001134481,300.82006961151865,479
30100000,60200.00001134685,301.27341160110416,479
30105000,60210.000011348886,302.56151396997194,479
30110000,60220.00001135092,297.4161796718647,479
30115000,60230.00001135296,300.5147535983414,479
30120000,60240.000011355,301.04304824812465,479
30125000,60250.000011357035,297.47468254469163,479
30130000,60260.00001135907,302.05269816786836,479
30135000,60270.00001136111,299.141837540825,479
30140000,60280.00001136315,300.84162679254894,479
30145000,60290.000011365184,300.6077037409583,479
30150000,60300.00001136722,298.4751347338623,479
30155000,60310.00001136926,300.51592542459224,479
30160000,60320.000011371296,302.529609342047,479
30165000,60330.00001137333,301.24141853346225,479
30170000,60340.00001137537,299.9854861116705,479
30175000,60350.00001137741,299.1673745091225,479
30180000,60360.000011379445,298.7831481584096,479
30185000,60370.00001138148,300.83083714706913,479
30190000,60380.00001138352,300.8106950015116,479
30195000,60390.00001138556,300.68296594016573,479
30200000,60400.000011387594,299.322254563602,479
30205000,60410.00001138963,300.5853727124038,479
30210000,60420.00001139167,303.1790885141147,479
30215000,60430.000011393706,302.4712170188664,479
30220000,60440.00001139574,299.4157353445212,479
30225000,60450.00001139778,300.12258978302344,479
30230000,60460.00001139982,303.04877259104524,479
30235000,60470.000011401855,301.3895108396583,479
30240000,60480.00001140389,299.92010705084317,479
30245000,60490.00001140593,302.7133870740718,479
30250000,60500.00001140797,298.54915877703115,479
30255000,60510.000011410004,300.60381239340825,479
30260000,60520.00001141204,302.0800039305068,479
30265000,60530.00001141408,300.46297214401,479
30270000,60540.000011416116,300.5998768259996,479
30275000,60550.00001141815,298.1722287029746,479
30280000,60560.00001142019,300.82347454062494,479
30285000,60570.00001142223,300.72168042630324,479
30290000,60580.000011424265,301.3835190488283,479
30295000,60590.0000114263,298.84633833624,479
30300000,60600.00001142834,299.6388245307735,479
30305000,60610.00001143038,301.6049721003153,479
30310000,60620.000011432414,299.80438368108645,479
30315000,60630.00001143445,302.65824491049267,479
30320000,60640.00001143649,300.66642771307784,479
30325000,60650.000011438526,300.0550439491284,479
30330000,60660.00001144056,298.5798694687758,479
30335000,60670.0000114426,300.67107079822284,479
30340000,60680.00001144464,299.2205046691388,479
30345000,60690.000011446675,299.318628535203,479
30350000,60700.00001144871,301.34128908393814,479
30355000,60710.00001145075,298.9978355715424,479
30360000,60720.00001145279,300.5418161517579,479
30365000,60730.000011454824,299.8675296390584,479
30370000,60740.00001145686,300.83357877829764,479
30375000,60750.0000114589,297.85311609393796,479
30380000,60760.000011460936,302.4429163094112,479
30385000,60770.00001146297,299.0508109620539,479
30390000,60780.00001146501,300.87775441696283,479
30395000,60790.00001146705,300.40230249811543,479
30400000,60800.000011469085,299.98124100525223,479
30405000,60810.00001147112,300.55410927242747,479
30410000,60820.00001147316,301.4981148121926,479
30415000,60830.0000114752,297.12366530773005,479
30420000,60840.000011477234,301.5224136244515,479
30425000,60850.00001147927,299.5774252572133,479
30430000,60860.00001148131,299.03999920664484,479
30435000,60870.000011483346,301.734801604941,479
30440000,60880.00001148538,298.9742884968785,479
30445000,60890.00001148742,302.09433116466846,479
30450000,60900.00001148946,300.7023342381991,479
30455000,60910.000011491495,301.195805749395,479
30460000,60920.00001149353,299.59823070064874,479
30465000,60930.00001149557,298.7905107648538,479
30470000,60940.00001149761,299.66316756289086,479
30475000,60950.000011499644,301.0914689932082,479
30480000,60960.00001150168,301.199188568572,479
30485000,60970.00001150372,301.2566743846529,479
30490000,60980.000011505756,299.66926990336714,479
30495000,60990.00001150779,301.3765765310401,479
30500000,61000.00001150983,300.73118769588586,479
30505000,61010.00001151187,301.3159289950747,479
30510000,61020.000011513905,300.2804767878825,479
30515000,61030.00001151594,303.37239562565134,479
30520000,61040.00001151798,301.02191115575033,479
30525000,61050.00001152002,302.84472005388733,479
30530000,61060.000011522054,300.2992702277551,479
30535000,61070.00001152409,300.5991693082632,479
30540000,61080.00001152613,298.0016727086485,479
30545000,61090.000011528165,297.2803362664797,479
30550000,61100.0000115302,301.5657490858047,479
30555000,61110.00001153224,300.4459474984784,479
30560000,61120.00001153428,299.23516355223944,479
30565000,61130.000011536315,299.13102578541594,479
30570000,61140.00001153835,301.7636992824863,479
30575000,61150.00001154039,302.68738579725976,479
30580000,61160.00001154243,301.53764736571287,479
30585000,61170.00001154446,297.9999260242368,479
30590000,61180.0000115465,300.21056519155644,479
30595000,61190.00001154854,302.2791480633685,479
30600000,61200.000011550575,298.74766172194427,479
30605000,61210.00001155261,299.40266837632737,479
30610000,61220.00001155465,302.5558538280809,479
30615000,61230.00001155669,298.9674565287366,479
30620000,61240.000011558725,298.2545660795459,479
30625000,61250.00001156076,300.57807643574733,479
30630000,61260.0000115628,298.89042553518823,479
30635000,61270.000011564836,301.0916900925008,479
30640000,61280.00001156687,299.2218312648945,479
30645000,61290.00001156891,300.26177178772696,479
30650000,61300.00001157095,302.5134248738274,479
30655000,61310.000011572985,299.50065958281607,479
30660000,61320.00001157502,299.78673995753553,479
30665000,61330.00001157706,298.47383024803594,479
30670000,61340.0000115791,301.63249896224636,479
30675000,61350.000011581134,299.9719106151037,479
30680000,61360.00001158317,298.820668708367,479
30685000,61370.00001158521,301.3087432680647,479
30690000,61380.000011587246,299.9175201891195,479
30695000,61390.00001158928,300.14264348886394,479
30700000,61400.00001159132,297.3005668517543,479
30705000,61410.00001159336,301.57943513201786,479
30710000,61420.000011595395,300.60560329767844,479
30715000,61430.00001159743,298.44024526548714,479
30720000,61440.00001159947,299.8234866599687,479
30725000,61450.00001160151,298.0785931525506,479
30730000,61460.000011603544,300.2356820711979,479
30735000,61470.00001160558,302.1208630797827,479
30740000,61480.00001160762,300.04376788520483,479
30745000,61490.000011609656,300.95036342465886,479
30750000,61500.00001161169,303.5558417087371,479
30755000,61510.00001161373,302.4099504048818,479
30760000,61520.00001161577,301.94117568467146,479
30765000,61530.000011617805,300.9856508717608,479
30770000,61540.00001161984,298.9814078941008,479
30775000,61550.00001162188,302.18723708742687,479
30780000,61560.00001162392,299.39924133729187,479
30785000,61570.000011625954,300.02378050915206,479
30790000,61580.00001162799,300.6062002657685,479
30795000,61590.00001163003,303.76721263248066,479
30800000,61600.000011632066,302.19716444566546,479
30805000,61610.0000116341,301.32468452706246,479
30810000,61620.00001163614,300.93249860181527,479
30815000,61630.00001163818,300.63080861703696,479
30820000,61640.000011640215,302.8731313129889,479
30825000,61650.00001164225,301.47432452830685,479
30830000,61660.00001164429,301.28431179623027,479
30835000,61670.00001164633,299.77893515250605,479
30840000,61680.000011648364,301.4116207689202,479
30845000,61690.0000116504,302.2329825310697,479
30850000,61700.00001165244,300.88759333548444,479
30855000,61710.000011654476,300.5427447687869,479
30860000,61720.00001165651,300.17846157426817,479
30865000,61730.00001165855,301.91754017029047,479
30870000,61740.00001166059,299.11961706191687,479
30875000,61750.000011662625,299.63774114423967,479
30880000,61760.00001166466,301.14524034117306,479
30885000,61770.0000116667,299.89556502936244,479
30890000,61780.00001166874,300.1162442333253,479
30895000,61790.000011670774,299.3243771168111,479
30900000,61800.00001167281,299.03683748676036,479
30905000,61810.00001167485,301.8277738574873,479
30910000,61820.000011676886,300.6988408693758,479
30915000,61830.00001167892,300.5343429956674,479
30920000,61840.00001168096,301.42776101728134,479
30925000,61850.000011683,301.40357275466886,479
30930000,61860.000011685035,298.36703928970104,479
30935000,61870.00001168707,300.5642356200294,479
30940000,61880.00001168911,301.35948555572065,479
30945000,61890.00001169115,299.65038802377745,479
30950000,61900.000011693184,298.6025984760571,479
30955000,61910.00001169522,298.20952815363944,479
30960000,61920.00001169726,300.33000302942907,479
30965000,61930.000011699296,300.3197882421101,479
30970000,61940.00001170133,298.38397549551564,479
30975000,61950.00001170337,298.3873362047634,479
30980000,61960.00001170541,298.3284795730683,479
30985000,61970.000011707445,299.52907084191753,479
30990000,61980.00001170948,299.87252648307157,479
30995000,61990.00001171152,297.9408482932491,479
31000000,62000.00001171356,299.1124976646945,479
31005000,62010.000011715594,300.55360074405445,479
31010000,62020.00001171763,296.7154275738387,479
31015000,62030.00001171967,297.3138549192407,479
31020000,62040.000011721706,300.20158856027615,479
31025000,62050.00001172374,300.25993666359824,479
31030000,62060.00001172578,299.64634190672257,479
31035000,62070.00001172782,304.3072255447728,479
31040000,62080.000011729855,300.08969020828175,479
31045000,62090.00001173189,299.5926368885455,479
31050000,62100.00001173393,299.8433634863752,479
31055000,62110.00001173597,300.71464946879803,479
31060000,62120.000011738004,299.43769050427824,479
31065000,62130.00001174004,296.7199601093374,479
31070000,62140.00001174208,297.27863380192656,479
31075000,62150.000011744116,301.32939394199525,479
31080000,62160.00001174615,300.40955455491337,479
31085000,62170.00001174819,302.16817832840314,479
31090000,62180.00001175023,302.46394285213927,479
31095000,62190.000011752265,299.976995898834,479
31100000,62200.0000117543,299.6521125982599,479
31105000,62210.00001175634,298.09877951796665,479
31110000,62220.00001175838,302.1235383812234,479
31115000,62230.000011760414,296.37595171995184,479
31120000,62240.00001176245,299.1960289774459,479
31125000,62250.00001176449,300.58039797831987,479
31130000,62260.000011766526,299.96981017182384,479
31135000,62270.00001176856,298.55760477000916,479
31140000,62280.0000117706,297.7064609331439,479
31145000,62290.00001177264,302.1057841080261,479
31150000,62300.000011774675,302.55766684228036,479
31155000,62310.00001177671,301.2728588528726,479
31160000,62320.00001177875,298.9827565997858,479
31165000,62330.00001178079,297.51991945996144,479
31170000,62340.000011782824,299.4849615330401,479
31175000,62350.00001178486,302.4563370364732,479
31180000,62360.0000117869,296.8034029823717,479
31185000,62370.000011788936,299.3585811773792,479
31190000,62380.00001179097,298.24817630998916,479
31195000,62390.00001179301,297.6832676173482,479
31200000,62400.00001179505,299.31279151387787,479
31205000,62410.000011797085,301.08611839032676,479
31210000,62420.00001179912,301.8686330067632,479
31215000,62430.00001180116,300.4026562569836,479
31220000,62440.0000118032,302.4918234729385,479
31225000,62450.000011805234,302.7980459932155,479
31230000,62460.00001180727,299.5719198848271,479
31235000,62470.00001180931,297.200740521137,479
31240000,62480.000011811346,299.78008486882766,479
31245000,62490.00001181338,300.97884101354816,479
31250000,62500.00001181542,300.2457199790828,479
31255000,62510.00001181746,301.1117659082706,479
31260000,62520.000011819495,302.31282148563434,479
31265000,62530.00001182153,298.80322397417933,479
31270000,62540.00001182357,298.9713920961452,479
31275000,62550.00001182561,298.424701985216,479
31280000,62560.000011827644,298.2342470545542,479
31285000,62570.00001182968,299.10831888806405,479
31290000,62580.00001183172,300.72692047953836,479
31295000,62590.000011833756,299.2898635172333,479
31300000,62600.00001183579,300.02055245947986,479
31305000,62610.00001183783,300.3896998384362,479
31310000,62620.00001183987,298.6637103205369,479
31315000,62630.000011841905,300.11812357731253,479
31320000,62640.00001184394,298.6021783874011,479
31325000,62650.00001184598,302.25840894972083,479
31330000,62660.00001184802,301.17113106833875,479
31335000,62670.000011850054,299.3985117096262,479
31340000,62680.00001185209,301.4410048649092,479
31345000,62690.00001185413,299.66809807711627,479
31350000,62700.000011856166,300.1721160245701,479
31355000,62710.0000118582,303.06283450605576,479
31360000,62720.00001186024,299.82576398268276,479
31365000,62730.00001186228,300.72550544406556,479
31370000,62740.000011864315,300.5045830308809,479
31375000,62750.00001186635,300.7196242028819,479
31380000,62760.00001186839,298.49664769503414,479
31385000,62770.00001187043,302.3231910424581,479
31390000,62780.000011872464,298.63695730613006,479
31395000,62790.0000118745,298.67744058660855,479
31400000,62800.00001187654,299.1315564237182,479
31405000,62810.000011878576,302.22170646714613,479
31410000,62820.00001188061,297.43722832452204,479
31415000,62830.00001188265,299.68421621554813,479
31420000,62840.00001188469,299.17493610493005,479
31425000,62850.000011886725,303.54713039660794,479
31430000,62860.00001188876,298.550750691938,479
31435000,62870.0000118908,299.80464900023765,479
31440000,62880.00001189284,299.8044721208035,479
31445000,62890.000011894874,300.8887651617353,479
31450000,62900.00001189691,302.1269875301882,479
31455000,62910.00001189895,299.8753344440878,479
31460000,62920.000011900986,299.74714107422744,479
31465000,62930.00001190302,298.2288080119558,479
31470000,62940.00001190506,302.1128150655314,479
31475000,62950.0000119071,301.47264417368297,479
31480000,62960.000011909135,299.7284360740719,479
31485000,62970.00001191117,299.4745919762163,479
31490000,62980.00001191321,301.87822871606284,479
31495000,62990.00001191525,300.574583066924,479
31500000,63000.000011917284,300.9368984777384,479
31505000,63010.00001191932,302.48748992680316,479
31510000,63020.00001192136,299.8203249400843,479
31515000,63030.000011923396,303.20953388670836,479
31520000,63040.00001192543,302.13841836361667,479
31525000,63050.00001192747,300.56560643564364,479
31530000,63060.00001192951,298.86367252078134,479
31535000,63070.000011931545,299.4970777742756,479
31540000,63080.00001193358,298.4732996097336,479
31545000,63090.00001193562,300.023183541062,479
31550000,63100.00001193766,302.64730049550803,479
31555000,63110.000011939694,299.0996296858641,479
31560000,63120.00001194173,300.23289622011094,479
31565000,63130.00001194377,299.7736287694832,479
31570000,63140.000011945805,299.10228287737556,479
31575000,63150.00001194784,299.6426053286773,479
31580000,63160.00001194988,302.6995683682831,479
31585000,63170.00001195192,302.54961882802905,479
31590000,63180.000011953955,301.0769648796124,479
31595000,63190.00001195599,298.747639612015,479
31600000,63200.00001195803,298.93285448944175,479
31605000,63210.000011960066,300.443294306967,479
31610000,63220.0000119621,299.29609851728515,479
31615000,63230.00001196414,301.0291632125482,479
31620000,63240.00001196618,298.5505074827161,479
31625000,63250.000011968215,301.2697634627759,479
31630000,63260.00001197025,300.7404075363881,479
31635000,63270.00001197229,301.4248867264773,479
31640000,63280.00001197433,301.1293654119631,479
31645000,63290.000011976364,301.1126724153703,479
31650000,63300.0000119784,301.56813695816504,479
31655000,63310.00001198044,303.11543402776977,479
31660000,63320.000011982476,300.7606160117334,479
31665000,63330.00001198451,298.1112052982118,479
31670000,63340.00001198655,299.4130600430805,479
31675000,63350.00001198859,300.385720051169,479
31680000,63360.000011990625,302.30318155647615,479
31685000,63370.00001199266,301.05160479074897,479
31690000,63380.0000119947,300.7039482630353,479
31695000,63390.00001199674,302.21182332876606,479
31700000,63400.000011998774,300.2402367166259,479
31705000,63410.00001200081,299.33850536160946,479
31710000,63420.00001200285,300.6570531030708,479
31715000,63430.000012004886,299.73891618054205,479
31720000,63440.00001200692,301.2202814410879,479
31725000,63450.00001200896,300.2425361492691,479
31730000,63460.000012011,299.8045605605206,479
31735000,63470.000012013035,298.41245308440494,479
31740000,63480.00001201507,298.849124187327,479
31745000,63490.00001201711,300.6106443615501,479
31750000,63500.00001201915,299.7138435207591,479
31755000,63510.000012021184,299.36565635474307,479
31760000,63520.00001202322,294.70439684789534,479
31765000,63530.00001202526,301.9808630076965,479
31770000,63540.000012027296,300.5539987227812,479
31775000,63550.00001202933,301.8190404354288,479
31780000,63560.00001203137,301.26072050170785,479
31785000,63570.00001203341,302.8115772699238,479
31790000,63580.000012035445,299.64382137478674,479
31795000,63590.00001203748,300.31518937682364,479
31800000,63600.00001203952,299.84371724524334,479
31805000,63610.00001204156,297.9968748539987,479
31810000,63620.000012043594,300.636888847584,479
31815000,63630.00001204563,298.9797275394769,479
31820000,63640.00001204767,300.6661181740682,479
31825000,63650.000012049706,299.7316641237441,479
31830000,63660.00001205174,299.57658507990135,479
31835000,63670.00001205378,298.70914622517006,479
31840000,63680.00001205582,300.497330974083,479
31845000,63690.000012057855,300.89557501994796,479
31850000,63700.00001205989,301.0393779998672,479
31855000,63710.00001206193,302.2254430451914,479
31860000,63720.00001206397,302.04445116425364,479
31865000,63730.000012066004,297.0288800409844,479
31870000,63740.00001206804,302.2059863074409,479
31875000,63750.00001207008,302.5603421437211,479
31880000,63760.000012072116,301.74713894546915,479
31885000,63770.00001207415,299.84911206798324,479
31890000,63780.00001207619,300.2508494826716,479
31895000,63790.00001207823,300.0034172643019,479
31900000,63800.000012080265,300.5974889536393,479
31905000,63810.0000120823,297.90233279647487,479
31910000,63820.00001208434,298.73331237785334,479
31915000,63830.00001208638,299.1133378420065,479
31920000,63840.000012088414,301.5221261953711,479
31925000,63850.00001209045,302.165038718448,479
31930000,63860.00001209249,301.8120758077113,479
31935000,63870.000012094526,303.8909397966301,479
31940000,63880.00001209656,299.0701792600873,479
31945000,63890.0000120986,299.31475929758216,479
31950000,63900.00001210064,300.5539987227812,479
31955000,63910.000012102675,300.85544549833764,479
31960000,63920.00001210471,301.13279245099864,479
31965000,63930.00001210675,300.1760958118372,479
31970000,63940.00001210879,301.70796015081714,479
31975000,63950.000012110824,298.3385174809532,479
31980000,63960.00001211286,299.1984610696647,479
31985000,63970.0000121149,300.9439515451729,479
31990000,63980.000012116936,296.5020225366031,479
31995000,63990.00001211897,299.75187259908955,479
32000000,64000.00001212101,300.1115348183925,479
32005000,64010.00001212305,300.6475458334882,479
32010000,64020.000012125085,299.7858113405065,479
32015000,64030.00001212712,297.51722204859146,479
32020000,64040.00001212916,301.3803352190146,479
32025000,64050.0000121312,302.91412312184036,479
32030000,64060.000012133234,302.19486501302225,479
32035000,64070.00001213527,301.3811975062559,479
32040000,64080.00001213731,298.7226111720905,479
32045000,64090.000012139346,300.1058525665722,479
32050000,64100.00001214138,299.58657876792773,479
32055000,64110.00001214342,300.61146242893284,479
32060000,64120.00001214546,300.470312640525,479
32065000,64130.000012147495,300.3686069659203,479
32070000,64140.00001214953,298.6109781392474,479
32075000,64150.00001215157,300.37103905813916,479
32080000,64160.00001215361,301.36187342808097,479
32085000,64170.000012155644,302.6094482966117,479
32090000,64180.00001215768,299.50136710055244,479
32095000,64190.00001215972,300.339112320285,479
32100000,64200.000012161756,298.601492979594,479
32105000,64210.00001216379,303.7513155933414,479
32110000,64220.00001216583,298.86946532224795,479
32115000,64230.00001216787,299.17082365808733,479
32120000,64240.000012169905,300.6613424293476,479
32125000,64250.00001217194,299.7032086447841,479
32130000,64260.00001217398,300.2327635605354,479
32135000,64270.00001217602,299.08317989849326,479
32140000,64280.000012178054,300.78648462896984,479
32145000,64290.00001218009,299.9130982032671,479
32150000,64300.00001218213,300.2064527447138,479
32155000,64310.000012184166,299.4720493343512,479
32160000,64320.0000121862,301.45002571604806,479
32165000,64330.00001218824,300.08825306287974,479
32170000,64340.00001219028,299.5802553281588,479
32175000,64350.000012192315,298.48486310273756,479
32180000,64360.00001219435,302.396883436688,479
32185000,64370.00001219639,299.710969229955,479
32190000,64380.00001219843,299.4428863376548,479
32195000,64390.000012200464,297.8386340902714,479
32200000,64400.0000122025,299.7070336625464,479
32205000,64410.00001220454,302.0752281857862,479
32210000,64420.000012206576,302.1509768034374,479
32215000,64430.00001220861,301.8150164283032,479
32220000,64440.00001221065,300.58187934358045,479
32225000,64450.00001221269,303.6427337307363,479
32230000,64460.000012214725,298.38419659480826,479
32235000,64470.00001221676,301.93750543641397,479
32240000,64480.0000122188,302.1793880625389,479
32245000,64490.00001222084,299.0746675757274,479
32250000,64500.000012222874,300.3462317175073,479
32255000,64510.00001222491,299.06544773522523,479
32260000,64520.00001222695,300.61462414881726,479
32265000,64530.000012228986,300.5840461166481,479
32270000,64540.00001223102,300.11330361273343,479
32275000,64550.00001223306,300.2755683835864,479
32280000,64560.0000122351,300.45339854463964,479
32285000,64570.000012237135,299.97600095201716,479
32290000,64580.00001223917,303.40102798404547,479
32295000,64590.00001224121,302.95104670370773,479
32300000,64600.00001224325,299.4827505401139,479
32305000,64610.000012245284,299.0187294546949,479
32310000,64620.00001224732,298.19601898686045,479
32315000,64630.00001224936,298.9582809080929,479
32320000,64640.000012251396,301.4343939960599,479
32325000,64650.00001225343,300.9642042403768,479
32330000,64660.00001225547,298.9893895785644,479
32335000,64670.00001225751,300.1227887723868,479
32340000,64680.000012259545,298.70810705849476,479
32345000,64690.00001226158,301.2040085331512,479
32350000,64700.00001226362,299.06487287706443,479
32355000,64710.00001226566,303.4299035516614,479
32360000,64720.000012267694,298.55950622392567,479
32365000,64730.00001226973,299.81778229821913,479
32370000,64740.00001227177,298.3594113641057,479
32375000,64750.000012273806,299.61740000931877,479
32380000,64760.00001227584,302.15630529638946,479
32385000,64770.00001227788,300.8735093105446,479
32390000,64780.00001227992,303.63733890799637,479
32395000,64790.000012281955,299.54322119664516,479
32400000,64800.00001228399,301.4156226661166,479
32405000,64810.00001228603,301.271709136551,479
32410000,64820.00001228807,300.33734352594405,479
32415000,64830.000012290104,301.8289677936674,479
32420000,64840.00001229214,301.0826250215035,479
32425000,64850.00001229418,298.9088873261219,479
32430000,64860.000012296216,301.5363649898157,479
32435000,64870.00001229825,297.3808037850457,479
32440000,64880.00001230029,301.50693667396814,479
32445000,64890.00001230233,299.54311064699885,479
32450000,64900.000012304365,302.46515889824866,479
32455000,64910.0000123064,298.91781973754365,479
32460000,64920.00001230844,302.9121332282068,479
32465000,64930.00001231048,301.5533675254181,479
32470000,64940.000012312514,298.0884099611428,479
32475000,64950.00001231455,300.20101370211535,479
32480000,64960.00001231659,298.8274122367919,479
32485000,64970.000012318626,299.37275364203606,479
32490000,64980.00001232066,299.6575074209998,479
32495000,64990.0000123227,300.80872721780725,479
32500000,65000.00001232474,300.7587145578169,479
32505000,65010.000012326775,299.60466469006394,479
32510000,65020.00001232881,300.2759884722424,479
32515000,65030.00001233085,304.20715600493355,479
32520000,65040.00001233289,300.5979974820123,479
32525000,65050.000012334924,301.3185158567984,479
32530000,65060.00001233696,303.02891787456804,479
32535000,65070.000012339,300.0647944279329,479
32540000,65080.000012341035,300.0676908286662,479
32545000,65090.00001234307,298.2096165933565,479
32550000,65100.00001234511,303.47562688537505,479
32555000,65110.00001234715,301.16330415338007,479
32560000,65120.000012349185,299.8786067136186,479
32565000,65130.00001235122,298.8866447372844,479
32570000,65140.00001235326,302.08077777803095,479
32575000,65150.000012355296,301.50496889026385,479
32580000,65160.00001235733,300.8169963313512,479
32585000,65170.00001235937,300.10633898501595,479
32590000,65180.00001236141,301.404766690849,479
32595000,65190.000012363445,300.28675600779286,479
32600000,65200.00001236548,299.60983841351117,479
32605000,65210.00001236752,302.2269465203812,479
32610000,65220.00001236956,301.46198718777873,479
32615000,65230.000012371594,303.981015648443,479
32620000,65240.00001237363,301.13754608578995,479
32625000,65250.00001237567,299.09321780637816,479
32630000,65260.000012377706,298.8616826271478,479
32635000,65270.00001237974,298.91724487938285,479
32640000,65280.00001238178,299.9303881679499,479
32645000,65290.00001238382,299.41202087640517,479
32650000,65300.000012385855,299.3379747233071,479
32655000,65310.00001238789,301.4619429679202,479
32660000,65320.00001238993,298.3019918778126,479
32665000,65330.00001239197,301.2319997035967,479
32670000,65340.000012394004,299.383808606667,479
32675000,65350.00001239604,299.1256972924639,479
32680000,65360.00001239808,299.92937111120386,479
32685000,65370.000012400116,302.3599819647499,479
32690000,65380.00001240215,301.9502407556688,479
32695000,65390.00001240419,300.5533133149741,479
32700000,65400.00001240623,302.1290437536096,479
32705000,65410.000012408265,298.27943974996543,479
32710000,65420.0000124103,301.5878811249959,479
32715000,65430.00001241234,301.11912851471476,479
32720000,65440.00001241438,298.77425996684633,479
32725000,65450.000012416414,300.2132626029264,479
32730000,65460.00001241845,303.5336433397582,479
32735000,65470.00001242049,303.0346222363176,479
32740000,65480.000012422526,298.8441715631724,479
32745000,65490.00001242456,301.33461188530106,479
32750000,65500.0000124266,300.6705843797791,479
32755000,65510.00001242864,297.8865905268404,479
32760000,65520.000012430675,301.2876725054781,479
32765000,65530.00001243271,301.08797562438485,479
32770000,65540.00001242019,300.30247616749807,479
32775000,65550.00001238585,298.59715943345867,479
32780000,65560.0000123515,301.7593215164925,479
32785000,65570.00001231716,301.0263331416027,479
32790000,65580.00001228282,302.71447046060564,479
32795000,65590.00001224848,299.76688524105833,479
32800000,65600.00001221414,301.03982019845245,479
32805000,65610.0000121798,297.8294584696277,479
32810000,65620.00001214545,302.07407846946455,479
32815000,65630.00001211111,300.16581469473044,479
32820000,65640.00001207677,299.65244424719884,479
32825000,65650.00001204242,302.5926447503727,479
32830000,65660.00001200808,302.34430602490323,479
32835000,65670.00001197374,300.9035788143408,479
32840000,65680.0000119394,302.26639063418435,479
32845000,65690.00001190505,299.5340676859308,479
32850000,65700.00001187071,300.9542989920675,479
32855000,65710.00001183637,300.68261218129754,479
32860000,65720.00001180203,300.12718864830987,479
32865000,65730.00001176768,298.93307558873437,479
32870000,65740.00001173334,302.6033680660647,479
32875000,65750.000011699,299.80365405342087,479
32880000,65760.00001166466,300.342915228118,479
32885000,65770.00001163031,301.9041857730163,479
32890000,65780.00001159597,301.4521924891157,479
32895000,65790.00001156163,300.8526817571799,479
32900000,65800.00001152729,301.2090274870936,479
32905000,65810.00001149294,300.9460298785235,479
32910000,65820.0000114586,300.5017971797939,479
32915000,65830.00001142426,301.52128601805913,479
32920000,65840.00001138992,301.7083802394731,479
32925000,65850.00001135557,299.8660040539393,479
32930000,65860.00001132123,300.6567877839197,479
32935000,65870.00001128689,299.5231011610169,479
32940000,65880.00001125254,299.2623808751608,479
32945000,65890.0000112182,299.8938183449508,479
32950000,65900.00001118386,298.84211533975105,479
32955000,65910.00001114952,300.8206002498209,479
32960000,65920.00001111517,299.9610546398361,479
32965000,65930.00001108083,301.3278241370176,479
32970000,65940.00001104649,302.28719607761985,479
32975000,65950.00001101215,299.03632895838734,479
32980000,65960.0000109778,300.46451983905837,479
32985000,65970.00001094346,300.08551143165124,479
32990000,65980.00001090912,299.48403291601113,479
32995000,65990.00001087478,298.45788898903805,479
33000000,66000.00001084043,302.36402808180486,479
33005000,66010.00001080609,299.5425578987673,479
33010000,66020.00001077175,299.62500582498484,479
33015000,66030.0000107374,299.01530241565933,479
33020000,66040.00001070306,298.5907033341142,479
33025000,66050.00001066872,302.54008944851716,479
33030000,66060.00001063438,299.21358426127983,479
33035000,66070.00001060004,298.87302502085913,479
33040000,66080.0000105657,298.3481574101114,479
33045000,66090.00001053135,300.09336045653924,479
33050000,66100.00001049701,302.5484248918489,479
33055000,66110.00001046267,299.0362847385288,479
33060000,66120.00001042832,301.17557516412035,479
33065000,66130.00001039398,300.5276657970303,479
33070000,66140.00001035964,300.5407548751533,479
33075000,66150.0000103253,297.9349228322069,479
33080000,66160.00001029095,298.5777911354253,479
33085000,66170.00001025661,300.1049681694017,479
33090000,66180.00001022227,299.23052046709444,479
33095000,66190.00001018793,299.4603974016302,479
33100000,66200.00001015358,301.6266840508505,479
33105000,66210.00001011924,301.37867697431994,479
33110000,66220.0000100849,300.3316391641945,479
33115000,66230.00001005056,297.224641354669,479
33120000,66240.00001001621,299.94241596946836,479
33125000,66250.00000998187,298.84081085392455,479
33130000,66260.00000994753,300.18306043955465,479
33135000,66270.00000991319,301.57925825258377,479
33140000,66280.00000987884,299.2712469567948,479
33145000,66290.0000098445,299.6147689277366,479
33150000,66300.00000981016,298.68318916821664,479
33155000,66310.00000977582,301.6690466753162,479
33160000,66320.00000974147,300.7184302667018,479
33165000,66330.00000970713,301.3788538537541,479
33170000,66340.00000967279,301.01293452447,479
33175000,66350.00000963845,299.6482875804976,479
33180000,66360.0000096041,302.80158358189743,479
33185000,66370.00000956976,301.6394856998931,479
33190000,66380.00000953542,300.4224225337437,479
33195000,66390.00000950108,301.82985219083787,479
33200000,66400.00000946673,302.4071424438655,479
33205000,66410.00000943239,304.10381419556353,479
33210000,66420.00000939805,301.30217661907386,479
33215000,66430.0000093637,301.6275463380917,479
33220000,66440.00000932936,299.4687770648205,479
33225000,66450.00000929502,300.3757484730719,479
33230000,66460.00000926068,300.1798766097409,479
33235000,66470.00000922634,298.8269921481359,479
33240000,66480.000009192,300.53084962684403,479
33245000,66490.00000915765,300.92953587129415,479
33250000,66500.00000912331,302.58108125736874,479
33255000,66510.00000908897,301.0418543119445,479
33260000,66520.00000905462,300.8295768811012,479
33265000,66530.00000902028,299.88528391225566,479
33270000,66540.00000898594,299.8112598690869,479
33275000,66550.0000089516,300.1381109533653,479
33280000,66560.00000891725,300.26144013878803,479
33285000,66570.00000888291,302.87237957539395,479
33290000,66580.00000884857,299.96607359377856,479
33295000,66590.00000881423,301.51956144357666,479
33300000,66600.00000877988,299.1051571681796,479
33305000,66610.00000874554,299.91376150114496,479
33310000,66620.0000087112,300.5216961161296,479
33315000,66630.00000867686,299.6738466587243,479
33320000,66640.00000864251,299.01012869221205,479
33325000,66650.00000860817,297.91148630718925,479
33330000,66660.00000857383,300.7362066498283,479
33335000,66670.00000853949,299.5603785017524,479
33340000,66680.00000850514,300.6421067908898,479
33345000,66690.0000084708,298.5678858871159,479
33350000,66700.00000843646,300.1699492515024,479
33355000,66710.00000840212,300.36100115025425,479
33360000,66720.00000836777,299.22685021883694,479
33365000,66730.00000833343,302.00253073837314,479
33370000,66740.00000829909,299.4245572062967,479
33375000,66750.00000826475,301.76763484989493,479
33380000,66760.0000082304,302.7915677839418,479
33385000,66770.00000819606,300.79899884893206,479
33390000,66780.00000816172,299.16436755874287,479
33395000,66790.00000812738,300.59768794300265,479
33400000,66800.00000809303,301.9704713409434,479
33405000,66810.00000805869,298.8798127691425,479
33410000,66820.00000802435,297.1551277370697,479
33415000,66830.00000799,300.023692069435,479
33420000,66840.00000795566,300.2219075852678,479
33425000,66850.00000792132,300.13804462357746,479
33430000,66860.00000788698,299.62739369734516,479
33435000,66870.00000785264,301.50872757823834,479
33440000,66880.0000078183,300.34463980260045,479
33445000,66890.00000778395,300.304665050495,479
33450000,66900.00000774961,302.1905535768161,479
33455000,66910.00000771527,301.02799138629734,479
33460000,66920.00000768092,303.0990505701867,479
33465000,66930.00000764658,299.6472263038931,479
33470000,66940.00000761224,300.14896692863283,479
33475000,66950.0000075779,298.82467060556337,479
33480000,66960.00000754355,300.7327132810049,479
33485000,66970.00000750921,300.8802307290402,479
33490000,66980.00000747487,301.71196204801356,479
33495000,66990.00000744053,297.6728980605244,479
33500000,67000.00000740618,299.6081580588873,479
33505000,67010.00000737184,300.2218854753385,479
33510000,67020.0000073375,300.2901388269699,479
33515000,67030.00000730316,299.81736220956316,479
33520000,67040.00000726881,298.10950283365867,479
33525000,67050.00000723447,300.71608661420004,479
33530000,67060.00000720013,299.3700783405954,479
33535000,67070.00000716579,300.6566109044856,479
33540000,67080.00000713144,302.31529779771165,479
33545000,67090.0000070971,302.09468492353665,479
33550000,67100.00000706276,299.7274190173259,479
33555000,67110.00000702841,300.1096996942638,479
33560000,67120.00000699407,298.529901028644,479
33565000,67130.00000695973,299.5913545126483,479
33570000,67140.00000692539,299.3522135177518,479
33575000,67150.00000689104,301.73190520420775,479
33580000,67160.0000068567,299.41830009631553,479
33585000,67170.00000682236,300.301879199408,479
33590000,67180.00000678802,296.47451778460135,479
33595000,67190.00000675367,299.98911214006944,479
33600000,67200.00000671933,295.824308984868,479
33605000,67210.00000668499,300.5340997864455,479
33610000,67220.00000665065,298.7781292044671,479
33615000,67230.0000066163,302.2752346058891,479
33620000,67240.00000658196,301.92496910652244,479
33625000,67250.00000654762,299.08499291269277,479
33630000,67260.00000651328,299.89877096910544,479
33635000,67270.00000647893,302.2347734353399,479
33640000,67280.00000644459,299.19019195612077,479
33645000,67290.00000641025,298.64206469978956,479
33650000,67300.0000063759,302.05466595157264,479
33655000,67310.00000634156,299.5616387677203,479
33660000,67320.00000630722,297.90330563336244,479
33665000,67330.00000627288,300.0840963961785,479
33670000,67340.00000623854,302.260619942647,479
33675000,67350.0000062042,299.9224285934156,479
33680000,67360.00000616985,303.05458750244105,479
33685000,67370.00000613551,296.85589195443947,479
33690000,67380.00000610117,298.2410126929083,479
33695000,67390.00000606682,301.69458364361367,479
33700000,67400.00000603248,301.36505725789465,479
33705000,67410.00000599814,301.3574514422286,479
33710000,67420.0000059638,303.9205228819825,479
33715000,67430.00000592945,301.39581216949796,479
33720000,67440.00000589511,300.33933341957766,479
33725000,67450.00000586077,299.6090424560578,479
33730000,67460.00000582643,300.7678017387436,479
33735000,67470.00000579208,299.9423054198221,479
33740000,67480.00000575774,300.8487904096298,479
33745000,67490.0000057234,300.30046416393526,479
33750000,67500.00000568906,301.4004773645722,479
33755000,67510.00000565471,301.893860436051,479
33760000,67520.00000562037,301.47253362403666,479
33765000,67530.00000558603,299.5105427211961,479
33770000,67540.00000555169,300.2822455822234,479
33775000,67550.00000551734,298.6194904620131,479
33780000,67560.000005483,300.2108305107076,479
33785000,67570.00000544866,300.1507357229738,479
33790000,67580.00000541432,301.6721641753422,479
33795000,67590.00000537997,298.30437975017287,479
33800000,67600.00000534563,298.84505596034285,479
33805000,67610.00000531129,297.90118308015326,479
33810000,67620.00000527695,298.8055234068226,479
33815000,67630.0000052426,299.2188464244441,479
33820000,67640.00000520826,300.72625718166046,479
33825000,67650.00000517392,302.0338162882787,479
33830000,67660.00000513958,300.043104587327,479
33835000,67670.00000510523,300.5757991130334,479
33840000,67680.00000507089,302.3036016451322,479
33845000,67690.00000503655,300.7610361003894,479
33850000,67700.0000050022,300.89668051641104,479
33855000,67710.00000496786,300.11173380775585,479
33860000,67720.00000493352,299.3658774540356,479
33865000,67730.00000489918,299.77099768790106,479
33870000,67740.00000486484,299.79772859237863,479
33875000,67750.0000048305,297.11398115871333,479
33880000,67760.00000479615,299.643003307404,479
33885000,67770.00000476181,297.8042973701277,479
33890000,67780.00000472747,298.7887640804421,479
33895000,67790.00000469312,298.2763885797273,479
33900000,67800.00000465878,297.12110055593564,479
33905000,67810.00000462444,299.8375706849086,479
33910000,67820.0000045901,301.3140275411583,479
33915000,67830.00000455575,300.62817753545477,479
33920000,67840.00000452141,298.47979992893664,479
33925000,67850.00000448707,301.01302296418703,479
33930000,67860.00000445273,298.36898496347607,479
33935000,67870.00000441838,297.2060469041598,479
33940000,67880.00000438404,302.7677996099853,479
33945000,67890.0000043497,303.139600180453,479
33950000,67900.00000431536,302.02892999391185,479
33955000,67910.00000428101,300.19771932265525,479
33960000,67920.00000424667,299.60046380350417,479
33965000,67930.00000421233,300.68157301462224,479
33970000,67940.00000417799,300.2700851211294,479
33975000,67950.00000414364,298.1268149082708,479
33980000,67960.0000041093,296.0933647140558,479
33985000,67970.00000407496,300.5706474995154,479
33990000,67980.00000404062,300.34866380972613,479
33995000,67990.00000400627,301.69469419326,479
34000000,68000.00000397193,301.5112481101742,479
34005000,68010.00000393759,300.1376024249922,479
34010000,68020.00000390325,299.975735632866,479
34015000,68030.0000038689,300.54084331487036,479
34020000,68040.00000383456,301.2489359094113,479
34025000,68050.00000380022,298.1877056534579,479
34030000,68060.00000376588,298.8345316340142,479
34035000,68070.00000373153,299.855081748884,479
34040000,68080.00000369719,300.11646533261785,479
34045000,68090.00000366285,300.1331804391399,479
34050000,68100.0000036285,300.88938423975463,479
34055000,68110.00000359416,301.68952046981275,479
34060000,68120.00000355982,300.41848696633514,479
34065000,68130.00000352548,301.43377491804057,479
34070000,68140.00000349114,300.21985136184645,479
34075000,68150.0000034568,299.3881200428731,479
34080000,68160.00000342245,300.8737304098372,479
34085000,68170.00000338811,299.998530969935,479
34090000,68180.00000335377,301.7068988742125,479
34095000,68190.00000331942,299.26019199216387,479
34100000,68200.00000328508,299.1367301471655,479
34105000,68210.00000325074,298.4917835105966,479
34110000,68220.0000032164,298.3472287930824,479
34115000,68230.00000318205,299.1774124170074,479
34120000,68240.00000314771,302.8221015962524,479
34125000,68250.00000311337,301.3925177900379,479
34130000,68260.00000307903,300.32823423508813,479
34135000,68270.00000304468,298.71942734227684,479
34140000,68280.00000301034,299.6682528466211,479
34145000,68290.000002976,303.59608177999377,479
34150000,68300.00000294166,302.0522338593538,479
34155000,68310.00000290731,300.2058115567651,479
34160000,68320.00000287297,302.644426204704,479
34165000,68330.00000283863,301.14829151141123,479
34170000,68340.00000280429,299.32778204591744,479
34175000,68350.00000276994,300.29542310006354,479
34180000,68360.0000027356,298.2563127639575,479
34185000,68370.00000270126,301.3597950947303,479
34190000,68380.00000266691,300.06161059811916,479
34195000,68390.00000263257,300.34192028130127,479
34200000,68400.00000259823,298.8535461731794,479
34205000,68410.00000256389,301.8807492479987,479
34210000,68420.00000252954,301.24906856898684,479
34215000,68430.0000024952,300.79267540916317,479
34220000,68440.00000246086,299.33156284382125,479
34225000,68450.00000242652,299.4611933590836,479
34230000,68460.00000239217,301.19578363946573,479
34235000,68470.00000235783,298.4514992194814,479
34240000,68480.00000232349,297.6352448509914,479
34245000,68490.00000228915,298.69862189884145,479
34250000,68500.0000022548,303.35176706165004,479
34255000,68510.00000222046,299.99207487059056,479
34260000,68520.00000218612,298.4768371984155,479
34265000,68530.00000215178,300.7576311712831,479
34270000,68540.00000211743,300.25615586569444,479
34275000,68550.00000208309,301.3026630375176,479
34280000,68560.00000204875,299.87018283056983,479
34285000,68570.0000020144,301.1809699868603,479
34290000,68580.00000198006,301.1143748799235,479
34295000,68590.00000194572,299.94241596946836,479
34300000,68600.00000191138,298.13360265655416,479
34305000,68610.00000187704,299.5127094942638,479
34310000,68620.0000018427,299.413015823222,479
34315000,68630.00000180835,299.9319579729275,479
34320000,68640.00000177401,300.29330054685437,479
34325000,68650.00000173967,297.36510573526976,479
34330000,68660.00000170532,300.74199945129493,479
34335000,68670.00000167098,300.76954842315524,479
34340000,68680.00000163664,297.854133150684,479
34345000,68690.0000016023,299.50344543390304,479
34350000,68700.00000156795,301.11010766357595,479
34355000,68710.00000153361,298.90966117364604,479
34360000,68720.00000149927,300.93389152735875,479
34365000,68730.00000146493,301.53656397917905,479
34370000,68740.00000143058,301.88291602106636,479
34375000,68750.00000139624,300.94885994946907,479
34380000,68760.0000013619,299.6200310909009,479
34385000,68770.00000132756,299.85353405383563,479
34390000,68780.00000129321,299.0960920971822,479
34395000,68790.00000125887,301.8498616768199,479
34400000,68800.00000122453,301.6652658774124,479
34405000,68810.00000119019,302.4604937031744,479
34410000,68820.00000115584,300.3166044122964,479
34415000,68830.0000011215,299.76803495738,479
34420000,68840.00000108716,301.32119115823906,479
34425000,68850.00000105282,303.20822940088186,479
34430000,68860.00000101847,300.7340177668314,479
34435000,68870.00000098413,298.5977121816902,479
34440000,68880.00000094979,302.21452074013604,479
34445000,68890.00000091545,301.0852782130148,479
34450000,68900.0000008811,299.02237759302307,479
34455000,68910.00000084676,300.8343747357511,479
34460000,68920.00000081242,298.6663192921898,479
34465000,68930.00000077808,299.2537358928194,479
34470000,68940.00000074373,299.8651638766274,479
34475000,68950.00000070939,303.8104817640462,479
34480000,68960.00000067505,300.4204326401102,479
34485000,68970.0000006407,303.9485803822158,479
34490000,68980.00000060636,299.6050405588614,479
34495000,68990.00000057202,300.4040270725979,479
34500000,69000.00000053768,303.1916248440062,479
34505000,69010.00000050334,300.7480575719127,479
34510000,69020.000000469,299.20719449172316,479
34515000,69030.00000043465,299.76199894669145,479
34520000,69040.00000040031,296.9102160506359,479
34525000,69050.00000036597,301.70360449475254,479
34530000,69060.00000033162,301.7532191760162,479
34535000,69070.00000029728,300.6754485642167,479
34540000,69080.00000026294,299.3938465145519,479
34545000,69090.0000002286,300.38403969654513,479
34550000,69100.00000019425,299.7258049924897,479
34555000,69110.00000015991,299.52303483122904,479
34560000,69120.00000012557,301.5311912663684,479
34565000,69130.00000009123,296.96690590926335,479
34570000,69140.00000005688,297.8645248174371,479
34575000,69150.00000002254,299.4297309297439,479
34580000,69159.9999999882,301.7717915165962,479
34585000,69169.99999995386,298.79922207698297,479
34590000,69179.99999991951,300.4147724982191,479
34595000,69189.99999988517,300.7106475716016,479
34600000,69199.99999985083,301.0359951806901,479
34605000,69209.99999981649,299.5076684303921,479
34610000,69219.99999978214,301.78903726142045,479
34615000,69229.9999997478,299.9620495866529,479
34620000,69239.99999971346,301.2430104483691,479
34625000,69249.99999967912,299.3300593686314,479
34630000,69259.99999964477,298.7359213495062,479
34635000,69269.99999961043,302.02329196195006,479
34640000,69279.99999957609,301.81143461976274,479
34645000,69289.99999954175,298.42965460937063,479
34650000,69299.9999995074,299.0787136927824,479
34655000,69309.99999947306,300.89203743126603,479
34660000,69319.99999943872,299.7612914289551,479
34665000,69329.99999940438,299.56477837767545,479
34670000,69339.99999937003,299.2004067434397,479
34675000,69349.99999933569,300.40358487401267,479
34680000,69359.99999930135,301.3674672401842,479
34685000,69369.999999267,302.3213559183294,479
34690000,69379.99999923266,300.91129517965317,479
34695000,69389.99999919832,298.0560631346327,479
34700000,69399.99999916398,301.2420818313401,479
34705000,69409.99999912964,300.82955477117196,479
34710000,69419.9999990953,302.0339047279957,479
34715000,69429.99999906095,299.1214521860456,479
34720000,69439.99999902661,298.4808169856827,479
34725000,69449.99999899227,299.3226304323994,479
34730000,69459.99999895792,300.6815509046929,479
34735000,69469.99999892358,300.4926436690795,479
34740000,69479.99999888924,300.3637427814827,479
34745000,69489.9999988549,298.8699517406917,479
34750000,69499.99999882055,299.2039664420509,479
34755000,69509.99999878621,301.06193012771433,479
34760000,69519.99999875187,303.08618259135636,479
34765000,69529.99999871753,302.00102726318335,479
34770000,69539.99999868318,299.8428770679314,479
34775000,69549.99999864884,297.17182073366246,479
34780000,69559.9999986145,301.1698265825123,479
34785000,69569.99999858016,299.1355362109854,479
34790000,69579.99999854581,300.3688943950008,479
34795000,69589.99999851147,300.4575552113409,479
34800000,69599.99999847713,300.3769424092521,479
34805000,69609.99999844278,298.78392200593373,479
34810000,69619.99999840844,299.9048290897232,479
34815000,69629.9999983741,301.3306763178924,479
34820000,69639.99999833976,301.1396686389991,479
34825000,69649.99999830541,301.6124010365473,479
34830000,69659.99999827107,303.302882008052,479
34835000,69669.99999823673,297.76228850453015,479
34840000,69679.99999820239,302.388945972083,479
34845000,69689.99999816804,299.95499651921835,479
34850000,69699.9999981337,303.01195955882423,479
34855000,69709.99999809936,301.3370439775199,479
34860000,69719.99999806502,299.70539752778103,479
34865000,69729.99999803067,298.4918719503136,479
34870000,69739.99999799633,300.127277088027,479
34875000,69749.99999796199,301.9569179543059,479
34880000,69759.99999792765,299.37063108882694,479
34885000,69769.9999978933,303.43936660138553,479
34890000,69779.99999785896,300.13362263772507,479
34895000,69789.99999782462,301.06055931210005,479
34900000,69799.99999779028,300.83464005490225,479
34905000,69809.99999775593,299.64054910525596,479
34910000,69819.99999772159,298.27826792371457,479
34915000,69829.99999768725,298.68624033845475,479
34920000,69839.9999976529,301.25917280665954,479
34925000,69849.99999761856,298.93424741498524,479
34930000,69859.99999758422,299.6568441231219,479
34935000,69869.99999754988,296.34062005299137,479
34940000,69879.99999751554,298.6055169867197,479
34945000,69889.9999974812,301.49497520223747,479
34950000,69899.99999744685,299.0630156430064,479
34955000,69909.99999741251,299.9384582921305,479
34960000,69919.99999737817,302.75157092190705,479
34965000,69929.99999734382,298.5412876422139,479
34970000,69939.99999730948,301.32101427880497,479
34975000,69949.99999727514,300.9843906057929,479
34980000,69959.9999972408,302.4137312027855,479
34985000,69969.99999720645,300.29139909293787,479
34990000,69979.99999717211,300.4736291299143,479
34995000,69989.99999713777,300.16886586496855,479
35000000,69999.99999710343,300.10554302756253,479
35005000,70009.99999706908,301.7766114811752,479
35010000,70019.99999703474,301.97186426648693,479
35015000,70029.9999970004,301.1323502524134,479
35020000,70039.99999696606,300.1056756871381,479
35025000,70049.99999693171,301.8259166234293,479
35030000,70059.99999689737,297.92519446333165,479
35035000,70069.99999686303,301.4446530032374,479
35040000,70079.99999682869,299.2449803608317,479
35045000,70089.99999679434,298.0524813260923,479
35050000,70099.99999676,300.25591265647256,479
35055000,70109.99999672566,300.8167310122001,479
35060000,70119.99999669132,302.60325751641835,479
35065000,70129.99999665697,301.1646970789235,479
35070000,70139.99999662263,299.1770807680685,479
35075000,70149.99999658829,299.97235281368893,479
35080000,70159.99999655395,300.6857075713942,479
35085000,70169.9999965196,297.75240536615013,479
35090000,70179.99999648526,301.1067027344696,479
35095000,70189.99999645092,300.95662053464,479
35100000,70199.99999641658,301.1008436032152,479
35105000,70209.99999638223,297.3397014265479,479
35110000,70219.99999634789,298.85257333629187,479
35115000,70229.99999631355,299.91668001180756,479
35120000,70239.9999962792,300.16300673371416,479
35125000,70249.99999624486,301.7606481122482,479
35130000,70259.99999621052,302.2579225312771,479
35135000,70269.99999617618,300.48147815480223,479
35140000,70279.99999614184,299.730558627281,479
35145000,70289.9999961075,300.56863549595255,479
35150000,70299.99999607315,301.186939667761,479
35155000,70309.99999603881,299.5136160013635,479
35160000,70319.99999600447,299.0434262456804,479
35165000,70329.99999597012,299.19257982848103,479
35170000,70339.99999593578,299.60877713690667,479
35175000,70349.99999590144,300.75811758972685,479
35180000,70359.9999958671,300.8978081228034,479
35185000,70369.99999583275,298.3377657433583,479
35190000,70379.99999579841,303.03714276825343,479
35195000,70389.99999576407,299.99404265429484,479
35200000,70399.99999572973,300.8690873246922,479
35205000,70409.99999569538,302.45383861446663,479
35210000,70419.99999566104,302.6414192543244,479
35215000,70429.9999956267,299.90210956842395,479
35220000,70439.99999559236,298.3587480662278,479
35225000,70449.99999555801,300.3290744124001,479
35230000,70459.99999552367,301.2264280014227,479
35235000,70469.99999548933,304.89733955677235,479
35240000,70479.99999545499,298.71931679263054,479
35245000,70489.99999542064,300.8535661543504,479
35250000,70499.9999953863,299.81884357482375,479
35255000,70509.99999535196,300.38536629230083,479
35260000,70519.99999531762,302.84805865320584,479
35265000,70529.99999528327,300.208420528418,479
35270000,70539.99999524893,301.66301066462773,479
35275000,70549.99999521459,300.5557454071929,479
35280000,70559.99999518025,299.7720810744349,479
35285000,70569.9999951459,300.23634536907576,479
35290000,70579.99999511156,300.41888494506185,479
35295000,70589.99999507722,299.7442225635649,479
35300000,70599.99999504288,299.3743234470137,479
35305000,70609.99999500853,301.0718574859529,479
35310000,70619.99999497419,300.1299523894676,479
35315000,70629.99999493985,300.0601292328586,479
35320000,70639.9999949055,298.88175844291754,479
35325000,70649.99999487116,301.44469722309594,479
35330000,70659.99999483682,298.3653147152186,479
35335000,70669.99999480248,301.3340591370695,479
35340000,70679.99999476814,299.29494880096354,479
35345000,70689.9999947338,300.5696304427694,479
35350000,70699.99999469945,299.2085431974081,479
35355000,70709.99999466511,300.3591881360548,479
35360000,70719.99999463077,298.83276283967325,479
35365000,70729.99999459642,296.83517495072107,479
35370000,70739.99999456208,300.2120244468877,479
35375000,70749.99999452774,300.05614944559153,479
35380000,70759.9999944934,299.9371980261626,479
35385000,70769.99999445905,301.37164601681474,479
35390000,70779.99999442471,299.0122954652797,479
35395000,70789.99999439037,301.4796309113297,479
35400000,70799.99999435603,299.2807100065189,479
35405000,70809.99999432168,299.6362376690499,479
35410000,70819.99999428734,296.7483934783682,479
35415000,70829.999994253,298.9613541882603,479
35420000,70839.99999421866,299.276752329181,479
35425000,70849.99999418431,301.04802298220864,479
35430000,70859.99999414997,298.6894020583392,479
35435000,70869.99999411563,298.09897850733,479
35440000,70879.99999408128,302.293630067035,479
35445000,70889.99999404694,299.24975610555225,479
35450000,70899.9999940126,301.27190812591436,479
35455000,70909.99999397826,300.8656381757274,479
35460000,70919.99999394391,301.5744825078632,479
35465000,70929.99999390957,300.6719551953933,479
35470000,70939.99999387523,302.4409706356362,479
35475000,70949.99999384089,302.733838758639,479
35480000,70959.99999380654,300.08221705219125,479
35485000,70969.9999937722,301.0321701629278,479
35490000,70979.99999373786,298.87693847833845,479
35495000,70989.99999370352,300.0417779915713,479
35500000,70999.99999366917,301.27383168976013,479
35505000,71009.99999363483,300.98423583628806,479
35510000,71019.99999360049,300.024952335403,479
35515000,71029.99999356615,301.8650954180813,479
35520000,71039.9999935318,301.02960541113345,479
35525000,71049.99999349746,298.8637609604984,479
35530000,71059.99999346312,302.10414797326075,479
35535000,71069.99999342878,299.7176906484507,479
35540000,71079.99999339443,298.48859968078284,479
35545000,71089.99999336009,299.68109871552224,479
35550000,71099.99999332575,300.9621701268847,479
35555000,71109.9999932914,300.20127902126643,479
35560000,71119.99999325706,299.6618188572059,479
35565000,71129.99999322272,301.13703755741693,479
35570000,71139.99999318838,297.6114103472471,479
35575000,71149.99999315404,299.6373210555837,479
35580000,71159.9999931197,299.15574468633076,479
35585000,71169.99999308535,299.4714081464026,479
35590000,71179.99999305101,298.72619298063097,479
35595000,71189.99999301667,299.7530665352697,479
35600000,71199.99999298232,298.7132365620835,479
35605000,71209.99999294798,296.99878842725894,479
35610000,71219.99999291364,301.02222069476,479
35615000,71229.9999928793,301.09960544717654,479
35620000,71239.99999284495,301.21868952618104,479
35625000,71249.99999281061,302.27452708815275,479
35630000,71259.99999277627,300.0680224776051,479
35635000,71269.99999274193,300.60668668421226,479
35640000,71279.99999270758,301.68808332441074,479
35645000,71289.99999267324,301.67402140940015,479
35650000,71299.9999926389,300.52211620478556,479
35655000,71309.99999260456,299.89916894783215,479
35660000,71319.99999257021,302.531886664761,479
35665000,71329.99999253587,297.186391177046,479
35670000,71339.99999250153,300.70545173822507,479
35675000,71349.99999246719,298.5600147522987,479
35680000,71359.99999243284,301.7154996366954,479
35685000,71369.9999923985,299.8046711101669,479
35690000,71379.99999236416,298.43027368739,479
35695000,71389.99999232982,301.5326063018412,479
35700000,71399.99999229547,301.1977293132408,479
35705000,71409.99999226113,301.32815578595654,479
35710000,71419.99999222679,298.64681833458087,479
35715000,71429.99999219245,303.2449097735273,479
35720000,71439.9999921581,299.8791815717794,479
35725000,71449.99999212376,301.343389527218,479
35730000,71459.99999208942,302.62156453784723,479
35735000,71469.99999205508,300.6077037409583,479
35740000,71479.99999202073,299.2090738357104,479
35745000,71489.99999198639,300.8939388851826,479
35750000,71499.99999195205,300.8066488844567,479
35755000,71509.9999919177,301.5083738193702,479
35760000,71519.99999188336,299.28035624765073,479
35765000,71529.99999184902,298.60175829874515,479
35770000,71539.99999181468,299.5794593707054,479
35775000,71549.99999178034,300.0358083106706,479
35780000,71559.999991746,299.7086919072411,479
35785000,71569.99999171165,303.97668210230773,479
35790000,71579.99999167731,298.40245939637856,479
35795000,71589.99999164297,300.2902935964747,479
35800000,71599.99999160862,299.12204915413565,479
35805000,71609.99999157428,301.0629914043189,479
35810000,71619.99999153994,300.5237523395509,479
35815000,71629.9999915056,301.45818427994567,479
35820000,71639.99999147125,298.6461771466323,479
35825000,71649.99999143691,299.07314199060835,479
35830000,71659.99999140257,301.1391822205553,479
35835000,71669.99999136823,298.6362497883936,479
35840000,71679.99999133388,302.213923772046,479
35845000,71689.99999129954,302.7488292906786,479
35850000,71699.9999912652,301.93213272360333,479
35855000,71709.99999123086,302.4138196425026,479
35860000,71719.99999119651,297.0629956618355,479
35865000,71729.99999116217,301.54596069911537,479
35870000,71739.99999112783,298.9032935140186,479
35875000,71749.99999109349,301.8168957722904,479
35880000,71759.99999105914,299.7966452058448,479
35885000,71769.9999910248,300.1524160775977,479
35890000,71779.99999099046,299.3106468507395,479
35895000,71789.99999095612,300.4259822323549,479
35900000,71799.99999092177,302.9001717564761,479
35905000,71809.99999088743,299.52285795179495,479
35910000,71819.99999085309,302.28202235417257,479
35915000,71829.99999081875,301.24966553707696,479
35920000,71839.9999907844,302.1471296757458,479
35925000,71849.99999075006,301.27246087414596,479
35930000,71859.99999071572,302.1760273532911,479
35935000,71869.99999068138,299.06129106852404,479
35940000,71879.99999064703,298.65451258996393,479
35945000,71889.99999061269,301.6819367640759,479
35950000,71899.99999057835,299.2801351483581,479
35955000,71909.999990544,296.201283278783,479
35960000,71919.99999050966,299.1080977887714,479
35965000,71929.99999047532,300.8916394525393,479
35970000,71939.99999044098,299.85379937298677,479
35975000,71949.99999040664,298.8465152156741,479
35980000,71959.9999903723,297.8733687891418,479
35985000,71969.99999033795,300.6610107804087,479
35990000,71979.99999030361,300.7211055681425,479
35995000,71989.99999026927,300.57988944994685,479
36000000,71999.99999023492,299.7663767126853,479
36005000,72009.99999020058,302.3170665920526,479
36010000,72019.99999016624,304.0079013224255,479
36015000,72029.9999901319,300.96086564105826,479
36020000,72039.99999009755,299.9611651894825,479
36025000,72049.99999006321,299.4398572773459,479
36030000,72059.99999002887,302.13368683875456,479
36035000,72069.99998999453,296.91247126342057,479
36040000,72079.99998996018,301.85081240377815,479
36045000,72089.99998992584,300.3166486321549,479
36050000,72099.9999898915,300.13521455263196,479
36055000,72109.99998985716,299.94290238791217,479
36060000,72119.99998982281,300.38052421779247,479
36065000,72129.99998978847,299.56022373224755,479
36070000,72139.99998975413,299.9115062883603,479
36075000,72149.99998971978,300.03359731774435,479
36080000,72159.99998968544,302.13841836361667,479
36085000,72169.9999896511,299.5770714983451,479
36090000,72179.99998961676,299.7537961629353,479
36095000,72189.99998958241,300.49450090313746,479
36100000,72199.99998954807,298.08401008521975,479
36105000,72209.99998951373,300.57745735772806,479
36110000,72219.99998947939,299.2918091910083,479
36115000,72229.99998944504,299.0279935150556,479
36120000,72239.9999894107,299.91181582736994,479
36125000,72249.99998937636,300.26889118494927,479
36130000,72259.99998934202,299.339655077931,479
36135000,72269.99998930767,300.82219216472777,479
36140000,72279.99998927333,302.4569561144925,479
36145000,72289.99998923899,299.34306000703737,479
36150000,72299.99998920465,301.2787843139148,479
36155000,72309.9999891703,300.6513487413212,479
36160000,72319.99998913596,302.93744909721164,479
36165000,72329.99998910162,298.98757656436493,479
36170000,72339.99998906728,302.050730384164,479
36175000,72349.99998903293,301.1254519544837,479
36180000,72359.99998899859,301.04959278718616,479
36185000,72369.99998896425,302.1560620871676,479
36190000,72379.9999889299,300.84394833512147,479
36195000,72389.99998889556,299.5339129164259,479
36200000,72399.99998886122,299.8211872273255,479
36205000,72409.99998882688,297.0492875056931,479
36210000,72419.99998879254,299.69637667664216,479
36215000,72429.9999887582,301.7288098141111,479
36220000,72439.99998872385,300.6631996634056,479
36225000,72449.99998868951,297.7458387171593,479
36230000,72459.99998865517,298.7711424668204,479
36235000,72469.99998862082,299.53661032779587,479
36240000,72479.99998858648,303.0377618462728,479
36245000,72489.99998855214,301.31734403054753,479
36250000,72499.9999885178,299.5047499197295,479
36255000,72509.99998848345,299.4532780044079,479
36260000,72519.99998844911,301.68454573572876,479
36265000,72529.99998841477,299.53106073555114,479
36270000,72539.99998838043,300.2742196779014,479
36275000,72549.99998834608,298.84793025114686,479
36280000,72559.99998831174,300.15710338260124,479
36285000,72569.9999882774,301.04366732614403,479
36290000,72579.99998824306,300.14520824065835,479
36295000,72589.99998820871,302.49611279921527,479
36300000,72599.99998817437,298.62232053295867,479
36305000,72609.99998814003,300.12836047456074,479
36310000,72619.99998810569,301.4152467973191,479
36315000,72629.99998807134,300.9286956939822,479
36320000,72639.999988037,300.7916141325586,479
36325000,72649.99998800266,300.17947863101426,479
36330000,72659.99998796832,300.23236558180866,479
36335000,72669.99998793397,299.54306642714033,479
36340000,72679.99998789963,297.90805926815375,479
36345000,72689.99998786529,301.01742284011016,479
36350000,72699.99998783095,301.2660932145185,479
36355000,72709.9999877966,300.07783928619733,479
36360000,72719.99998776226,301.3028399169517,479
36365000,72729.99998772792,299.9991942678129,479
36370000,72739.99998769358,302.5340534378287,479
36375000,72749.99998765923,300.87554342403666,479
36380000,72759.99998762489,300.85964638489736,479
36385000,72769.99998759055,301.53088172735875,479
36390000,72779.9999875562,299.5223715333512,479
36395000,72789.99998752186,301.30978243474,479
36400000,72799.99998748752,298.9690484436435,479
36405000,72809.99998745318,299.0521817776681,479
36410000,72819.99998741884,301.4217028966636,479
36415000,72829.9999873845,297.51050063009586,479
36420000,72839.99998735015,301.8187087864899,479
36425000,72849.99998731581,302.625433775468,479
36430000,72859.99998728147,301.1895486394139,479
36435000,72869.99998724712,298.85126885046543,479
36440000,72879.99998721278,298.53958517766074,479
36445000,72889.99998717844,301.9434530073854,479
36450000,72899.9999871441,303.4676230909822,479
36455000,72909.99998710975,300.0904198359474,479
36460000,72919.99998707541,298.0692185425435,479
36465000,72929.99998704107,298.55590230545596,479
36470000,72939.99998700673,301.94756545422814,479
36475000,72949.99998697238,300.3589228169036,479
36480000,72959.99998693804,299.69953839652663,479
36485000,72969.9999869037,298.55227627705705,479
36490000,72979.99998686936,300.6339482269921,479
36495000,72989.99998683501,299.8400691069151,479
36500000,72999.99998680067,301.44880966993867,479
36505000,73009.99998676633,301.28287465082826,479
36510000,73019.99998673199,299.223135750721,479
36515000,73029.99998669764,299.2129651832605,479
36520000,73039.9999866633,300.68088760681513,479
36525000,73049.99998662896,302.7518804609167,479
36530000,73059.99998659462,300.3240333485284,479
36535000,73069.99998656027,301.94137467403476,479
36540000,73079.99998652593,299.59854023965835,479
36545000,73089.99998649159,300.7223216142519,479
36550000,73099.99998645725,301.9007145141222,479
36555000,73109.9999864229,299.5902932360437,479
36560000,73119.99998638856,302.9273006396804,479
36565000,73129.99998635422,300.82305445196897,479
36570000,73139.99998631988,300.7392578200664,479
36575000,73149.99998628553,303.2460815997782,479
36580000,73159.99998625119,302.58430930704094,479
36585000,73169.99998621685,300.83886305139123,479
36590000,73179.9999861825,301.5116018690424,479
36595000,73189.99998614816,299.7272863577503,479
36600000,73199.99998611382,297.83710850515234,479
36605000,73209.99998607948,299.9588657568392,479
36610000,73219.99998604514,302.91894308641946,479
36615000,73229.9999860108,300.95443165164306,479
36620000,73239.99998597645,301.60592282727356,479
36625000,73249.99998594211,298.0363852975896,479
36630000,73259.99998590777,301.9861251708608,479
36635000,73269.99998587342,301.592789529292,479
36640000,73279.99998583908,301.0037589038263,479
36645000,73289.99998580474,302.4267318411915,479
36650000,73299.9999857704,298.8748159251293,479
36655000,73309.99998573605,301.5138128619686,479
36660000,73319.99998570171,300.48972515841695,479
36665000,73329.99998566737,299.926762139551,479
36670000,73339.99998563303,303.5226768148443,479
36675000,73349.99998559868,300.4872930661981,479
36680000,73359.99998556434,302.2325182225552,479
36685000,73369.99998553,302.0914347639351,479
36690000,73379.99998549565,299.32950662039985,479
36695000,73389.99998546131,299.77303180139313,479
36700000,73399.99998542697,298.74343872545523,479
36705000,73409.99998539263,300.833777767661,479
36710000,73419.99998535828,300.5196841125667,479
36715000,73429.99998532394,299.0095538340512,479
36720000,73439.9999852896,302.0624265367436,479
36725000,73449.99998525526,299.12693544850254,479
36730000,73459.99998522091,300.32306051164085,479
36735000,73469.99998518657,302.5726794842492,479
36740000,73479.99998515223,301.65575860782985,479
36745000,73489.99998511789,300.425739023133,479
36750000,73499.99998508354,301.6036233946303,479
36755000,73509.9999850492,299.43211880210424,479
36760000,73519.99998501486,300.6650126776051,479
36765000,73529.99998498052,297.9307440555764,479
36770000,73539.99998494617,300.5628648044152,479
36775000,73549.99998491183,298.6004759228479,479
36780000,73559.99998487749,301.28298520047457,479
36785000,73569.99998484315,302.28352582936236,479
36790000,73579.9999848088,298.08412063486605,479
36795000,73589.99998477446,301.92196215614285,479
36800000,73599.99998474012,300.20057150353006,479
36805000,73609.99998470578,299.1858584099854,479
36810000,73619.99998467143,300.5402463467803,479
36815000,73629.99998463709,301.4784369751496,479
36820000,73639.99998460275,298.50507157808295,479
36825000,73649.9999845684,299.1975766724942,479
36830000,73659.99998453406,302.00027552558845,479
36835000,73669.99998449972,298.38132230400424,479
36840000,73679.99998446538,300.08933644941357,479
36845000,73689.99998443104,304.04192850355946,479
36850000,73699.9999843967,300.6600821633797,479
36855000,73709.99998436235,300.274949305567,479
36860000,73719.99998432801,299.0748223452323,479
36865000,73729.99998429367,297.25619222372575,479
36870000,73739.99998425932,300.38479143414,479
36875000,73749.99998422498,298.65632560416344,479
36880000,73759.99998419064,299.15362213312164,479
36885000,73769.9999841563,298.8784861733868,479
36890000,73779.99998412195,301.4211280385028,479
36895000,73789.99998408761,303.44933817948265,479
36900000,73799.99998405327,299.8949459513431,479
36905000,73809.99998401893,300.7917910119927,479
36910000,73819.99998398458,301.39437502409595,479
36915000,73829.99998395024,300.0320054028375,479
36920000,73839.9999839159,298.5685491849938,479
36925000,73849.99998388156,300.7677132990265,479
36930000,73859.99998384721,298.09365001437794,479
36935000,73869.99998381287,302.39210769196745,479
36940000,73879.99998377853,302.55598648765647,479
36945000,73889.99998374419,300.7394789193591,479
36950000,73899.99998370984,300.38041366814616,479
36955000,73909.9999836755,301.5458059296105,479
36960000,73919.99998364116,300.0284678141556,479
36965000,73929.99998360682,305.174067431414,479
36970000,73939.99998357247,301.19870215012827,479
36975000,73949.99998353813,302.02475121728133,479
36980000,73959.99998350379,296.847158532381,479
36985000,73969.99998346945,300.5241060984191,479
36990000,73979.9999834351,298.2735585087818,479
36995000,73989.99998340076,299.05474652946253,479
37000000,73999.99998336642,299.83071660683737,479
37005000,74009.99998333208,300.5434965063818,479
37010000,74019.99998329773,301.8531560562799,479
37015000,74029.99998326339,301.9355818725682,479
37020000,74039.99998322905,298.7330028388436,479
37025000,74049.9999831947,299.197643002282,479
37030000,74059.99998316036,295.32068901614093,479
37035000,74069.99998312602,299.7680128474507,479
37040000,74079.99998309168,302.49213301194817,479
37045000,74089.99998305734,301.23195548373815,479
37050000,74099.999983023,300.91613725416147,479
37055000,74109.99998298865,300.13063779727474,479
37060000,74119.99998295431,300.13729288598256,479
37065000,74129.99998291997,300.0176339488173,479
37070000,74139.99998288562,299.01565617452746,479
37075000,74149.99998285128,298.2451030298218,479
37080000,74159.99998281694,299.79547337959394,479
37085000,74169.9999827826,299.61536589582664,479
37090000,74179.99998274825,300.67704047912355,479
37095000,74189.99998271391,301.2780989061077,479
37100000,74199.99998267957,300.73549913209195,479
37105000,74209.99998264523,301.6917535726682,479
37110000,74219.99998261088,301.27564470395964,479
37115000,74229.99998257654,301.30810208011604,479
37120000,74239.9999825422,299.0763700402806,479
37125000,74249.99998250786,298.7461361368252,479
37130000,74259.99998247351,298.4012212403399,479
37135000,74269.99998243917,299.54757685270977,479
37140000,74279.99998240483,301.9044068723089,479
37145000,74289.99998237049,299.7187740349845,479
37150000,74299.99998233614,303.1126260667535,479
37155000,74309.9999823018,299.3050088187777,479
37160000,74319.99998226746,300.09497448137535,479
37165000,74329.99998223312,300.2129972837753,479
37170000,74339.99998219877,301.3206384100076,479
37175000,74349.99998216443,299.652289477694,479
37180000,74359.99998213009,302.35509567038304,479
37185000,74369.99998209575,299.42864754321016,479
37190000,74379.9999820614,301.83020594970606,479
37195000,74389.99998202706,303.6931664793827,479
37200000,74399.99998199272,299.23958553809183,479
37205000,74409.99998195838,300.94950113741766,479
37210000,74419.99998192403,303.9130939457506,479
37215000,74429.99998188969,299.6728517119075,479
37220000,74439.99998185535,301.09728390460407,479
37225000,74449.999981821,303.4483874525244,479
37230000,74459.99998178666,300.7986229801346,479
37235000,74469.99998175232,297.7038077416325,479
37240000,74479.99998171798,301.06648477314224,479
37245000,74489.99998168364,300.903092395897,479
37250000,74499.9999816493,299.61868238521595,479
37255000,74509.99998161495,301.10442541175564,479
37260000,74519.99998158061,299.4188307346178,479
37265000,74529.99998154627,299.26664809150833,479
37270000,74539.99998151192,299.6002648141408,479
37275000,74549.99998147758,299.8782087348919,479
37280000,74559.99998144324,299.5948036616131,479
37285000,74569.9999814089,299.4257511424768,479
37290000,74579.99998137455,298.177910954795,479
37295000,74589.99998134021,300.5594819852381,479
37300000,74599.99998130587,301.2545518314438,479
37305000,74609.99998127153,299.3906184648797,479
37310000,74619.99998123718,299.75660412395155,479
37315000,74629.99998120284,297.636394567313,479
37320000,74639.9999811685,302.9008792742125,479
37325000,74649.99998113415,299.41133546859805,479
37330000,74659.99998109981,301.8312672263107,479
37335000,74669.99998106547,298.9645159081448,479
37340000,74679.99998103113,296.25531994589903,479
37345000,74689.99998099678,302.3528625675276,479
37350000,74699.99998096244,299.61160720785216,479
37355000,74709.9999809281,299.1098444731831,479
37360000,74719.99998089376,301.7448174028967,479
37365000,74729.99998085941,301.88391096788314,479
37370000,74739.99998082507,302.79795755349846,479
37375000,74749.99998079073,301.7520252398361,479
37380000,74759.99998075639,299.9205050295698,479
37385000,74769.99998072204,301.14672170643365,479
37390000,74779.9999806877,300.2538122131927,479
37395000,74789.99998065336,298.4778984750201,479
37400000,74799.99998061902,300.05953226476856,479
37405000,74809.99998058467,300.0022012181925,479
37410000,74819.99998055033,300.07136107692367,479
37415000,74829.99998051599,301.61392662166634,479
37420000,74839.99998048165,301.8094668360584,479
37425000,74849.9999804473,302.80158358189743,479
37430000,74859.99998041296,299.7570905423953,479
37435000,74869.99998037862,299.8530918552504,479
37440000,74879.99998034428,299.9646143384473,479
37445000,74889.99998030993,300.57728047829397,479
37450000,74899.99998027559,300.48154448459,479
37455000,74909.99998024125,298.7430407467285,479
37460000,74919.9999802069,300.47630443135495,479
37465000,74929.99998017256,301.64457098362334,479
37470000,74939.99998013822,300.0910389139667,479
37475000,74949.99998010388,299.04844519962285,479
37480000,74959.99998006954,298.6400969160852,479
37485000,74969.9999800352,298.52240576262426,479
37490000,74979.99998000085,298.9146137978007,479
37495000,74989.99997996651,302.42759412843276,479
37500000,74999.99997993217,298.31954716164654,479
37505000,75009.99997989782,299.1886884809309,479
37510000,75019.99997986348,300.18219815231345,479
37515000,75029.99997982914,302.3653767874898,479
37520000,75039.9999797948,301.10676906425743,479
37525000,75049.99997976045,303.7739561609056,479
37530000,75059.99997972611,298.80468322951066,479
37535000,75069.99997969177,298.47533372322573,479
37540000,75079.99997965743,299.5146772779681,479
37545000,75089.99997962308,299.47717883793996,479
37550000,75099.99997958874,303.6534791563576,479
37555000,75109.9999795544,298.8445253220405,479
37560000,75119.99997952006,300.5340334566577,479
37565000,75129.99997948571,301.2152845970747,479
37570000,75139.99997945137,302.28719607761985,479
37575000,75149.99997941703,298.08281614903956,479
37580000,75159.99997938269,301.40386018374926,479
37585000,75169.99997934834,301.30160176091306,479
37590000,75179.999979314,300.5022835982377,479
37595000,75189.99997927966,300.8862446297995,479
37600000,75199.99997924532,299.573091711078,479
37605000,75209.99997921097,297.92501758389756,479
37610000,75219.99997917663,299.80265910660404,479
37615000,75229.99997914229,301.1093338160518,479
37620000,75239.99997910795,300.68424831606296,479
37625000,75249.9999790736,300.08931433948425,479
37630000,75259.99997903926,299.2777030561393,479
37635000,75269.99997900492,300.9157834952933,479
37640000,75279.99997897058,300.68862608205677,479
37645000,75289.99997893623,299.3979147415361,479
37650000,75299.99997890189,299.1469891543431,479
37655000,75309.99997886755,302.9473322355917,479
37660000,75319.9999788332,298.516811950521,479
37665000,75329.99997879886,299.19580787815323,479
37670000,75339.99997876452,301.0764342413101,479
37675000,75349.99997873018,304.4290070351472,479
37680000,75359.99997869584,299.67966157012023,479
37685000,75369.9999786615,301.0230829820012,479
37690000,75379.99997862715,299.2747624355475,479
37695000,75389.99997859281,302.0064441958525,479
37700000,75399.99997855847,299.81877724503596,479
37705000,75409.99997852412,302.6017319312993,479
37710000,75419.99997848978,300.4193713635056,479
37715000,75429.99997845544,299.4291118517246,479
37720000,75439.9999784211,300.9324101620982,479
37725000,75449.99997838675,303.9279960380731,479
37730000,75459.99997835241,297.552642155269,479
37735000,75469.99997831807,298.9838178763904,479
37740000,75479.99997828373,302.6033459561354,479
37745000,75489.99997824938,302.53135602645875,479
37750000,75499.99997821504,299.2559468857456,479
37755000,75509.9999781807,300.0052966082892,479
37760000,75519.99997814636,298.69066232430714,479
37765000,75529.99997811201,302.6774142191627,479
37770000,75539.99997807767,301.9215862873454,479
37775000,75549.99997804333,302.161501129766,479
37780000,75559.99997800899,299.9232466607983,479
37785000,75569.99997797464,297.3111132880122,479
37790000,75579.9999779403,301.0212478578725,479
37795000,75589.99997790596,305.15390317592716,479
37800000,75599.99997787162,298.4937734042301,479
37805000,75609.99997783727,300.7934934765459,479
37810000,75619.99997780293,302.7335734394879,479
37815000,75629.99997776859,297.9245753853123,479
37820000,75639.99997773425,302.000408185164,479
37825000,75649.9999776999,300.84016753721767,479
37830000,75659.99997766556,301.228815873783,479
37835000,75669.99997763122,294.6137903577802,479
37840000,75679.99997759688,300.711355089338,479
37845000,75689.99997756253,297.8075696396585,479
37850000,75699.99997752819,300.43186347353856,479
37855000,75709.99997749385,301.47339591127786,479
37860000,75719.9999774595,301.1859447209442,479
37865000,75729.99997742516,300.87189528570843,479
37870000,75739.99997739082,297.1892433579208,479
37875000,75749.99997735648,298.7041936010154,479
37880000,75759.99997732214,303.37538046610166,479
37885000,75769.99997728779,299.5313702745608,479
37890000,75779.99997725345,301.3495803074113,479
37895000,75789.99997721911,300.25427652170714,479
37900000,75799.99997718477,299.5767619593354,479
37905000,75809.99997715042,299.71592185410975,479
37910000,75819.99997711608,302.93526021421474,479
37915000,75829.99997708174,299.641057633629,479
37920000,75839.9999770474,300.258057319611,479
37925000,75849.99997701305,298.83645519785995,479
37930000,75859.99997697871,300.736096100182,479
37935000,75869.99997694437,297.07455915483945,479
37940000,75879.99997691002,298.652743795623,479
37945000,75889.99997687568,299.91979751183345,479
37950000,75899.99997684134,301.61545220678545,479
37955000,75909.999976807,300.19570731909243,479
37960000,75919.99997677265,298.5855296106669,479
37965000,75929.99997673831,301.21433387011643,479
37970000,75939.99997670397,298.81576030407086,479
37975000,75949.99997666963,297.36581325300614,479
37980000,75959.99997663528,300.0159535941934,479
37985000,75969.99997660094,302.97435056914975,479
37990000,75979.9999765666,298.2609558491026,479
37995000,75989.99997653226,299.77595031205567,479
38000000,75999.99997649791,298.8501854639316,479
38005000,76009.99997646357,302.7632007446988,479
38010000,76019.99997642923,302.4980142531318,479
38015000,76029.99997639489,297.68941417768303,479
38020000,76039.99997636054,301.65319385603544,479
38025000,76049.9999763262,302.0854871929637,479
38030000,76059.99997629186,303.23538039401546,479
38035000,76069.99997625752,299.9228707920009,479
38040000,76079.99997622317,302.89075292661056,479
38045000,76089.99997618883,301.2425903597131,479
38050000,76099.99997615449,302.33698763831757,479
38055000,76109.99997612015,300.3892134199924,479
38060000,76119.9999760858,300.1124634354215,479
38065000,76129.99997605146,300.6023089182184,479
38070000,76139.99997601712,300.366130653843,479
38075000,76149.99997598278,301.825474424844,479
38080000,76159.99997594843,298.0309683649205,479
38085000,76169.99997591409,300.2069612730868,479
38090000,76179.99997587975,299.7089793363215,479
38095000,76189.9999758454,300.19276669850063,479
38100000,76199.99997581106,296.11675701921484,479
38105000,76209.99997577672,302.42096114965415,479
38110000,76219.99997574238,300.20357845390964,479
38115000,76229.99997570804,303.60558904957634,479
38120000,76239.9999756737,298.8346421836605,479
38125000,76249.99997563935,301.2845992253107,479
38130000,76259.99997560501,299.45542266754626,479
38135000,76269.99997557067,299.905403947884,479
38140000,76279.99997553632,299.21805046699075,479
38145000,76289.99997550198,302.4652031181072,479
38150000,76299.99997546764,297.18526357065366,479
38155000,76309.9999754333,301.6669904518949,479
38160000,76319.99997539895,301.3234021511653,479
38165000,76329.99997536461,299.23611427919764,479
38170000,76339.99997533027,299.694165683716,479
38175000,76349.99997529593,301.2946150232663,479
38180000,76359.99997526158,300.5549494497394,479
38185000,76369.99997522724,302.80107505352436,479
38190000,76379.9999751929,299.44348330574485,479
38195000,76389.99997515856,300.84854720040795,479
38200000,76399.99997512421,301.9193974043485,479
38205000,76409.99997508987,300.3393776394361,479
38210000,76419.99997505553,300.6161055140778,479
38215000,76429.99997502119,302.7874774470283,479
38220000,76439.99997498684,303.0914005346621,479
38225000,76449.9999749525,300.39834482077754,479
38230000,76459.99997491816,298.58707730571524,479
38235000,76469.99997488382,299.7557197267811,479
38240000,76479.99997484947,302.55435035289105,479
38245000,76489.99997481513,299.9250375650686,479
38250000,76499.99997478079,300.2051482588873,479
38255000,76509.99997474645,301.1413268836937,479
38260000,76519.9999747121,299.37195768458264,479
38265000,76529.99997467776,301.31407176101675,479
38270000,76539.99997464342,299.09918748727887,479
38275000,76549.99997460908,298.3626615237072,479
38280000,76559.99997457473,300.2639385607946,479
38285000,76569.99997454039,298.9313731241812,479
38290000,76579.99997450605,297.6902101351364,479
38295000,76589.9999744717,301.08193961369636,479
38300000,76599.99997443736,300.7488314194369,479
38305000,76609.99997440302,299.33554263108834,479
38310000,76619.99997436868,300.96685743188823,479
38315000,76629.99997433434,300.43239411184084,479
38320000,76639.9999743,299.5411428632945,479
38325000,76649.99997426565,300.8075775014857,479
38330000,76659.99997423131,302.43924606115377,479
38335000,76669.99997419697,300.4322835621945,479
38340000,76679.99997416262,301.11892952535146,479
38345000,76689.99997412828,299.95240965749474,479
38350000,76699.99997409394,300.57690460949647,479
38355000,76709.9999740596,298.7440356935453,479
38360000,76719.99997402525,303.7146573306252,479
38365000,76729.99997399091,301.5892519406101,479
38370000,76739.99997395657,300.9190778747533,479
38375000,76749.99997392223,299.84553025944285,479
38380000,76759.99997388788,300.5772583683647,479
38385000,76769.99997385354,301.186099490449,479
38390000,76779.9999738192,301.73133034604695,479
38395000,76789.99997378486,302.70529483996194,479
38400000,76799.99997375051,300.0271854382584,479
38405000,76809.99997371617,298.93090881566667,479
38410000,76819.99997368183,299.7396458082077,479
38415000,76829.99997364749,302.16972602345146,479
38420000,76839.99997361314,298.88259862022954,479
38425000,76849.9999735788,297.168238925122,479
38430000,76859.99997354446,299.54496788105683,479
38435000,76869.99997351012,298.3324372504062,479
38440000,76879.99997347577,300.2776246070077,479
38445000,76889.99997344143,301.2846876650278,479
38450000,76899.99997340709,301.4274956981302,479
38455000,76909.99997337275,301.4191381448692,479
38460000,76919.9999733384,301.9247480072298,479
38465000,76929.99997330406,300.81542652637364,479
38470000,76939.99997326972,299.37918763145126,479
38475000,76949.99997323538,298.49571907800515,479
38480000,76959.99997320103,303.31997298337143,479
38485000,76969.99997316669,300.80841767879764,479
38490000,76979.99997313235,300.79917572836615,479
38495000,76989.999973098,301.88791286507956,479
38500000,76999.99997306366,299.4718282350586,479
38505000,77009.99997302932,300.0238689488691,479
38510000,77019.99997299498,299.6728517119075,479
38515000,77029.99997296064,299.20597844561377,479
38520000,77039.99997292629,299.4639128803828,479
38525000,77049.99997289195,301.0533072553022,479
38530000,77059.99997285761,300.03457015463187,479
38535000,77069.99997282327,299.7745573865122,479
38540000,77079.99997278892,302.90567712886235,479
38545000,77089.99997275458,300.12219180429673,479
38550000,77099.99997272024,296.983510466139,479
38555000,77109.9999726859,300.2808305467507,479
38560000,77119.99997265155,298.8669447903121,479
38565000,77129.99997261721,301.003559914463,479
38570000,77139.99997258287,299.53305062918474,479
38575000,77149.99997254852,301.4767787304549,479
38580000,77159.99997251418,297.3521050968638,479
38585000,77169.99997247984,300.957040623296,479
38590000,77179.9999724455,298.1621686851605,479
38595000,77189.99997241115,304.85130668404906,479
38600000,77199.99997237681,298.3929963466545,479
38605000,77209.99997234247,297.05698176107626,479
38610000,77219.99997230813,298.8524848965748,479
38615000,77229.99997227378,298.57431987653115,479
38620000,77239.99997223944,302.14728444525065,479
38625000,77249.9999722051,301.74797912278115,479
38630000,77259.99997217076,300.50657292451444,479
38635000,77269.99997213641,296.48632448682713,479
38640000,77279.99997210207,301.76089132147007,479
38645000,77289.99997206773,299.24464871189275,479
38650000,77299.99997203339,298.9310414752423,479
38655000,77309.99997199904,299.9000091251441,479
38660000,77319.9999719647,301.3132979134926,479
38665000,77329.99997193036,300.42127281742216,479
38670000,77339.99997189602,299.3256816026376,479
38675000,77349.99997186167,301.98444481623693,479
38680000,77359.99997182733,298.3189280836272,479
38685000,77369.99997179299,298.54555485856145,479
38690000,77379.99997175865,299.64813281099276,479
38695000,77389.9999717243,301.05038874463963,479
38700000,77399.99997168996,301.8212072084965,479
38705000,77409.99997165562,299.0332556782199,479
38710000,77419.99997162128,300.5012444315623,479
38715000,77429.99997158693,300.4581963992894,479
38720000,77439.99997155259,299.4312344049337,479
38725000,77449.99997151825,299.53008789866357,479
38730000,77459.9999714839,300.1010326019931,479
38735000,77469.99997144956,299.31175234720257,479
38740000,77479.99997141522,299.21769670812256,479
38745000,77489.99997138088,301.01479175852796,479
38750000,77499.99997134654,302.017720259776,479
38755000,77509.9999713122,299.7714398864863,479
38760000,77519.99997127785,300.3268191996154,479
38765000,77529.99997124351,300.1762948012005,479
38770000,77539.99997120917,301.70928674657284,479
38775000,77549.99997117482,298.87658471947026,479
38780000,77559.99997114048,300.1782846948341,479
38785000,77569.99997110614,298.9415879115002,479
38790000,77579.9999710718,301.873762510352,479
38795000,77589.99997103745,298.8596927335142,479
38800000,77599.99997100311,300.3705968595539,479
38805000,77609.99997096877,298.6541146112373,479
38810000,77619.99997093443,301.16328204345075,479
38815000,77629.99997090008,302.744982162987,479
38820000,77639.99997086574,300.47712249873763,479
38825000,77649.9999708314,301.57364233055125,479
38830000,77659.99997079706,301.639817348832,479
38835000,77669.99997076271,301.4488538897972,479
38840000,77679.99997072837,302.70701941444435,479
38845000,77689.99997069403,299.29638594636555,479
38850000,77699.99997065969,302.52918925339105,479
38855000,77709.99997062534,297.66876350375236,479
38860000,77719.999970591,300.5292798218664,479
38865000,77729.99997055666,301.25273881724434,479
38870000,77739.99997052232,298.99869785878366,479
38875000,77749.99997048797,298.65981897298684,479
38880000,77759.99997045363,299.53300640932616,479
38885000,77769.99997041929,300.9881714036967,479
38890000,77779.99997038495,300.30921969592293,479
38895000,77789.9999703506,301.1451961213146,479
38900000,77799.99997031626,301.1727229832456,479
38905000,77809.99997028192,302.0857967319734,479
38910000,77819.99997024758,298.69537173923993,479
38915000,77829.99997021323,300.71728055038017,479
38920000,77839.99997017889,299.87834139446744,479
38925000,77849.99997014455,298.5695883516691,479
38930000,77859.9999701102,300.3412790933527,479
38935000,77869.99997007586,300.92635204148047,479
38940000,77879.99997004152,297.83056396609084,479
38945000,77889.99997000718,302.65822280056335,479
38950000,77899.99996997284,300.8057644872862,479
38955000,77909.9999699385,299.3893139790532,479
38960000,77919.99996990415,298.1256209720906,479
38965000,77929.99996986981,301.0796622909823,479
38970000,77939.99996983547,301.47016786160566,479
38975000,77949.99996980112,298.49571907800515,479
38980000,77959.99996976678,299.4420240504135,479
38985000,77969.99996973244,302.11069251232226,479
38990000,77979.9999696981,302.68869028308626,479
38995000,77989.99996966375,298.94594356756477,479
39000000,77999.99996962941,303.2341422379768,479
39005000,78009.99996959507,302.7082796804123,479
39010000,78019.99996956073,301.22262509358967,479
39015000,78029.99996952638,300.48773526478334,479
39020000,78039.99996949204,300.361907657354,479
39025000,78049.9999694577,300.3562254055337,479
39030000,78059.99996942336,299.7798195496765,479
39035000,78069.99996938901,299.15998979274906,479
39040000,78079.99996935467,301.03345253882503,479
39045000,78089.99996932033,299.04822410033023,479
39050000,78099.99996928599,297.47008367940515,479
39055000,78109.99996925164,298.82380831832216,479
39060000,78119.9999692173,300.852947076331,479
39065000,78129.99996918296,300.4881995732979,479
39070000,78139.99996914862,299.19151855187647,479
39075000,78149.99996911427,301.7563366760421,479
39080000,78159.99996907993,300.8709445587502,479
39085000,78169.99996904559,300.81987062215524,479
39090000,78179.99996901125,300.8755876438952,479
39095000,78189.9999689769,300.1922139502691,479
39100000,78199.99996894256,300.87647204106565,479
39105000,78209.99996890822,300.0903092863011,479
39110000,78219.99996887388,302.858627199393,479
39115000,78229.99996883953,300.0409820341178,479
39120000,78239.99996880519,301.4649056984413,479
39125000,78249.99996877085,300.3842386859085,479
39130000,78259.9999687365,300.0726655627501,479
39135000,78269.99996870216,303.521726087886,479
39140000,78279.99996866782,297.68291385848,479
39145000,78289.99996863348,301.8567820846788,479
39150000,78299.99996859914,302.4161854049336,479
39155000,78309.99996856479,299.3566355036042,479
39160000,78319.99996853045,302.1584057396694,479
39165000,78329.99996849611,300.4844851051818,479
39170000,78339.99996846177,301.285129863613,479
39175000,78349.99996842742,300.7741030685832,479
39180000,78359.99996839308,299.51642396237975,479
39185000,78369.99996835874,300.3963770370733,479
39190000,78379.9999683244,298.59125608234575,479
39195000,78389.99996829005,301.33582793141045,479
39200000,78399.99996825571,299.9862599591947,479
39205000,78409.99996822137,301.5869525079668,479
39210000,78419.99996818702,300.51650028275304,479
39215000,78429.99996815268,303.93540286437576,479
39220000,78439.99996811834,298.5505074827161,479
39225000,78449.999968084,300.91308608392336,479
39230000,78459.99996804965,299.1750687645056,479
39235000,78469.99996801531,298.97607940114875,479
39240000,78479.99996798097,301.1970660153629,479
39245000,78489.99996794663,300.5521857085817,479
39250000,78499.99996791228,301.4606163721645,479
39255000,78509.99996787794,300.5038755131445,479
39260000,78519.9999678436,304.5499483482097,479
39265000,78529.99996780926,303.3181157493134,479
39270000,78539.99996777491,301.4409827549799,479
39275000,78549.99996774057,300.01347728211607,479
39280000,78559.99996770623,298.97837883379196,479
39285000,78569.99996767189,301.05534136879425,479
39290000,78579.99996763754,298.72017907987174,479
39295000,78589.9999676032,298.94247230867063,479
39300000,78599.99996756886,300.64396402494776,479
39305000,78609.99996753452,300.3422961500987,479
39310000,78619.99996750017,300.30444395120236,479
39315000,78629.99996746583,299.64127873292165,479
39320000,78639.99996743149,299.5891435197221,479
39325000,78649.99996739715,299.8147532379103,479
39330000,78659.9999673628,300.39367962570327,479
39335000,78669.99996732846,298.68203945189504,479
39340000,78679.99996729412,299.1463037465359,479
39345000,78689.99996725978,301.547198855154,479
39350000,78699.99996722543,296.7753454821384,479
39355000,78709.99996719109,297.617225258643,479
39360000,78719.99996715675,299.9765537002487,479
39365000,78729.9999671224,300.28366061769617,479
39370000,78739.99996708806,298.2345787034931,479
39375000,78749.99996705372,300.7673816500876,479
39380000,78759.99996701938,303.0818932650795,479
39385000,78769.99996698504,298.04945226578343,479
39390000,78779.9999669507,300.6190682445989,479
39395000,78789.99996691635,300.96243544603584,479
39400000,78799.99996688201,300.294870351832,479
39405000,78809.99996684767,301.1340306070373,479
39410000,78819.99996681332,304.28462919706715,479
39415000,78829.99996677898,300.1332246589984,479
39420000,78839.99996674464,298.95403580167465,479
39425000,78849.9999667103,298.8006371124558,479
39430000,78859.99996667595,302.73405985793164,479
39435000,78869.99996664161,299.7209629179814,479
39440000,78879.99996660727,300.6936671459285,479
39445000,78889.99996657293,299.2458205381436,479
39450000,78899.99996653858,303.59614810978155,479
39455000,78909.99996650424,301.9254113051077,479
39460000,78919.9999664699,300.19566309923397,479
39465000,78929.99996643556,301.757508502293,479
39470000,78939.99996640121,300.44747308359746,479
39475000,78949.99996636687,299.36437397884583,479
39480000,78959.99996633253,299.87082401851836,479
39485000,78969.99996629819,301.09363576627584,479
39490000,78979.99996626384,301.02062877985315,479
39495000,78989.9999662295,301.2975335339289,479
39500000,78999.99996619516,300.3788217532393,479
39505000,79009.99996616082,300.26287728419004,479
39510000,79019.99996612647,298.962503904582,479
39515000,79029.99996609213,300.5883354429249,479
39520000,79039.99996605779,301.018506226644,479
39525000,79049.99996602345,301.89666839706723,479
39530000,79059.9999659891,301.3719776657536,479
39535000,79069.99996595476,300.8167752320586,479
39540000,79079.99996592042,299.4311017453582,479
39545000,79089.99996588608,301.92178527670876,479
39550000,79099.99996585173,299.0808362459915,479
39555000,79109.99996581739,299.953692033392,479
39560000,79119.99996578305,301.1020817592539,479
39565000,79129.9999657487,300.0337299773199,479
39570000,79139.99996571436,298.66945890214504,479
39575000,79149.99996568002,301.29549942043684,479
39580000,79159.99996564568,298.0473960423621,479
39585000,79169.99996561134,301.2646339591872,479
39590000,79179.999965577,297.6475821915195,479
39595000,79189.99996554265,298.76652149160464,479
39600000,79199.99996550831,299.36751358880105,479
39605000,79209.99996547397,299.194348622822,479
39610000,79219.99996543962,298.85838824768774,479
39615000,79229.99996540528,299.33032468778254,479
39620000,79239.99996537094,299.89326559671923,479
39625000,79249.9999653366,298.5513697699573,479
39630000,79259.99996530225,301.76838658748983,479
39635000,79269.99996526791,299.3454257694684,479
39640000,79279.99996523357,299.82578609261196,479
39645000,79289.99996519923,299.6881075630983,479
39650000,79299.99996516488,300.427087728818,479
39655000,79309.99996513054,297.6855449400622,479
39660000,79319.9999650962,299.96631680300044,479
39665000,79329.99996506186,302.52218040581505,479
39670000,79339.99996502751,300.2909126744941,479
39675000,79349.99996499317,301.54041110687064,479
39680000,79359.99996495883,300.5864560989376,479
39685000,79369.99996492449,299.8292131316476,479
39690000,79379.99996489014,300.23678756766105,479
39695000,79389.9999648558,298.7226553919491,479
39700000,79399.99996482146,297.374834104145,479
39705000,79409.99996478712,300.52487994594327,479
39710000,79419.99996475277,299.61443727879765,479
39715000,79429.99996471843,301.93642204988015,479
39720000,79439.99996468409,302.611416080316,479
39725000,79449.99996464975,299.4916829515357,479
39730000,79459.9999646154,300.3268191996154,479
39735000,79469.99996458106,300.0372233461433,479
39740000,79479.99996454672,300.1655051557207,479
39745000,79489.99996451238,299.38785472372194,479
39750000,79499.99996447803,299.9138941607206,479
39755000,79509.99996444369,299.94498072126277,479
39760000,79519.99996440935,301.9432761279513,479
39765000,79529.999964375,301.2220281254996,479
39770000,79539.99996434066,299.57826543452524,479
39775000,79549.99996430632,300.66815228756025,479
39780000,79559.99996427198,299.90880887699035,479
39785000,79569.99996423764,298.05164114878033,479
39790000,79579.99996420329,302.8840536180442,479
39795000,79589.99996416895,301.55319064598393,479
39800000,79599.99996413461,301.8518515704534,479
39805000,79609.99996410027,298.11133795778744,479
39810000,79619.99996406592,298.48727308502714,479
39815000,79629.99996403158,301.27445076777946,479
39820000,79639.99996399724,300.76200893727696,479
39825000,79649.9999639629,302.2236742508504,479
39830000,79659.99996392855,298.6682649659649,479
39835000,79669.99996389421,302.10691171441846,479
39840000,79679.99996385987,299.15603211541116,479
39845000,79689.99996382552,300.4270435089595,479
39850000,79699.99996379118,301.44527208125675,479
39855000,79709.99996375684,299.8519421389288,479
39860000,79719.9999637225,299.4995098664944,479
39865000,79729.99996368815,297.15289463421425,479
39870000,79739.99996365381,299.759257315463,479
39875000,79749.99996361947,299.13500557268316,479
39880000,79759.99996358513,301.88585664165817,479
39885000,79769.99996355078,298.2690480832124,479
39890000,79779.99996351644,298.0456935778089,479
39895000,79789.9999634821,299.10400745185797,479
39900000,79799.99996344776,296.97937590936704,479
39905000,79809.99996341341,301.5600226141259,479
39910000,79819.99996337907,301.12852523465114,479
39915000,79829.99996334473,301.73747690638174,479
39920000,79839.99996331039,301.8546374215405,479
39925000,79849.99996327604,299.9471474943304,479
39930000,79859.9999632417,299.22149961595557,479
39935000,79869.99996320736,301.9356260924267,479
39940000,79879.99996317302,299.21712184996176,479
39945000,79889.99996313867,303.03696588881934,479
39950000,79899.99996310433,299.50198617857177,479
39955000,79909.99996306999,297.886634746699,479
39960000,79919.99996303565,300.5962065777421,479
39965000,79929.9999630013,300.2522202982858,479
39970000,79939.99996296696,299.8759977419657,479
39975000,79949.99996293262,299.4625862846271,479
39980000,79959.99996289828,298.17048201856295,479
39985000,79969.99996286393,300.6661623939267,479
39990000,79979.99996282959,300.0800944989821,479
39995000,79989.99996279525,299.6044878106298,479
40000000,79999.9999627609,300.8261277321364,479
40005000,80009.99996272656,300.2273687377955,479
40010000,80019.99996269222,298.1455862382141,479
40015000,80029.99996265788,300.4487775694239,479
40020000,80039.99996262354,301.8131370843159,479
40025000,80049.9999625892,299.9014904904046,479
40030000,80059.99996255485,299.1093801646686,479
40035000,80069.99996252051,300.98631416963866,479
40040000,80079.99996248617,299.8294784507987,479
40045000,80089.99996245182,302.50531052978823,479
40050000,80099.99996241748,299.9582245688906,479
40055000,80109.99996238314,301.4242455385287,479
40060000,80119.9999623488,303.03767340655577,479
40065000,80129.99996231445,303.2452635323955,479
40070000,80139.99996228011,300.6497568264144,479
40075000,80149.99996224577,298.45680560250423,479
40080000,80159.99996221143,299.72450050666333,479
40085000,80169.99996217708,301.1155245962451,479
40090000,80179.99996214274,300.2448798017709,479
40095000,80189.9999621084,300.36117802968835,479
40100000,80199.99996207406,297.6317957020265,479
40105000,80209.99996203971,300.74456420308934,479
40110000,80219.99996200537,298.37521996352797,479
40115000,80229.99996197103,299.71718212007767,479
40120000,80239.99996193669,299.7769452588725,479
40125000,80249.99996190234,298.73309127856066,479
40130000,80259.999961868,299.61280114403235,479
40135000,80269.99996183366,298.47619601046694,479
40140000,80279.99996179932,301.29563208001235,479
40145000,80289.99996176497,300.01900476443154,479
40150000,80299.99996173063,299.9461304375844,479
40155000,80309.99996169629,300.61614973393637,479
40160000,80319.99996166195,299.5934770658574,479
40165000,80329.9999616276,301.57028162130337,479
40170000,80339.99996159326,301.6206038203035,479
40175000,80349.99996155892,301.48582169152303,479
40180000,80359.99996152458,300.0046775302698,479
40185000,80369.99996149023,301.0862510499024,479
40190000,80379.99996145589,300.9482187615205,479
40195000,80389.99996142155,301.9407334860862,479
40200000,80399.9999613872,302.03122942655506,479
40205000,80409.99996135286,302.4544576924859,479
40210000,80419.99996131852,302.5949441830159,479
40215000,80429.99996128418,300.5617150880936,479
40220000,80439.99996124984,302.2783521059151,479
40225000,80449.9999612155,301.0095738152222,479
40230000,80459.99996118115,298.7989788677611,479
40235000,80469.99996114681,300.0506661831345,479
40240000,80479.99996111247,301.0954930003338,479
40245000,80489.99996107812,299.4161333232479,479
40250000,80499.99996104378,300.1392385597576,479
40255000,80509.99996100944,300.2116706880195,479
40260000,80519.9999609751,303.2077429824381,479
40265000,80529.99996094075,300.4682785270329,479
40270000,80539.99996090641,300.3371887564392,479
40275000,80549.99996087207,297.7829833983193,479
40280000,80559.99996083773,299.59020479632665,479
40285000,80569.99996080338,301.15914748667876,479
40290000,80579.99996076904,301.69445098403816,479
40295000,80589.9999607347,299.9562567851863,479
40300000,80599.99996070036,299.10838521785183,479
40305000,80609.99996066601,300.47601700227455,479
40310000,80619.99996063167,302.77947365263555,479
40315000,80629.99996059733,298.2202072494729,479
40320000,80639.99996056299,301.555467968698,479
40325000,80649.99996052864,300.65970629458224,479
40330000,80659.9999604943,299.4002805039671,479
40335000,80669.99996045996,301.98121676656467,479
40340000,80679.99996042562,302.74060439699315,479
40345000,80689.99996039127,300.6657423052707,479
40350000,80699.99996035693,300.1585184180739,479
40355000,80709.99996032259,297.1685484641317,479
40360000,80719.99996028825,298.4331921980526,479
40365000,80729.9999602539,300.88323767941984,479
40370000,80739.99996021956,301.99463749362667,479
40375000,80749.99996018522,300.0933825664685,479
40380000,80759.99996015088,295.91502602462947,479
40385000,80769.99996011653,300.39109276397966,479
40390000,80779.99996008219,298.27136962578487,479
40395000,80789.99996004785,299.6680096373992,479
40400000,80799.9999600135,300.7922553205072,479
40405000,80809.99995997916,299.81815816701663,479
40410000,80819.99995994482,300.2214432767533,479
40415000,80829.99995991048,301.1689421853418,479
40420000,80839.99995987614,300.0561273356622,479
40425000,80849.99995984179,300.68214787278305,479
40430000,80859.99995980745,297.6727211810903,479
40435000,80869.99995977311,302.0175212704127,479
40440000,80879.99995973877,303.0817163856454,479
40445000,80889.99995970442,301.25963711517403,479
40450000,80899.99995967008,301.34345585700584,479
40455000,80909.99995963574,300.6746968266218,479
40460000,80919.9999596014,300.21016721282973,479
40465000,80929.99995956705,301.2211216183998,479
40470000,80939.99995953271,301.12578360342263,479
40475000,80949.99995949837,301.041301563713,479
40480000,80959.99995946402,300.5641029604539,479
40485000,80969.99995942968,300.31264673495855,479
40490000,80979.99995939534,300.7582723592317,479
40495000,80989.999959361,302.48152024590246,479
40500000,80999.99995932665,301.1455277702535,479
40505000,81009.99995929231,299.4801636783903,479
40510000,81019.99995925797,300.4341407962525,479
40515000,81029.99995922363,300.97976963057715,479
40520000,81039.99995918928,300.8889420411694,479
40525000,81049.99995915494,300.38808581360007,479
40530000,81059.9999591206,300.67825652523294,479
40535000,81069.99995908626,302.83309023109564,479
40540000,81079.99995905191,298.882134311715,479
40545000,81089.99995901757,297.58624924774705,479
40550000,81099.99995898323,299.09321780637816,479
40555000,81109.99995894889,301.8360871908897,479
40560000,81119.99995891454,297.30925605395424,479
40565000,81129.9999588802,301.48741360642987,479
40570000,81139.99995884586,299.1277535158852,479
40575000,81149.99995881152,300.33641490891506,479
40580000,81159.99995877717,302.6837155490024,479
40585000,81169.99995874283,302.3203830814419,479
40590000,81179.99995870849,298.5014676596133,479
40595000,81189.99995867415,301.23642168944906,479
40600000,81199.9999586398,299.5514239804013,479
40605000,81209.99995860546,300.12570728304934,479
40610000,81219.99995857112,300.1848734537541,479
40615000,81229.99995853678,302.88931578120855,479
40620000,81239.99995850243,300.88266282125903,479
40625000,81249.99995846809,300.2954452099928,479
40630000,81259.99995843375,300.7185187064188,479
40635000,81269.9999583994,297.91528921502237,479
40640000,81279.99995836506,298.6180975364697,479
40645000,81289.99995833072,299.2725735525505,479
40650000,81299.99995829638,301.698917189749,479
40655000,81309.99995826204,300.41360067196825,479
40660000,81319.9999582277,300.45125388150126,479
40665000,81329.99995819335,299.3070429322698,479
40670000,81339.99995815901,299.68229265170237,479
40675000,81349.99995812467,301.2322208028893,479
40680000,81359.99995809032,300.5901484571243,479
40685000,81369.99995805598,299.36930449307124,479
40690000,81379.99995802164,301.6055469584761,479
40695000,81389.9999579873,299.91942164303606,479
40700000,81399.99995795295,298.031852762091,479
40705000,81409.99995791861,298.85303764480636,479
40710000,81419.99995788427,300.76494955786876,479
40715000,81429.99995784993,297.5573736801311,479
40720000,81439.99995781558,300.1429972477321,479
40725000,81449.99995778124,300.13441859517854,479
40730000,81459.9999577469,300.06941540314864,479
40735000,81469.99995771256,302.2807399782754,479
40740000,81479.99995767821,298.48616758856406,479
40745000,81489.99995764387,303.6969030574279,479
40750000,81499.99995760953,300.8498516862344,479
40755000,81509.99995757519,300.36195187721256,479
40760000,81519.99995754084,300.29515778091235,479
40765000,81529.9999575065,299.6091751156333,479
40770000,81539.99995747216,297.79001435582455,479
40775000,81549.99995743782,302.74891773039565,479
40780000,81559.99995740347,298.7861108889307,479
40785000,81569.99995736913,302.67341232196634,479
40790000,81579.99995733479,302.81049388338994,479
40795000,81589.99995730045,300.475464254043,479
40800000,81599.9999572661,300.1266580100076,479
40805000,81609.99995723176,301.71691467216823,479
40810000,81619.99995719742,299.2922734995229,479
40815000,81629.99995716308,303.85213687077555,479
40820000,81639.99995712873,298.9173554290292,479
40825000,81649.99995709439,299.3010732513691,479
40830000,81659.99995706005,299.7685877056115,479
40835000,81669.9999570257,300.4294313813198,479
40840000,81679.99995699136,302.93329243051045,479
40845000,81689.99995695702,300.5121004068299,479
40850000,81699.99995692268,299.96532185618366,479
40855000,81709.99995688834,301.5488792097779,479
40860000,81719.999956854,300.4073214520579,479
40865000,81729.99995681965,297.91847304483605,479
40870000,81739.99995678531,301.881279886301,479
40875000,81749.99995675097,298.9790863515284,479
40880000,81759.99995671662,300.2218854753385,479
40885000,81769.99995668228,299.44487623128833,479
40890000,81779.99995664794,298.0606619999192,479
40895000,81789.9999566136,300.37891019295637,479
40900000,81799.99995657925,300.96747650990756,479
40905000,81809.99995654491,299.3593550249034,479
40910000,81819.99995651057,301.4692392445766,479
40915000,81829.99995647623,299.946351536877,479
40920000,81839.99995644188,299.5464492463174,479
40925000,81849.99995640754,300.50069168333084,479
40930000,81859.9999563732,300.74841133078087,479
40935000,81869.99995633886,300.5295230310883,479
40940000,81879.99995630451,301.46393286155376,479
40945000,81889.99995627017,300.22767827680514,479
40950000,81899.99995623583,300.93762810540403,479
40955000,81909.99995620149,299.2418407508765,479
40960000,81919.99995616714,299.8581550290514,479
40965000,81929.9999561328,299.7127822441545,479
40970000,81939.99995609846,301.2544191718682,479
40975000,81949.99995606412,300.9303981585354,479
40980000,81959.99995602977,301.8549690704794,479
40985000,81969.99995599543,299.58576070054505,479
40990000,81979.99995596109,299.7714619964155,479
40995000,81989.99995592675,299.2152646159038,479
41000000,81999.9999558924,300.96241333610664,479
41005000,82009.99995585806,301.79918571895166,479
41010000,82019.99995582372,300.6881617735422,479
41015000,82029.99995578938,302.1934720874787,479
41020000,82039.99995575503,301.03464647500516,479
41025000,82049.99995572069,299.46037529170087,479
41030000,82059.99995568635,302.2229225132555,479
41035000,82069.999955652,299.040352965513,479
41040000,82079.99995561766,300.4483574807679,479
41045000,82089.99995558332,303.3591517780235,479
41050000,82099.99995554898,299.35818319865245,479
41055000,82109.99995551464,295.8137625486101,479
41060000,82119.99995548029,302.8379101956747,479
41065000,82129.99995544595,301.22001612193674,479
41070000,82139.99995541161,303.20411695403914,479
41075000,82149.99995537726,301.7487529703053,479
41080000,82159.99995534292,299.1248350052226,479
41085000,82169.99995530858,297.2915238906862,479
41090000,82179.99995527424,299.9909472641982,479
41095000,82189.9999552399,300.61186040765955,479
41100000,82199.99995520555,300.96309874391375,479
41105000,82209.99995517121,299.2001414242886,479
41110000,82219.99995513687,300.9588536374954,479
41115000,82229.99995510252,299.6043109311957,479
41120000,82239.99995506818,298.5925605681722,479
41125000,82249.99995503384,301.3919429318771,479
41130000,82259.9999549995,301.4742803084484,479
41135000,82269.99995496515,302.1305914486579,479
41140000,82279.99995493081,300.9373627862529,479
41145000,82289.99995489647,299.3757605924157,479
41150000,82299.99995486213,303.6555574897082,479
41155000,82309.99995482778,301.8327264816419,479
41160000,82319.99995479344,300.60469679057866,479
41165000,82329.9999547591,301.72564809422664,479
41170000,82339.99995472476,300.99232807039795,479
41175000,82349.99995469041,299.76860981554074,479
41180000,82359.99995465607,297.7510787703944,479
41185000,82369.99995462173,300.8862446297995,479
41190000,82379.99995458739,303.5115334104963,479
41195000,82389.99995455304,299.89395100452634,479
41200000,82399.9999545187,301.6207806997375,479
41205000,82409.99995448436,298.9810320253034,479
41210000,82419.99995445002,300.69141193314374,479
41215000,82429.99995441567,302.62490313716575,479
41220000,82439.99995438133,301.26859163652506,479
41225000,82449.99995434699,299.58600390976693,479
41230000,82459.99995431265,298.3000462040375,479
41235000,82469.9999542783,298.2290733311069,479
41240000,82479.99995424396,303.3354499338547,479
41245000,82489.99995420962,299.49968674592856,479
41250000,82499.99995417528,300.6688155854381,479
41255000,82509.99995414093,300.3816076043263,479
41260000,82519.99995410659,298.2703746789681,479
41265000,82529.99995407225,298.45959145359126,479
41270000,82539.9999540379,297.17871903159215,479
41275000,82549.99995400356,300.0581835590836,479
41280000,82559.99995396922,299.007342841125,479
41285000,82569.99995393488,298.8401917759052,479
41290000,82579.99995390054,299.93821508290864,479
41295000,82589.9999538662,298.2776709556245,479
41300000,82599.99995383185,299.0268880185925,479
41305000,82609.99995379751,301.99499125249486,479
41310000,82619.99995376317,300.6267182801235,479
41315000,82629.99995372882,300.7745452671684,479
41320000,82639.99995369448,299.5834391579725,479
41325000,82649.99995366014,301.1428524688128,479
41330000,82659.9999536258,302.3294923722978,479
41335000,82669.99995359145,297.39738623199213,479
41340000,82679.99995355711,302.34395226603505,479
41345000,82689.99995352277,299.4761396712646,479
41350000,82699.99995348843,302.34209503197707,479
41355000,82709.99995345408,298.2128225330994,479
41360000,82719.99995341974,301.7177106296216,479
41365000,82729.9999533854,299.3241560175185,479
41370000,82739.99995335106,301.4258374534355,479
41375000,82749.99995331671,302.74312492892903,479
41380000,82759.99995328237,299.12976551944803,479
41385000,82769.99995324803,299.88316135904654,479
41390000,82779.99995321369,300.85526861890355,479
41395000,82789.99995317934,297.19039307424237,479
41400000,82799.999953145,303.33810312536616,479
41405000,82809.99995311066,298.1087068762053,479
41410000,82819.99995307632,299.04630053648447,479
41415000,82829.99995304197,301.6777800973747,479
41420000,82839.99995300763,301.3713364778051,479
41425000,82849.99995297329,301.41027206323525,479
41430000,82859.99995293895,298.3826488997599,479
41435000,82869.9999529046,300.9595832651611,479
41440000,82879.99995287026,298.87693847833845,479
41445000,82889.99995283592,298.6048979087003,479
41450000,82899.99995280158,301.62882871398887,479
41455000,82909.99995276723,301.9288604540726,479
41460000,82919.99995273289,300.39230881008905,479
41465000,82929.99995269855,299.3144497585725,479
41470000,82939.9999526642,299.23848004162875,479
41475000,82949.99995262986,300.8185440263996,479
41480000,82959.99995259552,301.15751135191346,479
41485000,82969.99995256118,302.24414804534695,479
41490000,82979.99995252684,299.7399332372881,479
41495000,82989.9999524925,300.6665161527949,479
41500000,82999.99995245815,299.3534295638612,479
41505000,83009.99995242381,300.35635806510925,479
41510000,83019.99995238947,298.2573298207036,479
41515000,83029.99995235512,299.8628644439841,479
41520000,83039.99995232078,298.6230943804828,479
41525000,83049.99995228644,300.51046427206455,479
41530000,83059.9999522521,298.4507474818865,479
41535000,83069.99995221775,301.0057487974599,479
41540000,83079.99995218341,300.14699914492854,479
41545000,83089.99995214907,300.00113994158795,479
41550000,83099.99995211473,303.35176706165004,479
41555000,83109.99995208038,298.14987556449086,479
41560000,83119.99995204604,301.60864234857274,479
41565000,83129.9999520117,303.5126389069594,479
41570000,83139.99995197736,301.1721260151555,479
41575000,83149.99995194301,302.6818583149443,479
41580000,83159.99995190867,300.97618782203676,479
41585000,83169.99995187433,299.65604816566855,479
41590000,83179.99995183999,301.68879084214706,479
41595000,83189.99995180564,298.30667918281614,479
41600000,83199.9999517713,299.28645858812695,479
41605000,83209.99995173696,301.87637148200486,479
41610000,83219.99995170262,299.21289885347267,479
41615000,83229.99995166827,299.74700841465193,479
41620000,83239.99995163393,299.8128960038523,479
41625000,83249.99995159959,301.36171865857614,479
41630000,83259.99995156525,301.19060991601845,479
41635000,83269.9999515309,299.07990762896253,479
41640000,83279.99995149656,301.623522330966,479
41645000,83289.99995146222,300.80779860077826,479
41650000,83299.99995142788,298.285984289027,479
41655000,83309.99995139353,299.69160093192164,479
41660000,83319.99995135919,299.0723681430842,479
41665000,83329.99995132485,299.6482212507098,479
41670000,83339.9999512905,302.40842481976273,479
41675000,83349.99995125616,301.32295995258005,479
41680000,83359.99995122182,303.2524050395471,479
41685000,83369.99995118748,299.00013500418567,479
41690000,83379.99995115314,299.6105901511061,479
41695000,83389.99995111879,301.0547886205627,479
41700000,83399.99995108445,299.7802396383325,479
41705000,83409.99995105011,300.8254644342585,479
41710000,83419.99995101576,297.94476175072845,479
41715000,83429.99995098142,298.6291303911713,479
41720000,83439.99995094708,301.4583611593798,479
41725000,83449.99995091274,299.80440579101577,479
41730000,83459.9999508784,302.8218804969598,479
41735000,83469.99995084405,299.3418881807865,479
41740000,83479.99995080971,299.4215944757756,479
41745000,83489.99995077537,301.05905583691026,479
41750000,83499.99995074102,301.5995109477876,479
41755000,83509.99995070668,301.4173251306698,479
41760000,83519.99995067234,301.4172809108112,479
41765000,83529.999950638,299.1607857502024,479
41770000,83539.99995060365,301.6935223670091,479
41775000,83549.99995056931,302.08626104048784,479
41780000,83559.99995053497,298.75102243119204,479
41785000,83569.99995050063,297.2303236064894,479
41790000,83579.99995046628,300.8628965444989,479
41795000,83589.99995043194,300.67796909615254,479
41800000,83599.9999503976,300.0306345872233,479
41805000,83609.99995036326,299.97067245906504,479
41810000,83619.99995032891,300.495982268398,479
41815000,83629.99995029457,300.5312697155,479
41820000,83639.99995026023,301.4279157867862,479
41825000,83649.99995022589,301.642514760202,479
41830000,83659.99995019154,298.7387072005932,479
41835000,83669.9999501572,299.01707121000027,479
41840000,83679.99995012286,301.005925676894,479
41845000,83689.99995008852,300.54900187876797,479
41850000,83699.99995005417,298.86928844281385,479
41855000,83709.99995001983,302.49474198360105,479
41860000,83719.99994998549,298.50558010645597,479
41865000,83729.99994995115,300.3708842886343,479
41870000,83739.9999499168,299.23337264796925,479
41875000,83749.99994988246,302.36077792220334,479
41880000,83759.99994984812,302.1230740727089,479
41885000,83769.99994981378,299.61992054125466,479
41890000,83779.99994977943,302.00412265328,479
41895000,83789.99994974509,305.25083310581124,479
41900000,83799.99994971075,300.33495565358373,479
41905000,83809.9999496764,298.01365629030846,479
41910000,83819.99994964206,299.16379270058206,479
41915000,83829.99994960772,302.1454714310512,479
41920000,83839.99994957338,301.0168922018079,479
41925000,83849.99994953904,300.3928394483913,479
41930000,83859.9999495047,301.91031022342185,479
41935000,83869.99994947035,300.02875524323605,479
41940000,83879.99994943601,298.4759306913158,479
41945000,83889.99994940167,299.98307612938095,479
41950000,83899.99994936732,300.35509779914133,479
41955000,83909.99994933298,299.3818408229627,479
41960000,83919.99994929864,300.0411810234812,479
41965000,83929.9999492643,301.76471633923234,479
41970000,83939.99994922995,299.23224504157685,479
41975000,83949.99994919561,299.06354628130873,479
41980000,83959.99994916127,298.45046005280614,479
41985000,83969.99994912693,300.87331032118124,479
41990000,83979.99994909258,301.1979504125334,479
41995000,83989.99994905824,301.82918889296,479
42000000,83999.9999490239,302.39922708918976,479
42005000,84009.99994898956,298.03689382596264,479
42010000,84019.99994895521,301.1471417950896,479
42015000,84029.99994892087,299.6008617822309,479
42020000,84039.99994888653,302.42679817097934,479
42025000,84049.99994885219,301.42922027261267,479
42030000,84059.99994881784,298.9491273973785,479
42035000,84069.9999487835,300.7293304618279,479
42040000,84079.99994874916,298.30497671826294,479
42045000,84089.99994871482,299.75005958489004,479
42050000,84099.99994868047,299.11439911861106,479
42055000,84109.99994864613,298.28142964359904,479
42060000,84119.99994861179,302.5321519839122,479
42065000,84129.99994857745,300.36400810063384,479
42070000,84139.9999485431,299.6913356127705,479
42075000,84149.99994850876,301.8975970140962,479
42080000,84159.99994847442,301.5846530753236,479
42085000,84169.99994844008,302.45529786979785,479
42090000,84179.99994840573,302.9134598239625,479
42095000,84189.99994837139,300.067845598171,479
42100000,84199.99994833705,301.324308658265,479
42105000,84209.9999483027,300.9475775735719,479
42110000,84219.99994826836,299.9102018025338,479
42115000,84229.99994823402,297.9938900135483,479
42120000,84239.99994819968,298.76254170433754,479
42125000,84249.99994816534,297.07727867613863,479
42130000,84259.999948131,299.48801270327823,479
42135000,84269.99994809665,302.52832696614985,479
42140000,84279.99994806231,299.1317775230109,479
42145000,84289.99994802797,300.9110077505727,479
42150000,84299.99994799362,300.264646078531,479
42155000,84309.99994795928,301.15638374552105,479
42160000,84319.99994792494,299.4401447064263,479
42165000,84329.9999478906,300.97114675816505,479
42170000,84339.99994785625,301.0429598084076,479
42175000,84349.99994782191,300.9623912261774,479
42180000,84359.99994778757,299.8284613940527,479
42185000,84369.99994775323,302.45339641588134,479
42190000,84379.99994771888,300.00556192744034,479
42195000,84389.99994768454,299.6381391229664,479
42200000,84399.9999476502,299.90352460389676,479
42205000,84409.99994761586,300.24992086564254,479
42210000,84419.99994758151,300.94174055224676,479
42215000,84429.99994754717,300.53062852755136,479
42220000,84439.99994751283,301.4930295284624,479
42225000,84449.99994747849,300.434936753706,479
42230000,84459.99994744414,298.6509971112113,479
42235000,84469.9999474098,301.3379062647611,479
42240000,84479.99994737546,298.04816988988625,479
42245000,84489.99994734112,298.4422130491914,479
42250000,84499.99994730677,299.66444993878804,479
42255000,84509.99994727243,300.730015869635,479
42260000,84519.99994723809,299.29326844633965,479
42265000,84529.99994720375,301.14068569574516,479
42270000,84539.9999471694,300.94978856649806,479
42275000,84549.99994713506,301.1601866533541,479
42280000,84559.99994710072,296.5653895938676,479
42285000,84569.99994706638,303.08930009138226,479
42290000,84579.99994703203,302.22601790335216,479
42295000,84589.99994699769,299.61642717243126,479
42300000,84599.99994696335,298.2348882425028,479
42305000,84609.999946929,298.7771784775089,479
42310000,84619.99994689466,300.81801338809726,479
42315000,84629.99994686032,297.151435378883,479
42320000,84639.99994682598,301.78311180037826,479
42325000,84649.99994679164,302.7582039006856,479
42330000,84659.99994675729,299.8778549760237,479
42335000,84669.99994672295,299.23682179693407,479
42340000,84679.99994668861,299.8710672277403,479
42345000,84689.99994665426,302.33705396810535,479
42350000,84699.99994661992,300.2439954046004,479
42355000,84709.99994658558,300.2250029753644,479
42360000,84719.99994655124,302.46681714294334,479
42365000,84729.9999465169,300.81553707601995,479
42370000,84739.99994648255,299.3980916209702,479
42375000,84749.99994644821,301.25735979246,479
42380000,84759.99994641387,300.671336117374,479
42385000,84769.99994637952,302.33716451775166,479
42390000,84779.99994634518,299.3624283050708,479
42395000,84789.99994631084,300.9943179640315,479
42400000,84799.9999462765,301.696551427318,479
42405000,84809.99994624215,299.38595326980544,479
42410000,84819.99994620781,299.8337677770755,479
42415000,84829.99994617347,300.52207198492704,479
42420000,84839.99994613913,299.6601163926527,479
42425000,84849.99994610478,301.31900227524216,479
42430000,84859.99994607044,301.63022163953235,479
42435000,84869.9999460361,298.0026676554653,479
42440000,84879.99994600176,299.10803145898365,479
42445000,84889.99994596741,300.0662979031227,479
42450000,84899.99994593307,302.4387817526393,479
42455000,84909.99994589873,302.05723070336705,479
42460000,84919.99994586439,298.3606274102151,479
42465000,84929.99994583004,299.4079305394917,479
42470000,84939.9999457957,303.93692844949487,479
42475000,84949.99994576136,297.0732104491545,479
42480000,84959.99994572702,300.48302584985055,479
42485000,84969.99994569267,301.2574703421064,479
42490000,84979.99994565833,298.6073078909899,479
42495000,84989.99994562399,299.8614272985821,479
42500000,84999.99994558965,301.10075516349815,479
42505000,85009.9999455553,301.6856954520504,479
42510000,85019.99994552096,300.4571793425434,479
42515000,85029.99994548662,299.77997431918135,479
42520000,85039.99994545228,300.1607515209294,479
42525000,85049.99994541793,301.4258153435063,479
42530000,85059.99994538359,299.0849044729757,479
42535000,85069.99994534925,301.38250199208227,479
42540000,85079.9999453149,300.44103909418226,479
42545000,85089.99994528056,298.72460106572413,479
42550000,85099.99994524622,302.63087281806645,479
42555000,85109.99994521188,301.55476045096157,479
42560000,85119.99994517754,299.04448752228495,479
42565000,85129.9999451432,299.8475643729349,479
42570000,85139.99994510885,300.697845922559,479
42575000,85149.99994507451,303.15737656357953,479
42580000,85159.99994504017,298.6339724656797,479
42585000,85169.99994500582,298.7796547895862,479
42590000,85179.99994497148,297.7998532743461,479
42595000,85189.99994493714,299.6626811444471,479
42600000,85199.9999449028,299.2504194034301,479
42605000,85209.99994486845,298.12144219546013,479
42610000,85219.99994483411,299.99565667913095,479
42615000,85229.99994479977,301.26779567907164,479
42620000,85239.99994476543,299.0097528234146,479
42625000,85249.99994473108,299.13920645924287,479
42630000,85259.99994469674,297.3933401149372,479
42635000,85269.9999446624,300.39498411152977,479
42640000,85279.99994462806,302.1102945335955,479
42645000,85289.99994459371,302.6197073037892,479
42650000,85299.99994455937,299.4305268871974,479
42655000,85309.99994452503,300.8718289559207,479
42660000,85319.99994449069,299.890457635703,479
42665000,85329.99994445634,300.06121261939245,479
42670000,85339.999944422,301.132062823333,479
42675000,85349.99994438766,300.1812474253552,479
42680000,85359.99994435332,300.0600850130001,479
42685000,85369.99994431897,301.3627357153222,479
42690000,85379.99994428463,299.83555868134573,479
42695000,85389.99994425029,299.0636347210258,479
42700000,85399.99994421595,301.09699647552367,479
42705000,85409.9999441816,300.8846969347511,479
42710000,85419.99994414726,300.10801933963984,479
42715000,85429.99994411292,299.03206174203984,479
42720000,85439.99994407858,300.6971605147519,479
42725000,85449.99994404423,301.6879064449766,479
42730000,85459.99994400989,302.470332621696,479
42735000,85469.99994397555,300.9911341342178,479
42740000,85479.9999439412,301.8049785204183,479
42745000,85489.99994390686,297.36669765017666,479
42750000,85499.99994387252,299.62911827182756,479
42755000,85509.99994383818,299.08311356870547,479
42760000,85519.99994380384,299.9079686996784,479
42765000,85529.9999437695,300.0294848709016,479
42770000,85539.99994373515,301.57519002559957,479
42775000,85549.99994370081,298.19727925282837,479
42780000,85559.99994366647,301.93407839737836,479
42785000,85569.99994363212,297.0196602004822,479
42790000,85579.99994359778,300.823142891686,479
42795000,85589.99994356344,299.58761793460303,479
42800000,85599.9999435291,299.70433625117647,479
42805000,85609.99994349475,298.8397937971785,479
42810000,85619.99994346041,299.648486569861,479
42815000,85629.99994342607,298.6212592563541,479
42820000,85639.99994339173,302.51464091993677,479
42825000,85649.99994335738,300.5800221095224,479
42830000,85659.99994332304,299.9649459873862,479
42835000,85669.9999432887,299.36116803910284,479
42840000,85679.99994325436,298.6595094339772,479
42845000,85689.99994322001,299.7161429534023,479
42850000,85699.99994318567,298.2045313096262,479
42855000,85709.99994315133,298.54533375926883,479
42860000,85719.99994311699,300.5799336698054,479
42865000,85729.99994308264,300.3838185972525,479
42870000,85739.9999430483,302.745910780016,479
42875000,85749.99994301396,297.7183339651575,479
42880000,85759.99994297962,299.04269661801476,479
42885000,85769.99994294527,298.41864386459827,479
42890000,85779.99994291093,296.8013909788089,479
42895000,85789.99994287659,298.3508106016228,479
42900000,85799.99994284225,298.6244651960971,479
42905000,85809.9999428079,298.12139797560155,479
42910000,85819.99994277356,298.6543799303884,479
42915000,85829.99994273922,298.22960396940925,479
42920000,85839.99994270488,300.19002506727213,479
42925000,85849.99994267053,299.61227050573,479
42930000,85859.99994263619,300.2498324259255,479
42935000,85869.99994260185,302.01192745830946,479
42940000,85879.9999425675,301.8587277584539,479
42945000,85889.99994253316,298.54922510681894,479
42950000,85899.99994249882,301.24217027105715,479
42955000,85909.99994246448,298.0991996066226,479
42960000,85919.99994243013,301.7640530413545,479
42965000,85929.99994239579,298.8879713330401,479
42970000,85939.99994236145,298.45574432589973,479
42975000,85949.99994232711,299.44595961782215,479
42980000,85959.99994229276,301.83009540005975,479
42985000,85969.99994225842,300.1153156162963,479
42990000,85979.99994222408,300.0351892326512,479
42995000,85989.99994218974,299.2671787298106,479
43000000,85999.9999421554,300.66543276626106,479
43005000,86009.99994212105,300.5949242018449,479
43010000,86019.99994208671,302.8227206742718,479
43015000,86029.99994205237,299.99620942736254,479
43020000,86039.99994201802,298.3732742897529,479
43025000,86049.99994198368,300.71988952203304,479
43030000,86059.99994194934,299.557393661302,479
43035000,86069.999941915,302.82714266012414,479
43040000,86079.99994188065,299.66387508062724,479
43045000,86089.99994184631,300.8434840266069,479
43050000,86099.99994181197,300.81270700507446,479
43055000,86109.99994177763,298.02115155632816,479
43060000,86119.99994174328,300.615110567261,479
43065000,86129.99994170894,299.12280089173055,479
43070000,86139.9999416746,300.7285566143037,479
43075000,86149.99994164026,302.1597323354251,479
43080000,86159.99994160591,299.4385749014487,479
43085000,86169.99994157157,300.5038755131445,479
43090000,86179.99994153723,301.5604205928526,479
43095000,86189.99994150289,301.15501292990683,479
43100000,86199.99994146854,297.48752841359277,479
43105000,86209.9999414342,302.04243916069083,479
43110000,86219.99994139986,299.4299962488951,479
43115000,86229.99994136552,300.37035365033205,479
43120000,86239.99994133117,300.0940679742756,479
43125000,86249.99994129683,300.5835375882751,479
43130000,86259.99994126249,301.99868361068155,479
43135000,86269.99994122815,300.6097820743089,479
43140000,86279.9999411938,299.2688590844345,479
43145000,86289.99994115946,301.2430767781569,479
43150000,86299.99994112512,298.34824584982846,479
43155000,86309.99994109078,299.25479716942397,479
43160000,86319.99994105643,300.2801230290143,479
43165000,86329.99994102209,297.102041796912,479
43170000,86339.99994098775,300.2989164688869,479
43175000,86349.9999409534,300.91644679317113,479
43180000,86359.99994091906,300.03030293828436,479
43185000,86369.99994088472,301.74110293478066,479
43190000,86379.99994085038,300.0541153320994,479
43195000,86389.99994081604,300.5404011162852,479
43200000,86399.9999407817,300.4414812927675,479
43205000,86409.99994074735,299.9283540544578,479
43210000,86419.99994071301,300.0292195517505,479
43215000,86429.99994067867,301.5352152734941,479
43220000,86439.99994064432,302.0912357745718,479
43225000,86449.99994060998,296.9969754130595,479
43230000,86459.99994057564,300.3533953345882,479
43235000,86469.9999405413,300.38947873914356,479
43240000,86479.99994050695,298.82909259141576,479
43245000,86489.99994047261,301.2721734450655,479
43250000,86499.99994043827,301.6130864443544,479
43255000,86509.99994040393,303.2162995250625,479
43260000,86519.99994036958,300.31304471368526,479
43265000,86529.99994033524,297.13830208090144,479
43270000,86539.9999403009,300.67933991176676,479
43275000,86549.99994026656,300.43931451969985,479
43280000,86559.99994023221,301.3306320980339,479
43285000,86569.99994019787,299.34995830496706,479
43290000,86579.99994016353,300.2996682064818,479
43295000,86589.99994012919,300.227412957654,479
43300000,86599.99994009484,300.8425554095779,479
43305000,86609.9999400605,301.6457428098742,479
43310000,86619.99994002616,303.5228315843491,479
43315000,86629.99993999182,300.9734461908083,479
43320000,86639.99993995747,300.8628965444989,479
43325000,86649.99993992313,300.0720907045893,479
43330000,86659.99993988879,299.1602993317587,479
43335000,86669.99993985445,300.25597898626035,479
43340000,86679.9999398201,302.34594215966865,479
43345000,86689.99993978576,300.1166201021227,479
43350000,86699.99993975142,300.157678240762,479
43355000,86709.99993971708,301.51133654989127,479
43360000,86719.99993968273,301.22815257590514,479
43365000,86729.99993964839,298.1787953519654,479
43370000,86739.99993961405,297.54191883957697,479
43375000,86749.9999395797,299.19257982848103,479
43380000,86759.99993954536,299.3779494754126,479
43385000,86769.99993951102,302.2494986482283,479
43390000,86779.99993947668,300.40464615061717,479
43395000,86789.99993944234,302.84076237654943,479
43400000,86799.999939408,302.4450830824789,479
43405000,86809.99993937365,299.852472777231,479
43410000,86819.99993933931,301.0885725924749,479
43415000,86829.99993930497,301.6331622601242,479
43420000,86839.99993927062,301.42470984704323,479
43425000,86849.99993923628,300.09939646722773,479
43430000,86859.99993920194,301.9162577943933,479
43435000,86869.9999391676,299.7319294428953,479
43440000,86879.99993913325,301.9817916247255,479
43445000,86889.99993909891,300.0529656157778,479
43450000,86899.99993906457,300.5336796977895,479
43455000,86909.99993903023,300.2846113446544,479
43460000,86919.99993899588,302.1009199235885,479
43465000,86929.99993896154,299.60820227874586,479
43470000,86939.9999389272,301.0866048087706,479
43475000,86949.99993889286,301.8818989643203,479
43480000,86959.99993885851,301.13325675951313,479
43485000,86969.99993882417,298.7756750023191,479
43490000,86979.99993878983,298.2211579764312,479
43495000,86989.99993875549,300.7566362244663,479
43500000,86999.99993872114,300.1248671057374,479
43505000,87009.9999386868,301.7766114811752,479
43510000,87019.99993865246,301.37458663740654,479
43515000,87029.99993861812,299.3214586061485,479
43520000,87039.99993858377,301.15901482710325,479
43525000,87049.99993854943,302.4416781533726,479
43530000,87059.99993851509,301.3880958041855,479
43535000,87069.99993848075,300.6915003728608,479
43540000,87079.9999384464,300.19062203536225,479
43545000,87089.99993841206,300.63231209222675,479
43550000,87099.99993837772,300.71316810353744,479
43555000,87109.99993834338,300.56109601007427,479
43560000,87119.99993830903,301.07002236182416,479
43565000,87129.99993827469,300.3051514689388,479
43570000,87139.99993824035,299.17184071483337,479
43575000,87149.999938206,301.80323183600655,479
43580000,87159.99993817166,299.57941515084684,479
43585000,87169.99993813732,299.8614936283699,479
43590000,87179.99993810298,298.92502757448307,479
43595000,87189.99993806863,300.6030606558133,479
43600000,87199.99993803429,300.02913111203344,479
43605000,87209.99993799995,301.6367882885231,479
43610000,87219.99993796561,301.4490528791605,479
43615000,87229.99993793126,298.3393355483359,479
43620000,87239.99993789692,298.9810983550912,479
43625000,87249.99993786258,300.63777324475444,479
43630000,87259.99993782824,300.82442526758325,479
43635000,87269.9999377939,302.5377679059447,479
43640000,87279.99993775955,296.0716969833791,479
43645000,87289.99993772521,298.68765537392756,479
43650000,87299.99993769087,300.51758366928686,479
43655000,87309.99993765652,300.05614944559153,479
43660000,87319.99993762218,299.91904577423855,479
43665000,87329.99993758784,302.24151696376475,479
43670000,87339.9999375535,302.7472815956302,479
43675000,87349.99993751915,304.2265464128962,479
43680000,87359.99993748481,300.3723435439656,479
43685000,87369.99993745047,301.79261906996084,479
43690000,87379.99993741613,301.290281477131,479
43695000,87389.99993738178,303.2533778764346,479
43700000,87399.99993734744,299.5423367994747,479
43705000,87409.9999373131,300.625745443236,479
43710000,87419.99993727876,300.6106222516209,479
43715000,87429.99993724441,299.6578169600095,479
43720000,87439.99993721007,302.2159799954673,479
43725000,87449.99993717573,302.0026633979487,479
43730000,87459.99993714139,299.1088716362956,479
43735000,87469.99993710704,298.3990544672722,479
43740000,87479.9999370727,300.20114636169086,479
43745000,87489.99993703836,300.2826877808087,479
43750000,87499.99993700402,297.98471439290466,479
43755000,87509.99993696967,301.63510793389923,479
43760000,87519.99993693533,301.2135600225923,479
43765000,87529.99993690099,300.45328799499333,479
43770000,87539.99993686665,300.00786136008355,479
43775000,87549.9999368323,302.6902821979931,479
43780000,87559.99993679796,300.11266242478484,479
43785000,87569.99993676362,299.79244431928504,479
43790000,87579.99993672928,299.5298004695832,479
43795000,87589.99993669493,300.4807485271366,479
43800000,87599.99993666059,300.9255118641685,479
43805000,87609.99993662625,299.8501512346586,479
43810000,87619.9999365919,299.9850439130853,479
43815000,87629.99993655756,300.9447696125556,479
43820000,87639.99993652322,299.87086823837694,479
43825000,87649.99993648888,300.97415370854463,479
43830000,87659.99993645454,298.03178643230314,479
43835000,87669.9999364202,297.801025100597,479
43840000,87679.99993638585,302.3163148544577,479
43845000,87689.99993635151,300.97470645677623,479
43850000,87699.99993631717,299.8701386107113,479
43855000,87709.99993628282,301.9158598156666,479
43860000,87719.99993624848,297.79249066790186,479
43865000,87729.99993621414,298.09137269166393,479
43870000,87739.9999361798,300.05957648462703,479
43875000,87749.99993614545,303.12399057039414,479
43880000,87759.99993611111,298.9498791349734,479
43885000,87769.99993607677,298.71947156213537,479
43890000,87779.99993604243,300.9712794177406,479
43895000,87789.99993600808,298.0399007763423,479
43900000,87799.99993597374,298.3085143069448,479
43905000,87809.9999359394,299.7976401526616,479
43910000,87819.99993590506,300.51753944942834,479
43915000,87829.99993587071,300.1263484709979,479
43920000,87839.99993583637,300.5140018607465,479
43925000,87849.99993580203,299.55518266837583,479
43930000,87859.99993576769,299.4406311248701,479
43935000,87869.99993573334,300.90764704132494,479
43940000,87879.999935699,298.3001346437546,479
43945000,87889.99993566466,300.05959859455635,479
43950000,87899.99993563032,300.46951668307156,479
43955000,87909.99993559597,299.27887488239014,479
43960000,87919.99993556163,298.0615242871604,479
43965000,87929.99993552729,302.66038957363105,479
43970000,87939.99993549295,301.2070597033893,479
43975000,87949.9999354586,299.32842323386603,479
43980000,87959.99993542426,299.5832622785384,479
43985000,87969.99993538992,298.7416699311143,479
43990000,87979.99993535558,300.5484049106779,479
43995000,87989.99993532123,299.43331273828437,479
44000000,87999.99993528689,299.55697357264603,479
44005000,88009.99993525255,299.57094704793957,479
44010000,88019.9999352182,299.22791149544156,479
44015000,88029.99993518386,301.1119870075632,479
44020000,88039.99993514952,301.4045898114149,479
44025000,88049.99993511518,302.2910210953821,479
44030000,88059.99993508084,301.5726031638759,479
44035000,88069.9999350465,301.6161597245218,479
44040000,88079.99993501215,301.1410836744718,479
44045000,88089.99993497781,297.101290059317,479
44050000,88099.99993494347,301.8273537688313,479
44055000,88109.99993490912,299.5890771899343,479
44060000,88119.99993487478,300.8505813139,479
44065000,88129.99993484044,300.26177178772696,479
44070000,88139.9999348061,300.17134217704586,479
44075000,88149.99993477175,299.6612439990451,479
44080000,88159.99993473741,300.6845357451433,479
44085000,88169.99993470307,301.80561970836686,479
44090000,88179.99993466873,300.66554331590737,479
44095000,88189.99993463438,298.78699528610116,479
44100000,88199.99993460004,300.55105810218936,479
44105000,88209.9999345657,299.702943325633,479
44110000,88219.99993453136,300.8745263672906,479
44115000,88229.99993449701,299.81959531241864,479
44120000,88239.99993446267,301.44553740040794,479
44125000,88249.99993442833,300.74197734136567,479
44130000,88259.99993439399,301.5697067631426,479
44135000,88269.99993435964,300.5961181380251,479
44140000,88279.9999343253,299.52259263264386,479
44145000,88289.99993429096,298.28231404076956,479
44150000,88299.99993425662,297.6083149571504,479
44155000,88309.99993422227,300.8277417569725,479
44160000,88319.99993418793,300.0252839843419,479
44165000,88329.99993415359,300.5877826946933,479
44170000,88339.99993411925,298.774657945573,479
44175000,88349.9999340849,301.83825396395736,479
44180000,88359.99993405056,299.2066417434916,479
44185000,88369.99993401622,302.1080835406693,479
44190000,88379.99993398188,298.59826492992175,479
44195000,88389.99993394753,296.78763860280804,479
44200000,88399.99993391319,301.09544878047535,479
44205000,88409.99993387885,298.13961655731333,479
44210000,88419.9999338445,298.5081890781089,479
44215000,88429.99993381016,300.380988526307,479
44220000,88439.99993377582,299.04017608607893,479
44225000,88449.99993374148,299.4938497246034,479
44230000,88459.99993370713,303.09350097794197,479
44235000,88469.99993367279,302.71769851027784,479
44240000,88479.99993363845,297.55383609144917,479
44245000,88489.99993360411,299.22225135355046,479
44250000,88499.99993356976,301.845572350543,479
44255000,88509.99993353542,296.9246317245146,479
44260000,88519.99993350108,300.18602317007577,479
44265000,88529.99993346674,299.4035527734979,479
44270000,88539.9999334324,299.8404891955711,479
44275000,88549.99993339805,297.41436665766525,479
44280000,88559.99993336371,300.6166361523801,479
44285000,88569.99993332937,299.5902932360437,479
44290000,88579.99993329502,299.6409249740534,479
44295000,88589.99993326068,302.83483691550725,479
44300000,88599.99993322634,301.62710413950646,479
44305000,88609.999933192,300.69448521331117,479
44310000,88619.99993315765,299.1897276476063,479
44315000,88629.99993312331,299.8545953304402,479
44320000,88639.99993308897,299.4273651673129,479
44325000,88649.99993305463,301.7603606831678,479
44330000,88659.99993302028,297.9053618567837,479
44335000,88669.99993298594,303.3402698984338,479
44340000,88679.9999329516,299.54054589520445,479
44345000,88689.99993291726,300.2255336136667,479
44350000,88699.99993288291,299.58830334241014,479
44355000,88709.99993284857,300.4935722861085,479
44360000,88719.99993281423,301.01350938263084,479
44365000,88729.99993277989,302.61720888178263,479
44370000,88739.99993274554,300.9894537795939,479
44375000,88749.9999327112,299.345049900671,479
44380000,88759.99993267686,301.3971608751829,479
44385000,88769.99993264252,301.32088161922945,479
44390000,88779.99993260817,298.3692060627687,479
44395000,88789.99993257383,300.3342702457766,479
44400000,88799.99993253949,302.0832762000375,479
44405000,88809.99993250515,301.27805468624916,479
44410000,88819.9999324708,300.22712552857354,479
44415000,88829.99993243646,300.9997570066299,479
44420000,88839.99993240212,299.52847387382747,479
44425000,88849.99993236778,295.99689909268625,479
44430000,88859.99993233343,298.76267436391305,479
44435000,88869.99993229909,297.9820612013932,479
44440000,88879.99993226475,300.0231614311328,479
44445000,88889.9999322304,301.84842453141783,479
44450000,88899.99993219606,303.019543264561,479
44455000,88909.99993216172,301.23412225680585,479
44460000,88919.99993212738,301.8468768363695,479
44465000,88929.99993209304,301.8672179712905,479
44470000,88939.9999320587,298.10039354280275,479
44475000,88949.99993202435,302.0932698880639,479
44480000,88959.99993199001,300.21728661005204,479
44485000,88969.99993195567,299.299459226533,479
44490000,88979.99993192132,297.9874560241331,479
44495000,88989.99993188698,298.98441484448045,479
44500000,88999.99993185264,301.4925431100187,479
44505000,89009.9999318183,302.4278373376546,479
44510000,89019.99993178395,300.920824559165,479
44515000,89029.99993174961,297.26273676278726,479
44520000,89039.99993171527,299.6831549389436,479
44525000,89049.99993168093,301.8388288221182,479
44530000,89059.99993164658,301.56846860710397,479
44535000,89069.99993161224,299.25072894243976,479
44540000,89079.9999315779,300.1308367866381,479
44545000,89089.99993154356,300.6013803011894,479
44550000,89099.99993150921,302.9756550549762,479
44555000,89109.99993147487,301.1862763698831,479
44560000,89119.99993144053,300.1747471061522,479
44565000,89129.99993140619,300.23661068822696,479
44570000,89139.99993137184,299.74599135790584,479
44575000,89149.9999313375,301.3118607680906,479
44580000,89159.99993130316,302.1728656334066,479
44585000,89169.99993126882,298.06351418079396,479
44590000,89179.99993123447,299.4352805219887,479
44595000,89189.99993120013,300.5063518252218,479
44600000,89199.99993116579,301.97555662467363,479
44605000,89209.99993113145,300.9989831591057,479
44610000,89219.9999310971,301.5964597775495,479
44615000,89229.99993106276,298.6262118805088,479
44620000,89239.99993102842,299.9221632742645,479
44625000,89249.99993099408,300.5376594850567,479
44630000,89259.99993095973,297.74632513560306,479
44635000,89269.99993092539,301.42161445694654,479
44640000,89279.99993089105,302.719821063487,479
44645000,89289.9999308567,300.01922586372416,479
44650000,89299.99993082236,301.6771831292846,479
44655000,89309.99993078802,299.2641275595725,479
44660000,89319.99993075368,297.9553745167741,479
44665000,89329.99993071934,298.14936703611784,479
44670000,89339.999930685,304.9322953549353,479
44675000,89349.99993065065,301.4204205207664,479
44680000,89359.99993061631,300.81894200512625,479
44685000,89369.99993058197,298.7563951440027,479
44690000,89379.99993054762,299.92236226362786,479
44695000,89389.99993051328,301.05240074820244,479
44700000,89399.99993047894,301.50797584064344,479
44705000,89409.9999304446,300.4698262220812,479
44710000,89419.99993041025,301.4868829681276,479
44715000,89429.99993037591,299.32417812744774,479
44720000,89439.99993034157,299.7891057199665,479
44725000,89449.99993030723,299.38750096485376,479
44730000,89459.99993027288,301.1036515642315,479
44735000,89469.99993023854,301.81119141054086,479
44740000,89479.9999302042,299.4767366393547,479
44745000,89489.99993016986,301.6450131822085,479
44750000,89499.99993013551,300.57960202086645,479
44755000,89509.99993010117,299.7118536271255,479
44760000,89519.99993006683,300.32597902230344,479
44765000,89529.99993003249,299.68218210205606,479
44770000,89539.99992999814,303.33474241611833,479
44775000,89549.9999299638,299.73619665924286,479
44780000,89559.99992992946,299.2318028429916,479
44785000,89569.99992989512,301.38878121199264,479
44790000,89579.99992986077,299.58197990264125,479
44795000,89589.99992982643,301.07159216680174,479
44800000,89599.99992979209,298.3267992184444,479
44805000,89609.99992975775,300.9695106233997,479
44810000,89619.9999297234,300.0209946580651,479
44815000,89629.99992968906,298.7437482644649,479
44820000,89639.99992965472,295.9843627627947,479
44825000,89649.99992962038,301.29731243463624,479
44830000,89659.99992958603,301.18848736280927,479
44835000,89669.99992955169,302.4546787917786,479
44840000,89679.99992951735,299.2679304674055,479
44845000,89689.999929483,301.07594782286634,479
44850000,89699.99992944866,300.6755812237922,479
44855000,89709.99992941432,302.01690219239333,479
44860000,89719.99992937998,299.9582908986784,479
44865000,89729.99992934563,299.55547009745624,479
44870000,89739.99992931129,302.81927152530693,479
44875000,89749.99992927695,300.7942231042115,479
44880000,89759.99992924261,297.8740763068782,479
44885000,89769.99992920826,300.72780487670883,479
44890000,89779.99992917392,299.36373279089725,479
44895000,89789.99992913958,298.7096768634724,479
44900000,89799.99992910524,298.95164792931433,479
44905000,89809.9999290709,297.43479623230326,479
44910000,89819.99992903655,299.85490486944985,479
44915000,89829.99992900221,301.95395522378476,479
44920000,89839.99992896787,299.3838307165963,479
44925000,89849.99992893352,301.25625429599694,479
44930000,89859.99992889918,301.8879570849381,479
44935000,89869.99992886484,300.3282784549467,479
44940000,89879.9999288305,299.93684426729436,479
44945000,89889.99992879615,301.4417344925748,479
44950000,89899.99992876181,299.60930777520895,479
44955000,89909.99992872747,299.9340584162074,479
44960000,89919.99992869313,299.83505015297266,479
44965000,89929.99992865878,302.4038480644055,479
44970000,89939.99992862444,299.86374884115463,479
44975000,89949.9999285901,299.6286318533838,479
44980000,89959.99992855576,296.86511179494164,479
44985000,89969.99992852141,297.1786527018043,479
44990000,89979.99992848707,299.3402078261626,479
44995000,89989.99992845273,298.33431659439344,479
45000000,89999.99992841839,300.73039173843244,479
45005000,90009.99992838404,300.72749533769917,479
45010000,90019.9999283497,299.01344518160136,479
45015000,90029.99992831536,299.1438274344586,479
45020000,90039.99992828102,301.38102062682174,479
45025000,90049.99992824667,300.1072454921157,479
45030000,90059.99992821233,299.9169011111002,479
45035000,90069.99992817799,299.1099108029709,479
45040000,90079.99992814365,301.30412229284894,479
45045000,90089.9999281093,299.0936600049634,479
45050000,90099.99992807496,295.6312008626948,479
45055000,90109.99992804062,300.09280770830765,479
45060000,90119.99992800628,299.2234452897306,479
45065000,90129.99992797193,297.6323263403288,479
45070000,90139.99992793759,297.2141833581282,479
45075000,90149.99992790325,299.13266192018136,479
45080000,90159.9999278689,299.98911214006944,479
45085000,90169.99992783456,298.62669829895253,479
45090000,90179.99992780022,299.0865627176703,479
45095000,90189.99992776588,300.937539665687,479
45100000,90199.99992773154,300.6654106563318,479
45105000,90209.9999276972,300.77355032035166,479
45110000,90219.99992766285,301.7351553638092,479
45115000,90229.99992762851,300.2105209716979,479
45120000,90239.99992759417,301.21537303679173,479
45125000,90249.99992755982,300.9805434781013,479
45130000,90259.99992752548,298.6169699300773,479
45135000,90269.99992749114,300.59908086854614,479
45140000,90279.9999274568,303.21844418820086,479
45145000,90289.99992742245,299.4571914618872,479
45150000,90299.99992738811,302.09154531358143,479
45155000,90309.99992735377,297.5593193539061,479
45160000,90319.99992731943,300.2881710432656,479
45165000,90329.99992728508,303.67919300408914,479
45170000,90339.99992725074,298.6361171288181,479
45175000,90349.9999272164,298.13302779839336,479
45180000,90359.99992718206,299.88594721013357,479
45185000,90369.99992714771,301.68958679960053,479
45190000,90379.99992711337,300.3082468590354,479
45195000,90389.99992707903,301.747293714974,479
45200000,90399.99992704469,300.8162003738978,479
45205000,90409.99992701034,301.81229690700394,479
45210000,90419.999926976,297.3683558948713,479
45215000,90429.99992694166,297.8262304199555,479
45220000,90439.99992690732,299.550296374009,479
45225000,90449.99992687297,297.7162114119484,479
45230000,90459.99992683863,300.15228341802214,479
45235000,90469.99992680429,301.87115353869905,479
45240000,90479.99992676995,301.7266430410434,479
45245000,90489.9999267356,299.9765094803902,479
45250000,90499.99992670126,300.77876826365747,479
45255000,90509.99992666692,298.8262846303995,479
45260000,90519.99992663258,299.00181535880955,479
45265000,90529.99992659823,299.66173041748885,479
45270000,90539.99992656389,300.5942609039671,479
45275000,90549.99992652955,298.27291732083324,479
45280000,90559.9999264952,301.5487244402731,479
45285000,90569.99992646086,300.06218545628,479
45290000,90579.99992642652,299.5678516578429,479
45295000,90589.99992639218,301.53475096497954,479
45300000,90599.99992635784,300.12283299224526,479
45305000,90609.9999263235,299.5652869060485,479
45310000,90619.99992628915,300.62565700351894,479
45315000,90629.99992625481,300.03123155531335,479
45320000,90639.99992622047,299.5035559835494,479
45325000,90649.99992618612,299.509945753106,479
45330000,90659.99992615178,301.7362829702016,479
45335000,90669.99992611744,298.94435165265793,479
45340000,90679.9999260831,298.7744368462804,479
45345000,90689.99992604875,300.5362444495839,479
45350000,90699.99992601441,301.76440680022273,479
45355000,90709.99992598007,301.97699377007564,479
45360000,90719.99992594573,299.51898871417416,479
45365000,90729.99992591138,297.25300839391207,479
45370000,90739.99992587704,300.95799135025425,479
45375000,90749.9999258427,300.9191442045411,479
45380000,90759.99992580836,302.0680645687053,479
45385000,90769.99992577401,298.1868433662167,479
45390000,90779.99992573967,300.3474256536874,479
45395000,90789.99992570533,300.94554346007976,479
45400000,90799.99992567099,301.26374956201676,479
45405000,90809.99992563664,298.7565278035783,479
45410000,90819.9999256023,297.86943322173323,479
45415000,90829.99992556796,298.35191609808595,479
45420000,90839.99992553362,302.5985702114148,479
45425000,90849.99992549927,300.1944470531245,479
45430000,90859.99992546493,299.96169582778475,479
45435000,90869.99992543059,298.48360283676965,479
45440000,90879.99992539625,301.4411375244848,479
45445000,90889.9999253619,298.69490743072544,479
45450000,90899.99992532756,300.48262787112384,479
45455000,90909.99992529322,299.248296850221,479
45460000,90919.99992525888,301.3888033219219,479
45465000,90929.99992522453,299.59955729640444,479
45470000,90939.99992519019,299.6506975627872,479
45475000,90949.99992515585,303.3187790471913,479
45480000,90959.9999251215,301.12083097926796,479
45485000,90969.99992508716,299.45312323490305,479
45490000,90979.99992505282,299.3501572943305,479
45495000,90989.99992501848,301.57815275612063,479
45500000,90999.99992498413,299.6853217120112,479
45505000,91009.99992494979,302.76627402486616,479
45510000,91019.99992491545,297.50227573641047,479
45515000,91029.99992488111,300.10244763746584,479
45520000,91039.99992484676,300.3228615222775,479
45525000,91049.99992481242,295.67117561480023,479
45530000,91059.99992477808,299.4774662670203,479
45535000,91069.99992474374,300.2940080645908,479
45540000,91079.9999247094,299.0497275755201,479
45545000,91089.99992467505,299.28595005975393,479
45550000,91099.99992464071,302.32188655663174,479
45555000,91109.99992460637,299.1433852358734,479
45560000,91119.99992457202,302.7992399293957,479
45565000,91129.99992453768,299.92048291964056,479
45570000,91139.99992450334,299.4769135187888,479
45575000,91149.999924469,299.70676834339525,479
45580000,91159.99992443465,300.56012317318675,479
45585000,91169.99992440031,301.02936220191157,479
45590000,91179.99992436597,298.0521938970119,479
45595000,91189.99992433163,301.3180294383547,479
45600000,91199.99992429728,299.35287681562966,479
45605000,91209.99992426294,298.84545393906956,479
45610000,91219.9999242286,300.21865742566627,479
45615000,91229.99992419426,299.19744401291865,479
45620000,91239.99992415991,296.8296032485471,479
45625000,91249.99992412557,300.8676501792902,479
45630000,91259.99992409123,299.55940566486487,479
45635000,91269.99992405689,299.23525199195643,479
45640000,91279.99992402254,299.68613977939395,479
45645000,91289.9999239882,299.92437426719073,479
45650000,91299.99992395386,300.40798474993574,479
45655000,91309.99992391952,299.3978705216776,479
45660000,91319.99992388517,298.3709306372511,479
45665000,91329.99992385083,298.1219949436916,479
45670000,91339.99992381649,298.35302159454903,479
45675000,91349.99992378215,302.16817832840314,479
45680000,91359.9999237478,302.5513434025115,479
45685000,91369.99992371346,300.68561913167713,479
45690000,91379.99992367912,299.44582695824664,479
45695000,91389.99992364478,299.8537109332697,479
45700000,91399.99992361043,301.6453448311475,479
45705000,91409.99992357609,302.9704813315289,479
45710000,91419.99992354175,301.8723474748792,479
45715000,91429.9999235074,302.3319686843751,479
45720000,91439.99992347306,299.23392539620073,479
45725000,91449.99992343872,298.73481585304313,479
45730000,91459.99992340438,299.90363515354306,479
45735000,91469.99992337004,301.8037624743088,479
45740000,91479.9999233357,300.3240333485284,479
45745000,91489.99992330135,299.98130733504,479
45750000,91499.99992326701,304.22588311501835,479
45755000,91509.99992323267,301.8520947796753,479
45760000,91519.99992319832,301.03813984382856,479
45765000,91529.99992316398,298.4394050881752,479
45770000,91539.99992312964,301.4486770103631,479
45775000,91549.9999230953,300.9590305169295,479
45780000,91559.99992306095,302.43460297600876,479
45785000,91569.99992302661,302.4570224442803,479
45790000,91579.99992299227,299.72452261659254,479
45795000,91589.99992295793,299.20122481082245,479
45800000,91599.99992292358,301.7644952399398,479
45805000,91609.99992288924,301.95344669541174,479
45810000,91619.9999228549,301.949157369135,479
45815000,91629.99992282056,302.3846787557354,479
45820000,91639.99992278621,301.18475078476405,479
45825000,91649.99992275187,300.9376723252626,479
45830000,91659.99992271753,299.1998318852789,479
45835000,91669.99992268319,300.9004834242441,479
45840000,91679.99992264884,300.56896714489153,479
45845000,91689.9999226145,300.56313012356634,479
45850000,91699.99992258016,298.153943791475,479
45855000,91709.99992254582,301.4527452373473,479
45860000,91719.99992251147,301.5766050610723,479
45865000,91729.99992247713,303.5655258577538,479
45870000,91739.99992244279,301.71744531047045,479
45875000,91749.99992240845,300.39078322497,479
45880000,91759.9999223741,300.6630227839715,479
45885000,91769.99992233976,299.81603561380746,479
45890000,91779.99992230542,300.0045006508357,479
45895000,91789.99992227108,301.21550569636736,479
45900000,91799.99992223673,300.16698652098125,479
45905000,91809.99992220239,298.015137655569,479
45910000,91819.99992216805,301.34697133575844,479
45915000,91829.9999221337,299.06779138772697,479
45920000,91839.99992209936,303.34610691975894,479
45925000,91849.99992206502,299.98128522511075,479
45930000,91859.99992203068,303.2822092241921,479
45935000,91869.99992199634,297.2155762836717,479
45940000,91879.999921962,301.25946023573994,479
45945000,91889.99992192765,301.29109954451366,479
45950000,91899.99992189331,300.2514243408324,479
45955000,91909.99992185897,301.6110744407916,479
45960000,91919.99992182462,300.9294916514357,479
45965000,91929.99992179028,300.674542057117,479
45970000,91939.99992175594,298.1650429759645,479
45975000,91949.9999217216,297.8299448880715,479
45980000,91959.99992168725,299.399086567787,479
45985000,91969.99992165291,299.817008450695,479
45990000,91979.99992161857,299.8867431675869,479
45995000,91989.99992158423,299.67342657006833,479
46000000,91999.99992154988,300.9448138324142,479
46005000,92009.99992151554,301.6074926322512,479
46010000,92019.9999214812,301.5477294934563,479
46015000,92029.99992144686,299.15134481040764,479
46020000,92039.99992141251,301.82255591418146,479
46025000,92049.99992137817,299.5741529876825,479
46030000,92059.99992134383,300.27963661057055,479
46035000,92069.99992130949,301.5631622240811,479
46040000,92079.99992127514,301.3895550595168,479
46045000,92089.9999212408,300.7286892738793,479
46050000,92099.99992120646,298.8109182295625,479
46055000,92109.99992117212,300.73134246539075,479
46060000,92119.99992113777,299.38268100027466,479
46065000,92129.99992110343,298.53980627695336,479
46070000,92139.99992106909,301.54759683388073,479
46075000,92149.99992103475,301.5001931455433,479
46080000,92159.9999210004,302.8337756389027,479
46085000,92169.99992096606,301.777938076931,479
46090000,92179.99992093172,300.9986072903083,479
46095000,92189.99992089737,297.4906016937602,479
46100000,92199.99992086303,298.34002095614306,479
46105000,92209.99992082869,300.2343112555837,479
46110000,92219.99992079435,299.9082340188295,479
46115000,92229.99992076,297.5732486093411,479
46120000,92239.99992072566,302.1139426719238,479
46125000,92249.99992069132,298.5980659405584,479
46130000,92259.99992065698,300.80388514329894,479
46135000,92269.99992062263,301.1537305540096,479
46140000,92279.99992058829,301.7809450273106,479
46145000,92289.99992055395,299.97783607614593,479
46150000,92299.9999205196,299.83995855726886,479
46155000,92309.99992048526,298.88335035782444,479
46160000,92319.99992045092,299.86357196172054,479
46165000,92329.99992041658,300.2529720358807,479
46170000,92339.99992038224,299.8123432556207,479
46175000,92349.9999203479,298.88790500325234,479
46180000,92359.99992031355,300.22436178741583,479
46185000,92369.99992027921,298.9046201097744,479
46190000,92379.99992024487,299.0648286572059,479
46195000,92389.99992021052,300.98772920511146,479
46200000,92399.99992017618,301.30188918999346,479
46205000,92409.99992014184,298.2254915225665,479
46210000,92419.9999201075,299.2006941725202,479
46215000,92429.99992007315,301.95172212092933,479
46220000,92439.99992003881,298.3248314347401,479
46225000,92449.99992000447,298.64137929198245,479
46230000,92459.99991997013,302.7012045030485,479
46235000,92469.99991993578,301.7236803105223,479
46240000,92479.99991990144,296.39069904276954,479
46245000,92489.9999198671,297.6304248864123,479
46250000,92499.99991983276,301.3364470094298,479
46255000,92509.99991979841,300.47433664765066,479
46260000,92519.99991976407,299.0046012098966,479
46265000,92529.99991972973,299.3677346880936,479
46270000,92539.99991969539,298.9785999330846,479
46275000,92549.99991966104,302.36920180525215,479
46280000,92559.9999196267,296.97877894127697,479
46285000,92569.99991959236,298.4621562053856,479
46290000,92579.99991955802,299.8928455080632,479
46295000,92589.99991952367,298.03937013804,479
46300000,92599.99991948933,301.83916047105714,479
46305000,92609.99991945499,300.2834395184036,479
46310000,92619.99991942065,301.3061121864825,479
46315000,92629.9999193863,299.69418779364526,479
46320000,92639.99991935196,299.73506905285046,479
46325000,92649.99991931762,301.37469718705285,479
46330000,92659.99991928328,301.34316842792543,479
46335000,92669.99991924893,299.18132587448673,479
46340000,92679.99991921459,301.60466256130564,479
46345000,92689.99991918025,300.38748884550995,479
46350000,92699.9999191459,300.806339345447,479
46355000,92709.99991911156,300.26305416362413,479
46360000,92719.99991907722,299.1906783745645,479
46365000,92729.99991904288,298.9907161743201,479
46370000,92739.99991900854,299.71227371578146,479
46375000,92749.9999189742,297.80885201555566,479
46380000,92759.99991893985,300.58899874080277,479
46385000,92769.99991890551,300.5008022329771,479
46390000,92779.99991887117,303.7803459304622,479
46395000,92789.99991883682,297.41622389172323,479
46400000,92799.99991880248,301.0720122554577,479
46405000,92809.99991876814,301.9934656673758,479
46410000,92819.9999187338,300.09439962321454,479
46415000,92829.99991869945,303.7841488382953,479
46420000,92839.99991866511,299.79684419520817,479
46425000,92849.99991863077,299.79569447888656,479
46430000,92859.99991859643,301.2601235336178,479
46435000,92869.99991856208,300.42301950183383,479
46440000,92879.99991852774,300.1365632583169,479
46445000,92889.9999184934,301.2312921858603,479
46450000,92899.99991845906,298.94892840801515,479
46455000,92909.99991842471,298.29434184228796,479
46460000,92919.99991839037,298.804882218874,479
46465000,92929.99991835603,301.2065069551577,479
46470000,92939.99991832169,301.92006070222635,479
46475000,92949.99991828734,300.70032223463625,479
46480000,92959.999918253,300.5145103891195,479
46485000,92969.99991821866,299.86352774186196,479
46490000,92979.99991818432,301.6153637670684,479
46495000,92989.99991814997,300.6929596281921,479
46500000,92999.99991811563,300.15953547482,479
46505000,93009.99991808129,301.43943505993167,479
46510000,93019.99991804695,299.5615945478618,479
46515000,93029.9999180126,298.28147386345756,479
46520000,93039.99991797826,303.9646985206478,479
46525000,93049.99991794392,301.5133485534541,479
46530000,93059.99991790958,298.12281301107436,479
46535000,93069.99991787523,297.5401279353068,479
46540000,93079.99991784089,301.8279949567799,479
46545000,93089.99991780655,299.3577410000673,479
46550000,93099.9999177722,299.0513416003562,479
46555000,93109.99991773786,300.93395785714654,479
46560000,93119.99991770352,300.53584647085717,479
46565000,93129.99991766918,304.01267706714606,479
46570000,93139.99991763484,299.1144212285403,479
46575000,93149.9999176005,300.7618541677721,479
46580000,93159.99991756615,301.8759292834196,479
46585000,93169.99991753181,299.6928833078189,479
46590000,93179.99991749747,298.9510951810828,479
46595000,93189.99991746312,298.5191556030228,479
46600000,93199.99991742878,301.75023433556584,479
46605000,93209.99991739444,299.7994089470026,479
46610000,93219.9999173601,300.4682785270329,479
46615000,93229.99991732575,300.03492391350005,479
46620000,93239.99991729141,298.7679365270774,479
46625000,93249.99991725707,301.94040183714725,479
46630000,93259.99991722273,298.1304188267404,479
46635000,93269.99991718838,301.18371161808875,479
46640000,93279.99991715404,299.0698697210776,479
46645000,93289.9999171197,299.26611745320605,479
46650000,93299.99991708536,297.9970517334328,479
46655000,93309.99991705101,300.04646529657475,479
46660000,93319.99991701667,299.79162625190236,479
46665000,93329.99991698233,303.428002097745,479
46670000,93339.99991694799,297.66144511716675,479
46675000,93349.99991691364,302.4613781003449,479
46680000,93359.9999168793,302.27428387893093,479
46685000,93369.99991684496,300.8174164200072,479
46690000,93379.99991681062,297.52880765152474,479
46695000,93389.99991677627,302.06023765374664,479
46700000,93399.99991674193,300.824911686027,479
46705000,93409.99991670759,299.79662309591555,479
46710000,93419.99991667325,300.62811120566704,479
46715000,93429.9999166389,298.9087546665463,479
46720000,93439.99991660456,299.33854958146793,479
46725000,93449.99991657022,299.5291150617761,479
46730000,93459.99991653587,300.1519738790124,479
46735000,93469.99991650153,300.22458288670845,479
46740000,93479.99991646719,300.1636037018042,479
46745000,93489.99991643285,299.765846074383,479
46750000,93499.9999163985,299.93768444460636,479
46755000,93509.99991636416,300.40172763995463,479
46760000,93519.99991632982,298.6419541501432,479
46765000,93529.99991629548,299.5503184839382,479
46770000,93539.99991626113,301.2465038171925,479
46775000,93549.99991622679,301.20334523527333,479
46780000,93559.99991619245,299.7315977939564,479
46785000,93569.9999161581,303.55471410234475,479
46790000,93579.99991612376,301.6163587138851,479
46795000,93589.99991608942,301.7073631827271,479
46800000,93599.99991605508,298.4953874290662,479
46805000,93609.99991602074,300.31558735555035,479
46810000,93619.9999159864,297.91497967601265,479
46815000,93629.99991595205,301.0385820424138,479
46820000,93639.99991591771,299.145552008941,479
46825000,93649.99991588337,302.1879888250218,479
46830000,93659.99991584902,300.89066661565175,479
46835000,93669.99991581468,301.6770283597798,479
46840000,93679.99991578034,300.4157453351067,479
46845000,93689.999915746,302.2923476911378,479
46850000,93699.99991571165,301.32565736395003,479
46855000,93709.99991567731,300.12805093555113,479
46860000,93719.99991564297,300.19495558149754,479
46865000,93729.99991560863,299.8377033444841,479
46870000,93739.99991557428,300.74518328110867,479
46875000,93749.99991553994,300.1292890915898,479
46880000,93759.9999155056,301.5972778449322,479
46885000,93769.99991547126,301.8314441057447,479
46890000,93779.99991543691,299.33306631901104,479
46895000,93789.99991540257,297.8963852255034,479
46900000,93799.99991536823,298.63894719976366,479
46905000,93809.99991533389,300.95715117294225,479
46910000,93819.99991529954,300.9646685488913,479
46915000,93829.9999152652,300.9229471123742,479
46920000,93839.99991523086,299.6367683073522,479
46925000,93849.99991519652,300.28144962477,479
46930000,93859.99991516217,298.5923173589503,479
46935000,93869.99991512783,298.2652893952379,479
46940000,93879.99991509349,298.2326330297181,479
46945000,93889.99991505915,300.9157392754348,479
46950000,93899.9999150248,300.370685299271,479
46955000,93909.99991499046,300.3223529939045,479
46960000,93919.99991495612,300.28936497944574,479
46965000,93929.99991492178,301.5338886777384,479
46970000,93939.99991488743,298.166767550447,479
46975000,93949.99991485309,298.58690042628115,479
46980000,93959.99991481875,299.6905396553171,479
46985000,93969.9999147844,300.0917464317031,479
46990000,93979.99991475006,299.32939607075355,479
46995000,93989.99991471572,300.9837051979858,479
47000000,93999.99991468138,301.9766621211367,479
47005000,94009.99991464704,296.7109392581986,479
47010000,94019.9999146127,302.8227870040596,479
47015000,94029.99991457835,302.43743304695425,479
47020000,94039.99991454401,301.51916346484995,479
47025000,94049.99991450967,298.80136674012135,479
47030000,94059.99991447532,298.27848902300724,479
47035000,94069.99991444098,298.3399767362845,479
47040000,94079.99991440664,300.82990853004014,479
47045000,94089.9999143723,300.42604856214274,479
47050000,94099.99991433795,300.3074951214405,479
47055000,94109.99991430361,300.7692388841456,479
47060000,94119.99991426927,301.7047099912156,479
47065000,94129.99991423493,302.30937233666947,479
47070000,94139.99991420058,299.96501231717406,479
47075000,94149.99991416624,298.0618338261701,479
47080000,94159.9999141319,299.2941749534393,479
47085000,94169.99991409756,299.5643803989488,479
47090000,94179.99991406321,300.2228362022968,479
47095000,94189.99991402887,301.2151519374992,479
47100000,94199.99991399453,302.10923325699093,479
47105000,94209.99991396019,297.5919093896381,479
47110000,94219.99991392584,299.7952743902306,479
47115000,94229.9999138915,302.7683523582168,479
47120000,94239.99991385716,299.16224500553375,479
47125000,94249.99991382282,299.3974504330216,479
47130000,94259.99991378847,298.7449422006451,479
47135000,94269.99991375413,299.41885284454713,479
47140000,94279.99991371979,300.7777290969821,479
47145000,94289.99991368545,299.8327065004709,479
47150000,94299.9999136511,302.3679415392842,479
47155000,94309.99991361676,302.0314505258477,479
47160000,94319.99991358242,300.6909034047707,479
47165000,94329.99991354808,302.36309946477587,479
47170000,94339.99991351373,301.08638370947796,479
47175000,94349.99991347939,298.8178607473507,479
47180000,94359.99991344505,298.8355486907602,479
47185000,94369.9999134107,299.6939003645649,479
47190000,94379.99991337636,298.6603496112891,479
47195000,94389.99991334202,298.51747524839885,479
47200000,94399.99991330768,298.70448103009585,479
47205000,94409.99991327334,298.50352388303463,479
47210000,94419.999913239,299.03907058961585,479
47215000,94429.99991320465,299.68852765175427,479
47220000,94439.99991317031,301.2504393846011,479
47225000,94449.99991313597,300.815116987364,479
47230000,94459.99991310162,300.1036194637167,479
47235000,94469.99991306728,299.3911048833234,479
47240000,94479.99991303294,299.00802824893213,479
47245000,94489.9999129986,300.7451169513209,479
47250000,94499.99991296425,304.4686280283845,479
47255000,94509.99991292991,303.7328980222662,479
47260000,94519.99991289557,299.5786855231812,479
47265000,94529.99991286123,298.1193638621095,479
47270000,94539.99991282688,297.87040605862074,479
47275000,94549.99991279254,302.1459799594242,479
47280000,94559.9999127582,301.10053406420553,479
47285000,94569.99991272386,303.06420532167,479
47290000,94579.99991268951,300.17204969478223,479
47295000,94589.99991265517,301.3530515663055,479
47300000,94599.99991262083,299.2849772228665,479
47305000,94609.99991258649,300.95964959494887,479
47310000,94619.99991255214,298.1953777989118,479
47315000,94629.9999125178,302.2719181164998,479
47320000,94639.99991248346,300.132517141262,479
47325000,94649.99991244912,301.61175984859875,479
47330000,94659.99991241477,300.7219015255959,479
47335000,94669.99991238043,298.2136406004821,479
47340000,94679.99991234609,300.7565920046078,479
47345000,94689.99991231174,299.04179011091503,479
47350000,94699.9999122774,300.4109917003154,479
47355000,94709.99991224306,298.8149864565467,479
47360000,94719.99991220872,299.18066257660894,479
47365000,94729.99991217437,301.2295012815901,479
47370000,94739.99991214003,301.6342677565873,479
47375000,94749.99991210569,300.6369330674425,479
47380000,94759.99991207135,299.81592506416115,479
47385000,94769.999912037,303.18364315954267,479
47390000,94779.99991200266,299.4745256464285,479
47395000,94789.99991196832,302.1773318391175,479
47400000,94799.99991193398,299.7593899750385,479
47405000,94809.99991189963,300.85272597703846,479
47410000,94819.99991186529,300.40373964351744,479
47415000,94829.99991183095,300.78683838783803,479
47420000,94839.9999117966,299.0882651822235,479
47425000,94849.99991176226,299.3939570641982,479
47430000,94859.99991172792,299.3177220281033,479
47435000,94869.99991169358,297.9857756695092,479
47440000,94879.99991165924,300.6978017027004,479
47445000,94889.9999116249,300.75760906135383,479
47450000,94899.99991159055,299.65876768696774,479
47455000,94909.99991155621,299.7479812515394,479
47460000,94919.99991152187,300.38187292347743,479
47465000,94929.99991148752,299.770400719811,479
47470000,94939.99991145318,299.34889702836256,479
47475000,94949.99991141884,299.8620684865307,479
47480000,94959.9999113845,300.15975657411263,479
47485000,94969.99991135015,300.86019913312896,479
47490000,94979.99991131581,299.00656899360087,479
47495000,94989.99991128147,299.0392695789792,479
47500000,94999.99991124713,298.20844476710556,479
47505000,95009.99991121278,300.94306714800246,479
47510000,95019.99991117844,303.11320092491434,479
47515000,95029.9999111441,299.926939018985,479
47520000,95039.99991110976,300.55685090365597,479
47525000,95049.99991107541,300.1552019286847,479
47530000,95059.99991104107,299.49236835934283,479
47535000,95069.99991100673,300.98465592494404,479
47540000,95079.99991097239,298.54429459259353,479
47545000,95089.99991093804,300.4967782258515,479
47550000,95099.9999109037,301.35539521880725,479
47555000,95109.99991086936,298.7288019522839,479
47560000,95119.99991083502,301.6398394587613,479
47565000,95129.99991080067,302.8805602492208,479
47570000,95139.99991076633,301.0583925390324,479
47575000,95149.99991073199,299.18705234616556,479
47580000,95159.99991069765,301.0858972910342,479
47585000,95169.9999106633,300.59078964507296,479
47590000,95179.99991062896,300.19172753182534,479
47595000,95189.99991059462,301.1260489225738,479
47600000,95199.99991056028,303.8630812857602,479
47605000,95209.99991052593,301.2844665657351,479
47610000,95219.99991049159,300.786749948121,479
47615000,95229.99991045725,300.1887869112335,479
47620000,95239.9999104229,300.47340803062167,479
47625000,95249.99991038856,299.9737015193739,479
47630000,95259.99991035422,300.3985438101409,479
47635000,95269.99991031988,302.21463128978235,479
47640000,95279.99991028554,299.8465915360474,479
47645000,95289.9999102512,299.42484463537704,479
47650000,95299.99991021685,303.2924240115111,479
47655000,95309.99991018251,299.8812377952008,479
47660000,95319.99991014817,299.23304099903027,479
47665000,95329.99991011382,298.7771563675796,479
47670000,95339.99991007948,299.22879589261197,479
47675000,95349.99991004514,297.1483620987156,479
47680000,95359.9999100108,300.1445449427805,479
47685000,95369.99990997645,297.78501751181136,479
47690000,95379.99990994211,300.56985154206194,479
47695000,95389.99990990777,300.1481930811087,479
47700000,95399.99990987343,298.71871982454047,479
47705000,95409.99990983908,302.49363648713796,479
47710000,95419.99990980474,299.9446269623945,479
47715000,95429.9999097704,299.5294909305735,479
47720000,95439.99990973606,298.13391219556377,479
47725000,95449.99990970171,299.4629400434953,479
47730000,95459.99990966737,299.76571341480746,479
47735000,95469.99990963303,300.17094419831915,479
47740000,95479.99990959869,298.6785681930009,479
47745000,95489.99990956434,302.3524645888009,479
47750000,95499.99990953,303.1354877336103,479
47755000,95509.99990949566,297.6269094076597,479
47760000,95519.99990946132,300.13877425124315,479
47765000,95529.99990942697,301.69210733153636,479
47770000,95539.99990939263,301.57543323482145,479
47775000,95549.99990935829,302.13771084588024,479
47780000,95559.99990932395,301.5705690503838,479
47785000,95569.9999092896,300.11909641420004,479
47790000,95579.99990925526,300.3905400157481,479
47795000,95589.99990922092,300.00461120048203,479
47800000,95599.99990918658,299.99063772518855,479
47805000,95609.99990915223,302.26073049229336,479
47810000,95619.99990911789,298.83298393896587,479
47815000,95629.99990908355,299.17453812620334,479
47820000,95639.9999090492,298.9246959255441,479
47825000,95649.99990901486,301.3594192259329,479
47830000,95659.99990898052,300.96093197084605,479
47835000,95669.99990894618,299.5055900970415,479
47840000,95679.99990891184,296.85595828422726,479
47845000,95689.9999088775,301.60616603649544,479
47850000,95699.99990884315,300.02130419707476,479
47855000,95709.99990880881,299.03493603284386,479
47860000,95719.99990877447,299.66040382173315,479
47865000,95729.99990874012,300.51103913022536,479
47870000,95739.99990870578,301.4334653790309,479
47875000,95749.99990867144,298.3472066831531,479
47880000,95759.9999086371,300.5969140954785,479
47885000,95769.99990860275,300.85491486003536,479
47890000,95779.99990856841,299.14858106924993,479
47895000,95789.99990853407,300.42525260468926,479
47900000,95799.99990849973,301.54832646154637,479
47905000,95809.99990846538,298.78509383218466,479
47910000,95819.99990843104,300.7837208878121,479
47915000,95829.9999083967,299.6803690878566,479
47920000,95839.99990836236,300.1403219462914,479
47925000,95849.99990832801,299.8858587704165,479
47930000,95859.99990829367,299.8972232740571,479
47935000,95869.99990825933,299.2319355025672,479
47940000,95879.99990822499,299.6699774211035,479
47945000,95889.99990819064,301.1001360854789,479
47950000,95899.9999081563,301.81543651695915,479
47955000,95909.99990812196,299.4413165326772,479
47960000,95919.99990808762,299.2948603612465,479
47965000,95929.99990805327,299.65348341387414,479
47970000,95939.99990801893,298.8296232297181,479
47975000,95949.99990798459,298.7701033001451,479
47980000,95959.99990795024,301.1847728946933,479
47985000,95969.9999079159,301.0410141346326,479
47990000,95979.99990788156,302.3761885428989,479
47995000,95989.99990784722,301.70457733164005,479
48000000,95999.99990781287,300.5089607968747,479
48005000,96009.99990777853,300.55180983978426,479
48010000,96019.99990774419,301.2070154835307,479
48015000,96029.99990770985,301.78857295290595,479
48020000,96039.9999076755,299.79012277671256,479
48025000,96049.99990764116,300.3302683485802,479
48030000,96059.99990760682,300.0530098356363,479
48035000,96069.99990757248,299.99393210464854,479
48040000,96079.99990753813,299.28460135406897,479
48045000,96089.99990750379,295.96946067047224,479
48050000,96099.99990746945,300.71728055038017,479
48055000,96109.9999074351,299.97306033142536,479
48060000,96119.99990740076,297.41505206547237,479
48065000,96129.99990736642,299.8652523163444,479
48070000,96139.99990733208,301.145151901456,479
48075000,96149.99990729774,301.5027800072669,479
48080000,96159.9999072634,301.8695174039337,479
48085000,96169.99990722905,302.06415111122595,479
48090000,96179.99990719471,296.85710800054886,479
48095000,96189.99990716037,300.4580195198554,479
48100000,96199.99990712602,300.321468596734,479
48105000,96209.99990709168,299.8001164647389,479
48110000,96219.99990705734,299.7733413404028,479
48115000,96229.999907023,299.4919040508284,479
48120000,96239.99990698865,300.35140544095464,479
48125000,96249.99990695431,303.1258478044521,479
48130000,96259.99990691997,303.08620470128557,479
48135000,96269.99990688563,300.49284265844284,479
48140000,96279.99990685128,301.7887277224108,479
48145000,96289.99990681694,301.3299245802976,479
48150000,96299.9999067826,299.9209693380844,479
48155000,96309.99990674826,300.18058412747735,479
48160000,96319.99990671391,301.264191760602,479
48165000,96329.99990667957,300.415435796097,479
48170000,96339.99990664523,300.01904898429007,479
48175000,96349.99990661089,298.72110769690073,479
48180000,96359.99990657654,300.6451358511987,479
48185000,96369.9999065422,299.37149337606814,479
48190000,96379.99990650786,301.3215006972488,479
48195000,96389.99990647352,302.58132446659056,479
48200000,96399.99990643917,298.84207111989247,479
48205000,96409.99990640483,300.9844569355807,479
48210000,96419.99990637049,299.92439637711993,479
48215000,96429.99990633615,298.1915306712202,479
48220000,96439.9999063018,298.3756179422546,479
48225000,96449.99990626746,301.0164721131519,479
48230000,96459.99990623312,300.71582129504884,479
48235000,96469.99990619878,299.1579114593984,479
48240000,96479.99990616443,300.97353463052536,479
48245000,96489.99990613009,301.73243584251003,479
48250000,96499.99990609575,298.6094525541283,479
48255000,96509.9999060614,300.9038441334919,479
48260000,96519.99990602706,303.7799479517355,479
48265000,96529.99990599272,300.4964244669833,479
48270000,96539.99990595838,299.6002869240701,479
48275000,96549.99990592404,300.2184584363029,479
48280000,96559.9999058897,300.46000941348893,479
48285000,96569.99990585535,299.59944674675813,479
48290000,96579.99990582101,301.8256070844196,479
48295000,96589.99990578667,301.59374025625027,479
48300000,96599.99990575232,303.38329582077745,479
48305000,96609.99990571798,300.15422909179716,479
48310000,96619.99990568364,298.6758486717017,479
48315000,96629.9999056493,299.0063036744497,479
48320000,96639.99990561495,301.0211151982969,479
48325000,96649.99990558061,301.6548963205886,479
48330000,96659.99990554627,298.7211961366178,479
48335000,96669.99990551193,300.5564750348585,479
48340000,96679.99990547758,300.3704863099076,479
48345000,96689.99990544324,298.7200464202962,479
48350000,96699.9999054089,302.1295743919119,479
48355000,96709.99990537456,299.2566322935527,479
48360000,96719.99990534021,299.27611114123243,479
48365000,96729.99990530587,300.5286386339178,479
48370000,96739.99990527153,297.7013756494137,479
48375000,96749.99990523719,300.10047985376156,479
48380000,96759.99990520284,299.37476564559887,479
48385000,96769.9999051685,297.42895921097806,479
48390000,96779.99990513416,298.4390292193777,479
48395000,96789.99990509982,300.41859751598145,479
48400000,96799.99990506547,298.56005897215726,479
48405000,96809.99990503113,298.8857382301847,479
48410000,96819.99990499679,300.6495136171925,479
48415000,96829.99990496245,302.0757809340177,479
48420000,96839.9999049281,298.1798124087114,479
48425000,96849.99990489376,301.87500066639063,479
48430000,96859.99990485942,300.32527150456707,479
48435000,96869.99990482508,299.2617175772829,479
48440000,96879.99990479073,301.7655122966858,479
48445000,96889.99990475639,301.7212703282328,479
48450000,96899.99990472205,300.11398902054054,479
48455000,96909.9999046877,300.10395111265564,479
48460000,96919.99990465336,300.7312098058151,479
48465000,96929.99990461902,301.7871136975747,479
48470000,96939.99990458468,299.5753911437212,479
48475000,96949.99990455034,302.3796819117223,479
48480000,96959.999904516,300.67427673796584,479
48485000,96969.99990448165,300.62472838648995,479
48490000,96979.99990444731,301.0957362095557,479
48495000,96989.99990441297,300.1027350665463,479
48500000,96999.99990437862,299.73201788261235,479
48505000,97009.99990434428,302.0023096390805,479
48510000,97019.99990430994,299.3548224894047,479
48515000,97029.9999042756,299.43786738371233,479
48520000,97039.99990424125,297.66675150018955,479
48525000,97049.99990420691,299.39541631952955,479
48530000,97059.99990417257,300.90952638531223,479
48535000,97069.99990413823,300.77297546219086,479
48540000,97079.99990410388,301.4538507338104,479
48545000,97089.99990406954,299.6930601872529,479
48550000,97099.9999040352,299.9223401536986,479
48555000,97109.99990400086,299.3876999542171,479
48560000,97119.99990396651,301.0657772554059,479
48565000,97129.99990393217,299.482927419548,479
48570000,97139.99990389783,300.5264939707794,479
48575000,97149.99990386349,301.8011092827974,479
48580000,97159.99990382914,299.6278580058596,479
48585000,97169.9999037948,300.0521696583243,479
48590000,97179.99990376046,300.5751137052263,479
48595000,97189.99990372612,299.0911836928861,479
48600000,97199.99990369177,301.22552149432295,479
48605000,97209.99990365743,301.10137424151753,479
48610000,97219.99990362309,297.3141644582504,479
48615000,97229.99990358874,297.55343811272246,479
48620000,97239.9999035544,300.57938092157383,479
48625000,97249.99990352006,298.5474120926194,479
48630000,97259.99990348572,298.5664487417139,479
48635000,97269.99990345137,301.7716588570206,479
48640000,97279.99990341703,301.4098519745793,479
48645000,97289.99990338269,300.28686655743917,479
48650000,97299.99990334835,302.01690219239333,479
48655000,97309.999903314,302.54838067199034,479
48660000,97319.99990327966,297.85833403724376,479
48665000,97329.99990324532,303.62623972350696,479
48670000,97339.99990321098,302.1040595335437,479
48675000,97349.99990317663,301.7308881474617,479
48680000,97359.99990314229,299.2196866017561,479
48685000,97369.99990310795,295.963955298086,479
48690000,97379.9999030736,298.0085046767904,479
48695000,97389.99990303926,301.725338555217,479
48700000,97399.99990300492,298.2724972321773,479
48705000,97409.99990297058,299.58631344877654,479
48710000,97419.99990293624,302.25568942842165,479
48715000,97429.9999029019,299.5439950441693,479
48720000,97439.99990286755,302.1082162002449,479
48725000,97449.99990283321,300.4243682075188,479
48730000,97459.99990279887,300.2460295180925,479
48735000,97469.99990276452,300.64891664910243,479
48740000,97479.99990273018,299.17007192049243,479
48745000,97489.99990269584,300.02946276097236,479
48750000,97499.9999026615,300.8655939558688,479
48755000,97509.99990262715,299.89585245844285,479
48760000,97519.99990259281,303.0379387257069,479
48765000,97529.99990255847,300.70266588713804,479
48770000,97539.99990252413,300.53297218005315,479
48775000,97549.99990248978,298.21613902248873,479
48780000,97559.99990245544,299.81740642942174,479
48785000,97569.9999024211,299.20801255910584,479
48790000,97579.99990238676,299.63619344919135,479
48795000,97589.99990235241,302.20271403791014,479
48800000,97599.99990231807,299.75824025871697,479
48805000,97609.99990228373,298.09720971298907,479
48810000,97619.99990224939,300.75159516059455,479
48815000,97629.99990221504,298.9664173620613,479
48820000,97639.9999021807,298.7834134775607,479
48825000,97649.99990214636,299.6290298321105,479
48830000,97659.99990211202,297.912304374572,479
48835000,97669.99990207767,301.06973493274376,479
48840000,97679.99990204333,301.4329347407286,479
48845000,97689.99990200899,302.7140724818789,479
48850000,97699.99990197465,300.62379976946096,479
48855000,97709.9999019403,304.2376234874564,479
48860000,97719.99990190596,302.10321935623176,479
48865000,97729.99990187162,299.0648286572059,479
48870000,97739.99990183728,298.8130407827717,479
48875000,97749.99990180293,301.779883750706,479
48880000,97759.99990176859,300.5209885983932,479
48885000,97769.99990173425,296.57923040958553,479
48890000,97779.9999016999,299.96412792000353,479
48895000,97789.99990166556,299.4800973486025,479
48900000,97799.99990163122,301.03314299981537,479
48905000,97809.99990159688,299.41018575227645,479
48910000,97819.99990156254,299.0550118486137,479
48915000,97829.9999015282,302.22489029695987,479
48920000,97839.99990149385,299.4168408409843,479
48925000,97849.99990145951,299.9727065725572,479
48930000,97859.99990142517,302.38445765644286,479
48935000,97869.99990139082,302.9667005336251,479
48940000,97879.99990135648,301.4642202906342,479
48945000,97889.99990132214,297.93284449885624,479
48950000,97899.9999012878,303.012622856702,479
48955000,97909.99990125345,299.8211651173963,479
48960000,97919.99990121911,297.6670831491285,479
48965000,97929.99990118477,301.1725461038115,479
48970000,97939.99990115043,300.282289802082,479
48975000,97949.99990111608,301.76453945979824,479
48980000,97959.99990108174,299.04046351515933,479
48985000,97969.9999010474,298.83696372623297,479
48990000,97979.99990101306,299.41597855374306,479
48995000,97989.99990097871,302.7306549288253,479
49000000,97999.99990094437,302.3906484366362,479
49005000,98009.99990091003,298.92858727309425,479
49010000,98019.99990087569,299.5278547958082,479
49015000,98029.99990084134,300.1209978681166,479
49020000,98039.999900807,299.4200910005857,479
49025000,98049.99990077266,300.6328648404583,479
49030000,98059.99990073832,299.94162001201494,479
49035000,98069.99990070397,298.92206484396195,479
49040000,98079.99990066963,298.1921055293811,479
49045000,98089.99990063529,299.35656917381635,479
49050000,98099.99990060095,301.8046910913378,479
49055000,98109.9999005666,302.0890247816456,479
49060000,98119.99990053226,303.5590255385508,479
49065000,98129.99990049792,300.4007548030671,479
49070000,98139.99990046358,300.1848734537541,479
49075000,98149.99990042923,301.4491413188776,479
49080000,98159.99990039489,301.82766330784096,479
49085000,98169.99990036055,298.2620171257071,479
49090000,98179.9999003262,299.16142693815107,479
49095000,98189.99990029186,300.78712581691843,479
49100000,98199.99990025752,300.82933367187934,479
49105000,98209.99990022318,299.2023081973563,479
49110000,98219.99990018884,299.8064620144371,479
49115000,98229.9999001545,300.6036797338326,479
49120000,98239.99990012015,303.1844833368546,479
49125000,98249.99990008581,301.3654773465506,479
49130000,98259.99990005147,299.62593444201383,479
49135000,98269.99990001712,299.8273558975896,479
49140000,98279.99989998278,303.35466346238326,479
49145000,98289.99989994844,300.4967561159222,479
49150000,98299.9998999141,299.92158841610365,479
49155000,98309.99989987975,300.57221730449294,479
49160000,98319.99989984541,299.1496202359252,479
49165000,98329.99989981107,300.27561260344487,479
49170000,98339.99989977673,300.06563460524484,479
49175000,98349.99989974238,300.44263100908915,479
49180000,98359.99989970804,297.79160627073145,479
49185000,98369.9998996737,304.2337763597648,479
49190000,98379.99989963936,298.6012055505136,479
49195000,98389.99989960501,300.3471161146778,479
49200000,98399.99989957067,304.047124336936,479
49205000,98409.99989953633,300.2310832059115,479
49210000,98419.99989950199,300.26088739055643,479
49215000,98429.99989946764,299.98853728190863,479
49220000,98439.9998994333,300.3287206535319,479
49225000,98449.99989939896,301.9932887879417,479
49230000,98459.99989936461,299.9462409872307,479
49235000,98469.99989933027,301.0656445958303,479
49240000,98479.99989929593,301.3955689602761,479
49245000,98489.99989926159,300.44444402328855,479
49250000,98499.99989922724,299.60703045249494,479
49255000,98509.9998991929,299.6161176334216,479
49260000,98519.99989915856,301.6318577742977,479
49265000,98529.99989912422,301.1305151282846,479
49270000,98539.99989908987,300.80998748377516,479
49275000,98549.99989905553,301.0057930173184,479
49280000,98559.99989902119,303.3683495085964,479
49285000,98569.99989898685,298.6306338663611,479
49290000,98579.9998989525,300.12849313413636,479
49295000,98589.99989891816,300.7022900183406,479
49300000,98599.99989888382,300.051882229244,479
49305000,98609.99989884948,300.8317657640981,479
49310000,98619.99989881513,300.1351482228441,479
49315000,98629.99989878079,301.4460901486394,479
49320000,98639.99989874645,298.29040627487933,479
49325000,98649.9998987121,299.43216302196277,479
49330000,98659.99989867776,300.8534334947748,479
49335000,98669.99989864342,302.2626098362806,479
49340000,98679.99989860908,299.72100713783993,479
49345000,98689.99989857474,299.7365725280403,479
49350000,98699.9998985404,296.8181724151187,479
49355000,98709.99989850605,298.2665717711351,479
49360000,98719.99989847171,301.4451173117519,479
49365000,98729.99989843737,300.04856573985467,479
49370000,98739.99989840302,300.7735724302809,479
49375000,98749.99989836868,301.4997730568873,479
49380000,98759.99989833434,302.66330808429365,479
49385000,98769.9998983,300.24302256771284,479
49390000,98779.99989826565,300.63664563836204,479
49395000,98789.99989823131,299.3276714962711,479
49400000,98799.99989819697,301.3811090665388,479
49405000,98809.99989816263,298.77821764418417,479
49410000,98819.99989812828,299.0402424158667,479
49415000,98829.99989809394,301.47724303896945,479
49420000,98839.9998980596,297.5878190527247,479
49425000,98849.99989802526,301.1029661564244,479
49430000,98859.99989799091,299.1907004844938,479
49435000,98869.99989795657,299.7315314641686,479
49440000,98879.99989792223,299.5765408600428,479
49445000,98889.99989788789,300.9258656230367,479
49450000,98899.99989785354,299.0927977177222,479
49455000,98909.9998978192,298.7940483535357,479
49460000,98919.99989778486,302.06868364672465,479
49465000,98929.99989775052,298.63039065713923,479
49470000,98939.99989771617,300.4338754771014,479
49475000,98949.99989768183,298.8520426979896,479
49480000,98959.99989764749,299.8756660930268,479
49485000,98969.99989761315,299.81154729816734,479
49490000,98979.9998975788,301.02880945368,479
49495000,98989.99989754446,300.4685880660425,479
49500000,98999.99989751012,301.8901901877935,479
49505000,99009.99989747578,299.2281768145927,479
49510000,99019.99989744143,301.4263902016671,479
49515000,99029.99989740709,303.7863819411507,479
49520000,99039.99989737275,297.8093384339994,479
49525000,99049.9998973384,299.5486381293143,479
49530000,99059.99989730406,297.7958734870789,479
49535000,99069.99989726972,298.05586414526937,479
49540000,99079.99989723538,295.92849097155,479
49545000,99089.99989720104,297.7871400650205,479
49550000,99099.9998971667,302.17306462276997,479
49555000,99109.99989713235,301.0616648085632,479
49560000,99119.99989709801,301.70459944156937,479
49565000,99129.99989706367,301.7315514453395,479
49570000,99139.99989702932,300.2875961851048,479
49575000,99149.99989699498,299.25457607013135,479
49580000,99159.99989696064,299.8313799047152,479
49585000,99169.9998969263,301.55907188716765,479
49590000,99179.99989689195,300.3736038099335,479
49595000,99189.99989685761,296.8173101278775,479
49600000,99199.99989682327,300.9039325732089,479
49605000,99209.99989678893,299.3212596167852,479
49610000,99219.99989675458,301.14462126315374,479
49615000,99229.99989672024,301.9076791418397,479
49620000,99239.9998966859,302.6293914528059,479
49625000,99249.99989665156,301.6899405584687,479
49630000,99259.99989661721,297.1678851662538,479
49635000,99269.99989658287,302.190199817948,479
49640000,99279.99989654853,301.26759668970834,479
49645000,99289.99989651419,299.4444782525616,479
49650000,99299.99989647984,300.60082755295787,479
49655000,99309.9998964455,301.85479219104525,479
49660000,99319.99989641116,299.0363510683166,479
49665000,99329.99989637682,300.22440600727435,479
49670000,99339.99989634247,300.4919361513431,479
49675000,99349.99989630813,298.7958171478766,479
49680000,99359.99989627379,299.0896138879085,479
49685000,99369.99989623945,300.27545783394004,479
49690000,99379.9998962051,300.82075501932576,479
49695000,99389.99989617076,302.2657715561651,479
49700000,99399.99989613642,300.07430169751547,479
49705000,99409.99989610208,298.5496009756164,479
49710000,99419.99989606773,302.296415918122,479
49715000,99429.99989603339,300.65926409599695,479
49720000,99439.99989599905,300.3732058312068,479
49725000,99449.9998959647,298.3560506548579,479
49730000,99459.99989593036,300.34428604373227,479
49735000,99469.99989589602,299.85282653609926,479
49740000,99479.99989586168,303.6800774012596,479
49745000,99489.99989582734,300.1199144815828,479
49750000,99499.999895793,302.8988230507911,479
49755000,99509.99989575865,299.20197654841735,479
49760000,99519.99989572431,299.8000722448804,479
49765000,99529.99989568997,301.2606320619908,479
49770000,99539.99989565562,300.29902701853325,479
49775000,99549.99989562128,297.22539309226397,479
49780000,99559.99989558694,301.6711471185961,479
49785000,99569.9998955526,301.3982221517875,479
49790000,99579.99989551825,301.2391633206775,479
49795000,99589.99989548391,299.15689440265237,479
49800000,99599.99989544957,300.67527168478256,479
49805000,99609.99989541523,297.6588582554431,479
49810000,99619.99989538088,301.44567005998346,479
49815000,99629.99989534654,300.8609950905824,479
49820000,99639.9998953122,298.85860934698036,479
49825000,99649.99989527786,301.95623254649877,479
49830000,99659.99989524351,297.59491634001773,479
49835000,99669.99989520917,300.68725526644255,479
49840000,99679.99989517483,300.2673434899009,479
49845000,99689.99989514049,299.93680004743584,479
49850000,99699.99989510614,301.9918737524689,479
49855000,99709.9998950718,303.0143695411137,479
49860000,99719.99989503746,299.62650930017463,479
49865000,99729.99989500311,298.81927578282347,479
49870000,99739.99989496877,300.94846197074236,479
49875000,99749.99989493443,301.7273947786383,479
49880000,99759.99989490009,302.0758251538763,479
49885000,99769.99989486574,299.8024601172407,479
49890000,99779.9998948314,300.57403031869245,479
49895000,99789.99989479706,301.84241063065866,479
49900000,99799.99989476272,301.9054460389842,479
49905000,99809.99989472837,299.09231129927844,479
49910000,99819.99989469403,298.4501726237257,479
49915000,99829.99989465969,299.3067997230479,479
49920000,99839.99989462535,302.41766677019416,479
49925000,99849.999894591,300.83368932794394,479
49930000,99859.99989455666,300.0425076192369,479
49935000,99869.99989452232,298.78885252015914,479
49940000,99879.99989448798,299.5091497956526,479
49945000,99889.99989445363,300.4837333675869,479
49950000,99899.99989441929,300.349327107604,479
49955000,99909.99989438495,301.28930864024346,479
49960000,99919.9998943506,298.1961295365067,479
49965000,99929.99989431626,298.6735713489877,479
49970000,99939.99989428192,298.8973238331179,479
49975000,99949.99989424758,301.77013327190156,479
49980000,99959.99989421324,298.9323017412102,479
49985000,99969.9998941789,299.89983224571,479
49990000,99979.99989414455,299.1723492432064,479
49995000,99989.99989411021,299.7447532018672,479
50000000,99999.99989407587,300.0255050836345,479
50005000,100009.99989404152,298.19533357905334,479
50010000,100019.99989400718,301.054302202119,479
50015000,100029.99989397284,300.9567310842863,479
50020000,100039.9998939385,299.0643201288329,479
50025000,100049.99989390415,301.053793673746,479
50030000,100059.99989386981,298.1240069472545,479
50035000,100069.99989383547,299.09600365746513,479
50040000,100079.99989380113,302.5244135086705,479
50045000,100089.99989376678,298.9872670253552,479
50050000,100099.99989373244,299.3122387656463,479
