#"Step","Time (ps)","Temperature (K)","Speed (ns/day)"
5000,10.000000000000009,299.78710125568546,0
10000,19.999999999999794,298.4964345665962,611
15000,29.99999999999425,301.22028025387306,612
20000,40.00000000000292,301.1496972641725,610
25000,50.00000000001514,299.3758306396506,611
30000,60.00000000002736,297.8610552334196,611
35000,70.00000000001826,299.59208208839533,610
40000,79.99999999999496,301.3813542560101,609
45000,89.99999999997165,302.7576342712559,609
50000,99.99999999994834,299.00931996830377,609
55000,109.99999999992504,299.650967459415,608
60000,119.99999999990173,299.2598255759026,606
65000,129.99999999989262,301.74294309911954,604
70000,139.99999999994037,299.60466254622185,604
75000,149.99999999998812,303.1756806777342,603
80000,160.00000000003587,300.6887669461907,602
85000,170.00000000008362,298.1365451888424,601
90000,180.00000000013137,301.59361085762055,601
95000,190.0000000001791,303.9727740714286,600
100000,200.00000000022686,304.1901732110628,600
105000,210.0000000002746,299.9551938290311,600
110000,220.00000000032236,303.81827722092714,599
115000,230.0000000003701,302.0037558537446,599
120000,240.00000000041786,300.7557965083297,599
125000,250.0000000004656,301.6426084302081,598
130000,260.00000000051335,301.97954399017317,598
135000,270.0000000005611,298.95489293497,598
140000,280.00000000060885,300.43144140619114,598
145000,290.0000000006566,301.1961566742162,598
150000,300.00000000070435,299.71334004506036,598
155000,310.0000000007521,301.16057825664353,597
160000,320.00000000079984,298.75055981469245,597
165000,330.0000000008476,301.13380615954947,597
170000,340.00000000089534,299.6915780601183,597
175000,350.0000000009431,300.8240620452727,597
180000,360.00000000099084,300.0936230070804,597
185000,370.0000000010386,299.4431029825546,596
190000,380.00000000108633,301.0584116965048,596
195000,390.0000000011341,300.7391329194542,596
200000,400.00000000118183,298.97224072418345,596
205000,410.0000000012296,299.7067849644033,596
210000,420.00000000127733,301.10822589530216,596
215000,430.0000000013251,301.3290460366261,596
220000,440.0000000013728,299.03757082096695,596
225000,450.0000000014206,300.9654708054388,596
230000,460.0000000014683,298.2498134512386,596
235000,470.00000000151607,301.07695131856497,595
240000,480.0000000015638,299.84627354942756,595
245000,490.00000000161157,299.4238570891779,595
250000,500.0000000016593,302.7503067063464,595
255000,510.00000000170706,299.7970331960749,595
260000,520.0000000015274,299.4803808654828,595
265000,530.0000000012909,300.082146098186,595
270000,540.0000000010544,301.1160390217418,595
275000,550.000000000818,301.0844995932609,595
280000,560.0000000005815,299.00812813545707,595
285000,570.000000000345,298.53510292117886,595
290000,580.0000000001086,301.44189495042804,595
295000,589.9999999998721,300.57243081776306,595
300000,599.9999999996356,300.28407348179144,595
305000,609.9999999993992,301.52444041055315,595
310000,619.9999999991627,299.0146170031781,595
315000,629.9999999989262,300.46871928911935,595
320000,639.9999999986898,299.64258048753067,595
325000,649.9999999984533,300.56713378288873,594
330000,659.9999999982168,302.0390914905522,594
335000,669.9999999979804,300.54056032460255,594
340000,679.9999999977439,300.3891092691538,594
345000,689.9999999975074,298.0189510146321,594
350000,699.999999997271,301.87912103734726,594
355000,709.9999999970345,299.43215577714767,594
360000,719.999999996798,300.1100217442122,594
365000,729.9999999965615,301.60601474761796,594
370000,739.9999999963251,299.91361210526753,594
375000,749.9999999960886,300.5563410743323,594
380000,759.9999999958521,302.40092311442663,594
385000,769.9999999956157,299.1931712204006,594
390000,779.9999999953792,300.56302858086116,594
395000,789.9999999951427,300.34412861467916,594
400000,799.9999999949063,302.3416183948127,594
405000,809.9999999946698,300.10362116040574,594
410000,819.9999999944333,299.6822641071309,594
415000,829.9999999941969,301.8686814644491,594
420000,839.9999999939604,300.3562897239115,594
425000,849.9999999937239,300.4478180723443,594
430000,859.9999999934874,300.04268318837217,594
435000,869.999999993251,299.356143326701,594
440000,879.9999999930145,300.4074281814275,594
445000,889.999999992778,301.3781098221496,594
450000,899.9999999925416,299.39891688331124,594
455000,909.9999999923051,300.4912096163566,594
460000,919.9999999920686,300.671308802084,594
465000,929.9999999918322,300.14551187787026,594
470000,939.9999999915957,303.24496147969484,594
475000,949.9999999913592,301.2169254651193,594
480000,959.9999999911228,301.2440065559143,594
485000,969.9999999908863,301.57895572780154,593
490000,979.9999999906498,302.3284861625201,593
495000,989.9999999904134,301.7999524369546,593
500000,999.9999999901769,301.0516359060614,593
505000,1009.9999999899404,300.10218654679386,593
510000,1019.999999989704,301.6631785823035,593
515000,1029.9999999894676,301.1787206010881,593
520000,1039.9999999892311,302.0076403459858,593
525000,1049.9999999889947,301.3169511403297,593
530000,1059.9999999887582,299.13675779898887,593
535000,1069.9999999885217,299.5197334204034,593
540000,1079.9999999882853,300.592780260072,593
545000,1089.9999999880488,300.4476856464725,593
550000,1099.9999999878123,299.4874215076699,593
555000,1109.9999999875758,301.2771350948576,593
560000,1119.9999999873394,301.1067692107118,593
565000,1129.999999987103,299.1851373841745,593
570000,1139.9999999868664,298.0559419748379,593
575000,1149.99999998663,301.31202931209225,593
580000,1159.9999999863935,303.51656694287635,593
585000,1169.999999986157,301.09180508719174,593
590000,1179.9999999859206,301.35992333574774,593
595000,1189.999999985684,300.8419836799309,593
600000,1199.9999999854476,297.73317598316163,593
605000,1209.9999999852112,300.32724431601724,593
610000,1219.9999999849747,302.37788101272326,593
615000,1229.9999999847382,301.1725407270681,593
620000,1239.9999999845018,301.17927237555426,593
625000,1249.9999999842653,300.38420951189505,593
630000,1259.9999999840288,299.197717842001,593
635000,1269.9999999837923,301.73579210203917,593
640000,1279.9999999835559,300.1617561181516,593
645000,1289.9999999833194,299.8961760321395,593
650000,1299.999999983083,299.6782251180392,593
655000,1309.9999999828465,301.08463201913275,593
660000,1319.99999998261,299.1803921237662,592
665000,1329.9999999823735,301.0053972058042,592
670000,1339.999999982137,301.8865810281286,592
675000,1349.9999999819006,300.6755022880262,592
680000,1359.9999999816641,298.2835820485625,592
685000,1369.9999999814277,300.44419843184687,592
690000,1379.9999999811912,302.89096505323863,592
695000,1389.9999999809547,303.2005767416436,592
700000,1399.9999999807183,300.67536986215435,592
705000,1409.9999999804818,298.46213626578486,592
710000,1419.9999999802453,298.28623056599963,592
715000,1429.9999999800089,301.2749942099292,592
720000,1439.9999999797724,300.7725704520984,592
725000,1449.999999979536,297.4656536510291,592
730000,1459.9999999792994,301.89792551115113,592
735000,1469.999999979063,301.2992060735006,592
740000,1479.9999999788265,300.63674564952896,592
745000,1489.99999997859,298.12751815857735,592
750000,1499.9999999783536,299.2614588283222,592
755000,1509.999999978117,301.64883244618545,592
760000,1519.9999999778806,302.44972204820647,592
765000,1529.9999999776442,301.6050877665149,592
770000,1539.9999999774077,299.70358467250014,592
775000,1549.9999999771712,299.1219040303621,592
780000,1559.9999999769348,298.5387225616763,592
785000,1569.9999999766983,302.6025194333524,592
790000,1579.9999999764618,300.476157208922,592
795000,1589.9999999762254,300.7634772088975,592
800000,1599.9999999759889,299.49865563579925,592
805000,1609.9999999757524,299.8429849736097,592
810000,1619.999999975516,301.71908437120635,592
815000,1629.9999999752795,301.68357216656966,592
820000,1639.999999975043,298.8123144129358,592
825000,1649.9999999748065,301.89938219574157,592
830000,1659.99999997457,299.4761211666047,592
835000,1669.9999999743336,300.7230431760234,592
840000,1679.9999999740971,299.3999321483288,592
845000,1689.9999999738607,300.839997291853,592
850000,1699.9999999736242,300.7894326797817,592
855000,1709.9999999733877,300.71884969008124,592
860000,1719.9999999731513,300.13039325749975,592
865000,1729.9999999729148,299.4341200942469,592
870000,1739.9999999726783,299.1305337830115,592
875000,1749.9999999724419,301.08681704601844,592
880000,1759.9999999722054,299.5476752793655,592
885000,1769.999999971969,301.52724342484083,592
890000,1779.9999999717324,299.92491244633277,592
895000,1789.999999971496,300.77367400103054,592
900000,1799.9999999712595,300.540472040688,592
905000,1809.999999971023,301.08211592756743,592
910000,1819.9999999707866,300.19409010186365,592
915000,1829.99999997055,302.12395440343477,592
920000,1839.9999999703136,300.47580407326376,592
925000,1849.9999999700772,299.49009209608573,592
930000,1859.9999999698407,298.3184983367758,592
935000,1869.9999999696042,301.19787821055036,592
940000,1879.9999999693678,299.3284663194826,592
945000,1889.9999999691313,300.637981624333,592
950000,1899.9999999688948,300.9256989019241,592
955000,1909.9999999686584,299.28368430381573,592
960000,1919.999999968422,301.6812326428335,592
965000,1929.9999999681854,303.5199438026088,592
970000,1939.999999967949,300.3759991078398,592
975000,1949.9999999677125,301.78286949948483,592
980000,1959.999999967476,299.4353560690509,592
985000,1969.9999999672395,302.0881773470544,592
990000,1979.999999967003,302.8748973807865,592
995000,1989.9999999667666,302.31369860682923,592
1000000,1999.9999999665301,301.4968516872493,592
1005000,2009.9999999662937,301.24217466468696,592
1010000,2019.9999999660572,299.9830915460359,592
1015000,2029.9999999658207,302.08755935965235,592
1020000,2039.9999999655843,303.17662972981583,592
1025000,2049.999999965348,299.6401306089013,592
1030000,2059.9999999651113,300.858735552721,591
1035000,2069.999999964875,300.33530022322196,591
1040000,2079.9999999646384,300.2542114476874,591
1045000,2089.999999964402,300.1802074562971,591
1050000,2099.9999999641655,299.7156354268392,591
1055000,2109.999999963929,301.00956862076765,591
1060000,2119.9999999636925,299.9455046694068,591
1065000,2129.999999963456,301.4097596055238,591
1070000,2139.9999999632196,299.61437377682483,591
1075000,2149.999999962983,298.5848950489976,591
1080000,2159.9999999627466,300.173784801512,591
1085000,2169.99999996251,300.0516440057013,591
1090000,2179.9999999622737,299.47682743792126,591
1095000,2189.9999999620372,297.97216053990877,591
1100000,2199.9999999618008,300.02458498588487,591
1105000,2209.9999999615643,302.433610233797,591
1110000,2219.999999961328,300.4865305688843,591
1115000,2229.9999999610914,301.4767229547268,591
1120000,2239.999999960855,301.02731368759675,591
1125000,2249.9999999606184,300.0614876621761,591
1130000,2259.999999960382,299.60713449582994,592
1135000,2269.9999999601455,299.1413927045039,591
1140000,2279.999999959909,301.11347878821925,591
1145000,2289.9999999596726,302.3284420205628,592
1150000,2299.999999959436,300.56682478918776,592
1155000,2309.9999999591996,299.1414368464612,591
1160000,2319.999999958963,300.46501136470727,591
1165000,2329.9999999587267,298.8122261290212,591
1170000,2339.99999995849,300.8347664699146,592
1175000,2349.9999999582537,300.08647201,592
1180000,2359.9999999580173,300.0402112387642,592
1185000,2369.999999957781,299.92500073024735,592
1190000,2379.9999999575443,300.652945747853,592
1195000,2389.999999957308,299.8413075792328,592
1200000,2399.9999999570714,300.4645037321985,592
1205000,2409.999999956835,301.5513890754763,592
1210000,2419.9999999565985,300.7413400173185,592
1215000,2429.999999956362,298.8673152917143,592
1220000,2439.9999999561255,300.4973453484194,591
1225000,2449.999999955889,299.47197182261976,592
1230000,2459.9999999556526,301.71098432204434,592
1235000,2469.999999955416,301.7513300710039,592
1240000,2479.9999999551796,298.5613011728282,592
1245000,2489.999999954943,300.56159396724934,592
1250000,2499.9999999547067,300.5916104982039,592
1255000,2509.9999999544702,298.51568045997294,592
1260000,2519.9999999542338,299.18756519182523,592
1265000,2529.9999999539973,300.1083222788567,592
1270000,2539.999999953761,298.3614043192579,592
1275000,2549.9999999535244,298.9839824848216,592
1280000,2559.999999953288,297.60642235281455,591
1285000,2569.9999999530514,297.7377226047621,591
1290000,2579.999999952815,300.41272521630185,591
1295000,2589.9999999525785,302.1921316564632,591
1300000,2599.999999952342,300.55475196387,591
1305000,2609.9999999521056,298.900598327508,591
1310000,2619.999999951869,299.3755878588855,591
1315000,2629.9999999516326,300.5259051947835,591
1320000,2639.999999951396,298.3573432591876,591
1325000,2649.9999999511597,302.03767894791906,591
1330000,2659.999999950923,298.8915271552857,591
1335000,2669.9999999506867,300.0173898468472,591
1340000,2679.9999999504503,299.26887467714624,591
1345000,2689.999999950214,299.3294374425429,591
1350000,2699.9999999499773,299.4372321022356,591
1355000,2709.999999949741,299.21797900039536,592
1360000,2719.9999999495044,302.94962971447194,591
1365000,2729.999999949268,299.49887634558564,591
1370000,2739.9999999490315,301.1062395072243,591
1375000,2749.999999948795,302.91032130150865,591
1380000,2759.9999999485585,300.77449062724037,591
1385000,2769.999999948322,300.54303227421053,591
1390000,2779.9999999480856,300.82726233717597,591
1395000,2789.999999947849,300.1605642853048,591
1400000,2799.9999999476127,299.54198096687554,591
1405000,2809.999999947376,301.5613430868444,591
1410000,2819.9999999471397,296.94678701410913,591
1415000,2829.9999999469032,298.4828388437521,591
1420000,2839.999999946667,301.74735729484814,591
1425000,2849.9999999464303,300.7525300034905,591
1430000,2859.999999946194,301.3541407393432,591
1435000,2869.9999999459574,298.28722376003856,591
1440000,2879.999999945721,300.9997249642929,591
1445000,2889.9999999454844,297.3872133929316,591
1450000,2899.999999945248,300.0037499820458,591
1455000,2909.9999999450115,298.337037958836,591
1460000,2919.999999944775,299.7323872996293,591
1465000,2929.9999999445386,296.0528682371077,591
1470000,2939.999999944302,301.65194445417416,591
1475000,2949.9999999440656,300.9430908330948,591
1480000,2959.999999943829,298.8717294874429,591
1485000,2969.9999999435927,299.62346702002577,591
1490000,2979.999999943356,300.55406776353203,591
1495000,2989.9999999431197,299.7313499636331,591
1500000,2999.9999999428833,298.47559956275717,591
1505000,3009.999999942647,302.7490707315424,591
1510000,3019.9999999424103,302.2616773101675,591
1515000,3029.999999942174,299.75004408254375,591
1520000,3039.9999999419374,298.58882368319604,591
1525000,3049.999999941701,300.7422449274428,591
1530000,3059.9999999414645,300.5600269277657,591
1535000,3069.999999941228,300.70682100672076,591
1540000,3079.9999999409915,299.4416683689428,591
1545000,3089.999999940755,301.1868427212288,591
1550000,3099.9999999405186,300.054689800754,591
1555000,3109.999999940282,302.23826000182726,591
1560000,3119.9999999400457,300.059699912906,591
1565000,3129.999999939809,300.88583871449464,591
1570000,3139.9999999395727,296.09303741823805,591
1575000,3149.9999999393362,301.28461715661757,591
1580000,3159.9999999391,300.2771873364548,591
1585000,3169.9999999388633,299.752935380746,591
1590000,3179.999999938627,299.8266965913711,591
1595000,3189.9999999383904,302.9067899449258,591
1600000,3199.999999938154,298.609173125505,591
1605000,3209.9999999379174,302.798995285233,591
1610000,3219.999999937681,302.22484084681224,591
1615000,3229.9999999374445,302.1912488173175,591
1620000,3239.999999937208,302.6707187573595,591
1625000,3249.9999999369716,298.4827947017948,591
1630000,3259.999999936735,298.971402026995,591
1635000,3269.9999999364986,300.10863127255766,591
1640000,3279.999999936262,301.6736402261803,591
1645000,3289.9999999360257,300.6935563485563,591
1650000,3299.999999935789,298.98115739955523,591
1655000,3309.9999999355528,300.75599514713747,591
1660000,3319.9999999353163,299.84053509498034,591
1665000,3329.99999993508,302.3275150394598,591
1670000,3339.9999999348433,301.3226675237982,591
1675000,3349.999999934607,299.7735938167559,591
1680000,3359.9999999343704,302.98275825341517,591
1685000,3369.999999934134,302.0105095732094,591
1690000,3379.9999999338975,299.540038720755,591
1695000,3389.999999933661,302.1059665558407,591
1700000,3399.9999999334245,300.1252286484973,591
1705000,3409.999999933188,299.383533411197,591
1710000,3419.9999999329516,302.84622717952914,591
1715000,3429.999999932715,299.1999690818226,591
1720000,3439.9999999324787,300.1648681261402,591
1725000,3449.999999932242,300.24979725195874,591
1730000,3459.9999999320057,300.78718143996014,591
1735000,3469.9999999317693,300.93986847021284,591
1740000,3479.999999931533,303.51316801216535,591
1745000,3489.9999999312963,299.9840405981176,591
1750000,3499.99999993106,301.508990725503,591
1755000,3509.9999999308234,300.5487707286577,591
1760000,3519.999999930587,299.62095092846045,591
1765000,3529.9999999303504,300.3460708607998,591
1770000,3539.999999930114,298.4767031116893,591
1775000,3549.9999999298775,301.5845617563769,591
1780000,3559.999999929641,301.38720306535055,591
1785000,3569.9999999294046,299.50242977314724,591
1790000,3579.999999929168,301.6297851916165,591
1795000,3589.9999999289316,299.6318539919102,591
1800000,3599.999999928695,299.7997258554693,591
1805000,3609.9999999284587,301.442888144467,591
1810000,3619.999999928222,298.89057810320406,591
1815000,3629.9999999279858,302.16083500874737,591
1820000,3639.9999999277493,300.878334581756,591
1825000,3649.999999927513,303.2495743142312,591
1830000,3659.9999999272763,299.9157529901959,591
1835000,3669.99999992704,301.18390728106925,591
1840000,3679.9999999268034,302.5492621618867,591
1845000,3689.999999926567,303.3663077202744,591
1850000,3699.9999999263305,300.89572651292673,591
1855000,3709.999999926094,301.2249372303668,591
1860000,3719.9999999258575,298.82017168133274,591
1865000,3729.999999925621,300.63211074401397,591
1870000,3739.9999999253846,301.5445029301397,591
1875000,3749.999999925148,301.51199237859845,591
1880000,3759.9999999249117,301.1219099020609,591
1885000,3769.999999924675,300.045353776788,591
1890000,3779.9999999244387,301.68955340178195,591
1895000,3789.9999999242023,299.1125017934601,591
1900000,3799.999999923966,297.61906902357697,591
1905000,3809.9999999237293,300.5060413140048,591
1910000,3819.999999923493,298.8893421284001,591
1915000,3829.9999999232564,300.1232422604194,591
1920000,3839.99999992302,300.7665450749289,591
1925000,3849.9999999227834,299.8980741363028,592
1930000,3859.999999922547,300.550977826522,591
1935000,3869.9999999223105,299.4150728396779,591
1940000,3879.999999922074,301.09831602589145,591
1945000,3889.9999999218376,298.6728920408475,591
1950000,3899.999999921601,302.92952305292806,591
1955000,3909.9999999213646,302.3564059505036,591
1960000,3919.999999921128,302.1331800725076,591
1965000,3929.9999999208917,300.10946996974616,591
1970000,3939.9999999206552,300.1235953960777,591
1975000,3949.9999999204188,299.00711287043947,591
1980000,3959.9999999201823,302.34303093744586,592
1985000,3969.999999919946,298.0118883014663,592
1990000,3979.9999999197094,300.5701354359842,592
1995000,3989.999999919473,301.09999342026833,592
2000000,3999.9999999192364,297.8331354454361,592
2005000,4009.999999919,300.44878919540463,592
2010000,4019.9999999187635,300.3221459199507,592
2015000,4029.999999918527,301.8065516595688,592
2020000,4039.9999999182905,298.9298423742101,592
2025000,4049.999999918054,301.9540740808191,592
2030000,4059.9999999178176,300.85692573247223,592
2035000,4069.999999917581,300.8687999189822,592
2040000,4079.9999999173447,301.67156555418785,592
2045000,4089.999999917108,302.65637262124153,592
2050000,4099.999999917781,299.2153746249155,592
2055000,4109.999999919818,300.4676378111658,592
2060000,4119.999999921855,299.57036424541053,592
2065000,4129.999999923893,299.87194209758945,592
2070000,4139.99999992593,302.1154570766572,592
2075000,4149.999999927967,301.92343956246253,592
2080000,4159.999999930004,302.83620695522524,592
2085000,4169.999999932042,300.0768049213544,592
2090000,4179.999999934079,301.08566935512897,592
2095000,4189.999999936116,301.7077619591625,592
2100000,4199.999999938153,299.78074481383624,592
2105000,4209.999999940191,299.0625993107481,592
2110000,4219.999999942228,302.1401103598015,592
2115000,4229.999999944265,299.97410865772815,592
2120000,4239.9999999463025,299.5281203922877,592
2125000,4249.99999994834,300.29334329282153,592
2130000,4259.999999950377,300.0363708884803,592
2135000,4269.999999952414,298.4102253240164,592
2140000,4279.999999954452,299.8744361181761,592
2145000,4289.999999956489,300.87687789716557,592
2150000,4299.999999958526,302.43297017541636,592
2155000,4309.999999960563,300.1835401740722,592
2160000,4319.999999962601,300.66779951647976,592
2165000,4329.999999964638,297.423608436714,592
2170000,4339.999999966675,299.07473834900185,592
2175000,4349.9999999687125,300.7661257263347,592
2180000,4359.99999997075,300.6188240148708,592
2185000,4369.999999972787,300.10057536535294,592
2190000,4379.999999974824,300.82916044133924,592
2195000,4389.999999976862,299.71011768217846,592
2200000,4399.999999978899,301.224363384922,592
2205000,4409.999999980936,301.3345858522655,592
2210000,4419.999999982973,300.05283583854805,592
2215000,4429.999999985011,299.8301396640395,592
2220000,4439.999999987048,300.4053535094351,592
2225000,4449.999999989085,299.06829362323805,592
2230000,4459.999999991122,299.9360803615262,592
2235000,4469.99999999316,299.30588770833066,592
2240000,4479.999999995197,303.28111374271214,592
2245000,4489.999999997234,300.2858170891042,592
2250000,4499.9999999992715,298.65035757165293,592
2255000,4510.000000001309,298.5543488145556,592
2260000,4520.000000003346,300.2112613232479,592
2265000,4530.000000005383,301.42675425907896,592
2270000,4540.000000007421,303.1660356600672,592
2275000,4550.000000009458,301.4588675330046,592
2280000,4560.000000011495,299.89511662516463,592
2285000,4570.000000013532,300.33159229880994,592
2290000,4580.00000001557,296.66494061683716,592
2295000,4590.000000017607,300.14297371532626,592
2300000,4600.000000019644,299.5719533558729,592
2305000,4610.000000021681,300.94876307460606,592
2310000,4620.000000023719,301.49292305305084,592
2315000,4630.000000025756,300.2378568525129,592
2320000,4640.000000027793,301.6647235508085,592
2325000,4650.0000000298305,299.8834190064838,592
2330000,4660.000000031868,301.2184042206884,592
2335000,4670.000000033905,300.92291795861496,592
2340000,4680.000000035942,299.4837577252152,592
2345000,4690.00000003798,302.99366131686486,592
2350000,4700.000000040017,301.3473428779212,592
2355000,4710.000000042054,301.28274112343297,592
2360000,4720.000000044091,301.63144051501473,592
2365000,4730.000000046129,301.8734046538787,592
2370000,4740.000000048166,300.95876122793135,592
2375000,4750.000000050203,299.38969121423844,592
2380000,4760.0000000522405,299.9939504675283,592
2385000,4770.000000054278,300.7155611142634,592
2390000,4780.000000056315,299.8987804076194,592
2395000,4790.000000058352,301.3497706855719,592
2400000,4800.0000000603895,300.73262198075446,592
2405000,4810.000000062427,298.677129668747,592
2410000,4820.000000064464,300.08845839807793,592
2415000,4830.000000066501,300.98056735483067,592
2420000,4840.000000068539,300.2755320130566,592
2425000,4850.000000070576,302.2093911617621,592
2430000,4860.000000072613,299.3040558171033,592
2435000,4870.00000007465,302.7753351961276,592
2440000,4880.000000076688,299.3194392892175,592
2445000,4890.000000078725,299.5247214615767,592
2450000,4900.000000080762,300.37789721200306,592
2455000,4910.0000000827995,297.42930274920394,592
2460000,4920.000000084837,301.4485383149996,592
2465000,4930.000000086874,298.4881800205837,592
2470000,4940.000000088911,299.5339912726068,592
2475000,4950.000000090949,300.2086128058108,592
2480000,4960.000000092986,301.3165980046714,592
2485000,4970.000000095023,298.4636812342899,592
2490000,4980.00000009706,301.9521318346985,592
2495000,4990.000000099098,300.4289253146259,592
2500000,5000.000000101135,300.4293225922414,592
2505000,5010.000000103172,299.1025036401348,592
2510000,5020.000000105209,301.3002875514542,592
2515000,5030.000000107247,300.5722101079767,592
2520000,5040.000000109284,301.0431165083051,592
2525000,5050.000000111321,298.2091366375994,592
2530000,5060.0000001133585,301.4081925660401,592
2535000,5070.000000115396,302.58009531905105,592
2540000,5080.000000117433,299.11775468637717,592
2545000,5090.00000011947,299.8024405858424,592
2550000,5100.000000121508,298.1675328428572,592
2555000,5110.000000123545,302.70294238617834,592
2560000,5120.000000125582,301.20396980065584,592
2565000,5130.000000127619,302.48201188996126,592
2570000,5140.000000129657,300.195921993091,592
2575000,5150.000000131694,300.55567894497295,592
2580000,5160.000000133731,300.36922331739635,592
2585000,5170.0000001357685,300.6848383119922,592
2590000,5180.000000137806,301.02201665272236,592
2595000,5190.000000139843,301.0750752853803,592
2600000,5200.00000014188,299.84371331590495,592
2605000,5210.0000001439175,301.6248633633791,592
2610000,5220.000000145955,299.1922221683189,592
2615000,5230.000000147992,298.6858918472683,592
2620000,5240.000000150029,300.5863576052868,592
2625000,5250.000000152067,300.60613320215106,592
2630000,5260.000000154104,300.44605239405286,592
2635000,5270.000000156141,301.1897560904097,592
2640000,5280.000000158178,299.7399576453039,592
2645000,5290.000000160216,299.74510018332774,592
2650000,5300.000000162253,300.0708016151635,592
2655000,5310.00000016429,299.6870976514537,592
2660000,5320.0000001663275,300.19901193010105,592
2665000,5330.000000168365,300.0316035570934,592
2670000,5340.000000170402,300.56360242630586,592
2675000,5350.000000172439,301.6108703629194,592
2680000,5360.000000174477,300.6363925138707,592
2685000,5370.000000176514,297.6858778759295,592
2690000,5380.000000178551,302.0867648044212,592
2695000,5390.000000180588,301.1970395133619,592
2700000,5400.000000182626,300.19572335428325,592
2705000,5410.000000184663,302.017461931482,592
2710000,5420.0000001867,303.32503499021186,592
2715000,5430.000000188737,302.0694390861864,592
2720000,5440.000000190775,300.2365988067302,592
2725000,5450.000000192812,302.1312598973657,592
2730000,5460.000000194849,297.86758824309794,592
2735000,5470.0000001968865,299.4664099360017,592
2740000,5480.000000198924,301.20992896488946,592
2745000,5490.000000200961,298.911545532915,592
2750000,5500.000000202998,301.0795336230662,592
2755000,5510.000000205036,299.99690797866646,592
2760000,5520.000000207073,299.55319302402626,592
2765000,5530.00000020911,301.88682380889367,592
2770000,5540.000000211147,299.90624039840077,592
2775000,5550.000000213185,300.0643568893997,592
2780000,5560.000000215222,299.41226982539024,592
2785000,5570.000000217259,300.5448641654379,592
2790000,5580.000000219296,297.2131395843737,592
2795000,5590.000000221334,303.23626551410945,592
2800000,5600.000000223371,301.9644474407813,592
2805000,5610.000000225408,301.3274348551852,592
2810000,5620.0000002274455,303.36273222173423,592
2815000,5630.000000229483,299.65622035233207,592
2820000,5640.00000023152,302.6184767509114,592
2825000,5650.000000233557,299.9142521636482,592
2830000,5660.000000235595,300.9186803307155,592
2835000,5670.000000237632,299.84269805088735,592
2840000,5680.000000239669,302.1339966987174,592
2845000,5690.000000241706,301.8626560872795,591
2850000,5700.000000243744,301.81710158736024,591
2855000,5710.000000245781,299.62713080248056,592
2860000,5720.000000247818,298.41095366631157,591
2865000,5730.0000002498555,302.1716056463252,591
2870000,5740.000000251893,301.3858125936961,591
2875000,5750.00000025393,297.3000992402274,591
2880000,5760.000000255967,301.9912195378754,591
2885000,5770.000000258005,300.0305441501185,591
2890000,5780.000000260042,301.34167063640996,591
2895000,5790.000000262079,298.27903542696197,591
2900000,5800.000000264116,301.76744188541335,591
2905000,5810.000000266154,300.049436907837,591
2910000,5820.000000268191,300.3335786868878,591
2915000,5830.000000270228,300.87052145531635,591
2920000,5840.000000272265,299.0799470999616,591
2925000,5850.000000274303,300.8935194150624,591
2930000,5860.00000027634,298.5585202295191,591
2935000,5870.000000278377,297.4949859816457,591
2940000,5880.0000002804145,299.95713607515165,591
2945000,5890.000000282452,300.7763445894464,591
2950000,5900.000000284489,300.37785307004583,591
2955000,5910.000000286526,298.7938410038115,591
2960000,5920.000000288564,300.3792435417003,591
2965000,5930.000000290601,299.5823487868137,591
2970000,5940.000000292638,298.4833685472395,591
2975000,5950.000000294675,299.7071822420189,591
2980000,5960.000000296713,299.7526705290023,591
2985000,5970.00000029875,300.29720571408404,591
2990000,5980.000000300787,301.1965318808531,591
2995000,5990.000000302824,302.45546050265364,591
3000000,6000.000000304862,297.92956355112767,591
3005000,6010.000000306899,297.3298950613955,591
3010000,6020.000000308936,299.61576424847937,591
3015000,6030.0000003109735,301.09745525772433,591
3020000,6040.000000313011,299.3773756081556,591
3025000,6050.000000315048,300.5121991170462,591
3030000,6060.000000317085,301.0305801924359,591
3035000,6070.000000319123,301.9608278002839,591
3040000,6080.00000032116,300.86222276734657,591
3045000,6090.000000323197,301.3891673824498,591
3050000,6100.000000325234,299.8238273641475,591
3055000,6110.000000327272,300.73204813530975,591
3060000,6120.000000329309,301.0547258430714,591
3065000,6130.000000331346,299.0940283843359,591
3070000,6140.0000003333835,298.87804178733484,591
3075000,6150.000000335421,302.3052454220089,591
3080000,6160.000000337458,302.6923703874083,591
3085000,6170.000000339495,298.86925753783487,591
3090000,6180.0000003415325,300.3081970614483,591
3095000,6190.00000034357,299.1002082583559,591
3100000,6200.000000345607,298.34504972408337,591
3105000,6210.000000347644,299.99807774053454,591
3110000,6220.000000349682,298.10352700479234,591
3115000,6230.000000351719,302.6244579861236,591
3120000,6240.000000353756,301.5864157185829,591
3125000,6250.000000355793,301.7049589448748,591
3130000,6260.000000357831,300.80335946730554,591
3135000,6270.000000359868,298.1218900590233,591
3140000,6280.000000361905,300.45719823826767,591
3145000,6290.0000003639425,299.71417874224875,591
3150000,6300.00000036598,300.90051591529226,591
3155000,6310.000000368017,300.949138281243,591
3160000,6320.000000370054,301.5249259720833,591
3165000,6330.000000372092,302.89447433884294,591
3170000,6340.000000374129,300.4380847707627,591
3175000,6350.000000376166,299.75774685409016,591
3180000,6360.000000378203,300.8513197038969,591
3185000,6370.000000380241,299.4210320039116,591
3190000,6380.000000382278,301.7839289064597,591
3195000,6390.000000384315,302.8486991291372,591
3200000,6400.000000386352,300.1393761458075,591
3205000,6410.00000038839,300.0548884395618,591
3210000,6420.000000390427,301.1525002784602,591
3215000,6430.000000392464,297.20925509213254,591
3220000,6440.0000003945015,301.0278433910841,591
3225000,6450.000000396539,299.146270390784,591
3230000,6460.000000398576,300.98694586765856,591
3235000,6470.000000400613,297.32874737050605,591
3240000,6480.000000402651,302.0010190523929,591
3245000,6490.000000404688,300.6698962594509,591
3250000,6500.000000406725,300.6620610620326,591
3255000,6510.000000408762,300.8747370122372,591
3260000,6520.0000004108,302.97838819964386,591
3265000,6530.000000412837,301.1241169999252,591
3270000,6540.000000414874,299.6444344497367,591
3275000,6550.0000004169115,299.37719904032645,591
3280000,6560.000000418949,301.8915690693019,591
3285000,6570.000000420986,298.9934288636808,591
3290000,6580.000000423023,297.84414886377897,591
3295000,6590.0000004250605,300.64363179486566,591
3300000,6600.000000427098,298.4237327629459,591
3305000,6610.000000429135,299.71662862087817,591
3310000,6620.000000431172,298.3452704338698,591
3315000,6630.00000043321,303.13231120470056,591
3320000,6640.000000435247,299.00969517494076,591
3325000,6650.000000437284,301.1639771873546,591
3330000,6660.000000439321,299.14774914635314,591
3335000,6670.000000441359,298.7823420239385,591
3340000,6680.000000443396,300.26328261990966,591
3345000,6690.000000445433,299.9350871674872,591
3350000,6700.0000004474705,302.18604006635775,591
3355000,6710.000000449508,296.3854778852587,591
3360000,6720.000000451545,301.10098661430726,591
3365000,6730.000000453582,300.6408949935139,591
3370000,6740.00000045562,302.1207320405529,591
3375000,6750.000000457657,301.23164680787426,591
3380000,6760.000000459694,299.48859126953795,591
3385000,6770.000000461731,301.64671363223573,591
3390000,6780.000000463769,297.98911105150665,591
3395000,6790.000000465806,296.84870358501934,591
3400000,6800.000000467843,300.2631722650164,591
3405000,6810.00000046988,300.2341047861435,591
3410000,6820.000000471918,303.63530880797606,591
3415000,6830.000000473955,299.7517435478993,591
3420000,6840.000000475992,300.4485022726823,591
3425000,6850.0000004780295,300.1843788712607,591
3430000,6860.000000480067,299.86598293335584,591
3435000,6870.000000482104,300.1203730331958,591
3440000,6880.000000484141,301.93875682164077,591
3445000,6890.000000486179,300.276679703946,591
3450000,6900.000000488216,299.2122626169268,591
3455000,6910.000000490253,299.45956793262235,591
3460000,6920.00000049229,302.47110882651157,591
3465000,6930.000000494328,300.59571570023155,591
3470000,6940.000000496365,301.03002841796985,591
3475000,6950.000000498402,299.2215986408928,591
3480000,6960.0000005004395,299.8060381553612,591
3485000,6970.000000502477,299.0999434066122,591
3490000,6980.000000504514,302.9423242205411,591
3495000,6990.000000506551,301.8264155403476,591
3500000,7000.0000005085885,298.4963462826816,591
3505000,7010.000000510626,300.544797952502,591
3510000,7020.000000512663,300.24088057658696,591
3515000,7030.0000005147,301.5356524677038,591
3520000,7040.000000516738,300.03999052897774,591
3525000,7050.000000518775,299.26178989300183,591
3530000,7060.000000520812,299.083632953395,591
3535000,7070.000000522849,301.46217817980107,591
3540000,7080.000000524887,298.4218567297613,591
3545000,7090.000000526924,301.43273549429125,591
3550000,7100.000000528961,300.2678513124888,591
3555000,7110.0000005309985,298.33712624275057,591
3560000,7120.000000533036,302.6273713553045,591
3565000,7130.000000535073,298.89591928003574,591
3570000,7140.00000053711,303.57368663560464,591
3575000,7150.000000539148,300.9651397407592,591
3580000,7160.000000541185,299.07253125113755,591
3585000,7170.000000543222,299.91341346645976,591
3590000,7180.000000545259,301.42759295626735,591
3595000,7190.000000547297,300.3623151010811,591
3600000,7200.000000549334,301.34842435587467,591
3605000,7210.000000551371,301.59855475683656,591
3610000,7220.000000553408,301.8583963884014,591
3615000,7230.000000555446,300.0363708884803,591
3620000,7240.000000557483,301.65240794472567,591
3625000,7250.00000055952,300.32779609048333,591
3630000,7260.0000005615575,301.18940295475136,591
3635000,7270.000000563595,298.1800470877478,591
3640000,7280.000000565632,300.5801556602882,591
3645000,7290.000000567669,300.92382286873936,591
3650000,7300.000000569707,298.8204365330764,591
3655000,7310.000000571744,301.4912235876953,591
3660000,7320.000000573781,301.164506890842,591
3665000,7330.000000575818,302.2557181459339,591
3670000,7340.000000577856,298.69295456043403,591
3675000,7350.000000579893,300.81249685246377,591
3680000,7360.00000058193,300.26910935827146,591
3685000,7370.000000583967,300.33221028621193,591
3690000,7380.000000586005,301.29463738092153,591
3695000,7390.000000588042,302.5621295424356,591
3700000,7400.000000590079,298.93169633641617,591
3705000,7410.0000005921165,299.18820525020584,591
3710000,7420.000000594154,300.64780320982914,591
3715000,7430.000000596191,298.7230593753032,591
3720000,7440.000000598228,300.7192911096541,591
3725000,7450.000000600266,300.97950794785584,591
3730000,7460.000000602303,300.4521439841584,591
3735000,7470.00000060434,303.70072718867414,591
3740000,7480.000000606377,303.5495409849691,591
3745000,7490.000000608415,297.35682165534007,591
3750000,7500.000000610452,298.52040364940257,591
3755000,7510.000000612489,301.6691377465371,591
3760000,7520.0000006145265,300.7366388988675,591
3765000,7530.000000616564,302.0142174976215,591
3770000,7540.000000618601,299.6516295887743,591
3775000,7550.000000620638,299.24042518567535,591
3780000,7560.0000006226755,298.7548857265065,591
3785000,7570.000000624713,300.3930820453095,591
3790000,7580.00000062675,303.76866166093754,591
3795000,7590.000000628787,300.60615527312973,591
3800000,7600.000000630825,298.2902695550913,591
3805000,7610.000000632862,300.6721254282938,591
3810000,7620.000000634899,298.1985425678507,591
3815000,7630.000000636936,300.38981554047035,591
3820000,7640.000000638974,301.10504767437754,591
3825000,7650.000000641011,300.07303078400645,591
3830000,7660.000000643048,301.0849630838124,591
3835000,7670.0000006450855,300.1053426967399,591
3840000,7680.000000647123,297.3467793600575,591
3845000,7690.00000064916,300.11302339730764,591
3850000,7700.000000651197,298.96685540539454,591
3855000,7710.000000653235,300.10218654679386,591
3860000,7720.000000655272,299.32438318843356,591
3865000,7730.000000657309,299.6074876314882,591
3870000,7740.000000659346,300.3400234126516,591
3875000,7750.000000661384,304.592769932491,591
3880000,7760.000000663421,301.19825341718723,591
3885000,7770.000000665458,302.32173244305534,591
3890000,7780.000000667495,300.76310200226055,591
3895000,7790.000000669533,303.296828279506,591
3900000,7800.00000067157,299.90317253236935,591
3905000,7810.000000673607,299.2400499790384,591
3910000,7820.0000006756445,300.9661108638195,591
3915000,7830.000000677682,301.054505133285,591
3920000,7840.000000679719,299.1190348031385,591
3925000,7850.000000681756,299.1704822543555,591
3930000,7860.000000683794,299.0135575962032,591
3935000,7870.000000685831,297.5800696043147,591
3940000,7880.000000687868,301.14570241703814,591
3945000,7890.000000689905,299.81822133557216,591
3950000,7900.000000691943,301.02488587994594,591
3955000,7910.00000069398,298.8024486854823,591
3960000,7920.000000696017,299.7292752916406,591
3965000,7930.0000006980545,299.0144845773063,591
3970000,7940.000000700092,299.538184758549,591
3975000,7950.000000702129,300.28177810001256,591
3980000,7960.000000704166,299.9098158969409,591
3985000,7970.0000007062035,300.45170256458556,591
3990000,7980.000000708241,300.24754601213715,591
3995000,7990.000000710278,300.58532026929066,591
4000000,8000.000000712315,299.56630318534025,591
4005000,8010.000000714353,300.040652658337,591
4010000,8020.00000071639,300.880806531364,591
4015000,8030.000000718427,302.01510033676715,591
4020000,8040.000000720464,300.5952963516373,591
4025000,8050.000000722502,299.14218725973507,591
4030000,8060.000000724539,300.71033029232495,591
4035000,8070.000000726576,300.1312760966455,591
4040000,8080.0000007286135,300.792941965386,591
4045000,8090.000000730651,299.32233058741974,591
4050000,8100.000000732688,299.1387441870668,591
4055000,8110.000000734725,301.37786704138455,591
4060000,8120.000000736763,299.3715930117511,591
4065000,8130.0000007388,299.5731010467623,591
4070000,8140.000000740837,297.8940734174696,591
4075000,8150.000000742874,300.53084909399956,591
4080000,8160.000000744912,299.5141715337853,591
4085000,8170.000000746949,300.06771167815344,591
4090000,8180.000000748986,301.5246831913182,591
4095000,8190.000000751023,299.0412346034217,591
4100000,8200.00000075306,302.94479617014906,591
4105000,8210.000000755097,301.62473093750725,591
4110000,8220.000000757134,298.34670504748163,591
4115000,8230.000000759172,296.5308814925592,591
4120000,8240.000000761209,301.5519629209211,591
4125000,8250.000000763246,299.52650921084677,591
4130000,8260.000000765283,302.73123738079875,591
4135000,8270.00000076732,301.1943247829888,591
4140000,8280.000000769358,302.06743062712985,591
4145000,8290.000000771395,300.44700144613455,591
4150000,8300.000000773432,296.72296521968985,591
4155000,8310.00000077547,302.3869521849456,591
4160000,8320.000000777507,300.87928363383764,591
4165000,8330.000000779544,302.39405904006867,591
4170000,8340.000000781582,302.0001141422685,591
4175000,8350.000000783619,297.3765972522043,591
4180000,8360.000000785656,300.3370659015134,591
4185000,8370.000000787693,300.1463064331014,591
4190000,8380.00000078973,302.6119878831903,591
4195000,8390.000000791768,299.81173246785113,591
4200000,8400.000000793805,303.46191919975615,591
4205000,8410.000000795842,299.6861485993721,591
4210000,8420.00000079788,302.56917018462275,591
4215000,8430.000000799917,301.29289377360874,591
4220000,8440.000000801954,300.2952193260062,591
4225000,8450.000000803991,298.68670847347806,591
4230000,8460.000000806029,298.9038648323472,591
4235000,8470.000000808066,300.31283196696336,591
4240000,8480.000000810103,302.28425592131936,591
4245000,8490.00000081214,299.33802305323496,591
4250000,8500.000000814178,299.62198826445666,591
4255000,8510.000000816215,302.44945719646273,591
4260000,8520.000000818252,300.7713565482731,591
4265000,8530.00000082029,300.90208295477595,591
4270000,8540.000000822327,300.77360778809464,591
4275000,8550.000000824364,299.31147166592734,591
4280000,8560.000000826401,300.3721146155986,591
4285000,8570.000000828439,299.8334944527932,591
4290000,8580.000000830476,298.9351173381058,591
4295000,8590.000000832513,300.4826019346858,591
4300000,8600.00000083455,300.8695724032347,591
4305000,8610.000000836588,300.86056744394836,591
4310000,8620.000000838625,300.5948107901072,591
4315000,8630.000000840662,300.18923448656216,591
4320000,8640.0000008427,297.1255177991607,591
4325000,8650.000000844737,303.10600259815806,591
4330000,8660.000000846774,301.03687042134914,591
4335000,8670.000000848811,301.25866168573333,591
4340000,8680.000000850849,298.8248507288051,591
4345000,8690.000000852886,303.35615507009857,591
4350000,8700.000000854923,299.48395636402296,591
4355000,8710.00000085696,302.61178924438246,591
4360000,8720.000000858998,300.9309076528838,591
4365000,8730.000000861035,300.09141590921604,591
4370000,8740.000000863072,300.1618223310875,591
4375000,8750.00000086511,300.868005363751,591
4380000,8760.000000867147,298.70535845043145,591
4385000,8770.000000869184,300.4708822450263,591
4390000,8780.000000871221,299.5033126122929,591
4395000,8790.000000873259,302.3608422172108,591
4400000,8800.000000875296,301.23345662812295,591
4405000,8810.000000877333,301.48552927520547,591
4410000,8820.00000087937,301.77671169644344,591
4415000,8830.000000881408,301.07648782801346,591
4420000,8840.000000883445,302.6752653789599,591
4425000,8850.000000885482,300.22079598602176,591
4430000,8860.00000088752,300.4647244419849,591
4435000,8870.000000889557,300.94525378900175,591
4440000,8880.000000891594,296.8777048509564,591
4445000,8890.000000893631,301.59634765897226,591
4450000,8900.000000895669,301.85550509019913,591
4455000,8910.000000897706,298.72663487384335,591
4460000,8920.000000899743,298.27296590783516,591
4465000,8930.00000090178,300.69046641154625,591
4470000,8940.000000903818,303.07653784166956,591
4475000,8950.000000905855,302.57250290239784,591
4480000,8960.000000907892,298.6586562596227,591
4485000,8970.00000090993,302.38509822273954,591
4490000,8980.000000911967,299.79919615198185,591
4495000,8990.000000914004,303.19225598269514,591
4500000,9000.000000916041,299.0856634834302,591
4505000,9010.000000918079,301.2887223586452,591
4510000,9020.000000920116,300.78360594142,591
4515000,9030.000000922153,299.8333178849641,591
4520000,9040.00000092419,297.94276199635624,591
4525000,9050.000000926228,298.3146359155133,591
4530000,9060.000000928265,299.9412008285714,591
4535000,9070.000000930302,300.0427935432654,591
4540000,9080.00000093234,298.22946400892965,591
4545000,9090.000000934377,298.69990691870663,591
4550000,9100.000000936414,299.0494008655196,591
4555000,9110.000000938451,300.08126325904027,591
4560000,9120.000000940488,297.8368654408268,591
4565000,9130.000000942526,302.3878129531127,591
4570000,9140.000000944563,298.5370451672994,591
4575000,9150.0000009466,298.139966190532,591
4580000,9160.000000948638,301.2626344618891,591
4585000,9170.000000950675,299.2830883873924,591
4590000,9180.000000952712,302.05306242003326,591
4595000,9190.00000095475,299.326766854127,591
4600000,9200.000000956787,303.5450164343473,591
4605000,9210.000000958824,300.32706774818814,591
4610000,9220.000000960861,300.6270123479474,591
4615000,9230.000000962898,299.05895759927205,591
4620000,9240.000000964936,302.34671679087927,591
4625000,9250.000000966973,299.45945757772915,591
4630000,9260.00000096901,299.5671639535073,591
4635000,9270.000000971047,302.24053331262746,591
4640000,9280.000000973085,299.3378685563845,591
4645000,9290.000000975122,298.8664324525686,591
4650000,9300.00000097716,299.2002339335663,591
4655000,9310.000000979197,298.65706714916047,591
4660000,9320.000000981234,299.0531308609103,591
4665000,9330.000000983271,300.34986706912645,591
4670000,9340.000000985308,300.2161610805067,591
4675000,9350.000000987346,298.7534290419161,591
4680000,9360.000000989383,299.8466487560645,591
4685000,9370.00000099142,301.3247863377479,591
4690000,9380.000000993457,302.0048373316981,591
4695000,9390.000000995495,299.6648280340029,591
4700000,9400.000000997532,300.2125855819665,591
4705000,9410.00000099957,301.57138538212695,591
4710000,9420.000001001607,299.4134175162797,591
4715000,9430.000001003644,301.3982164836935,591
4720000,9440.000001005681,300.82183287642977,591
4725000,9450.000001007718,302.7538380629293,591
4730000,9460.000001009756,300.359291377007,591
4735000,9470.000001011793,303.069894477098,591
4740000,9480.00000101383,299.8410868694464,591
4745000,9490.000001015867,299.1213743268746,591
4750000,9500.000001017905,301.58127318055904,591
4755000,9510.000001019942,299.83495113738365,591
4760000,9520.00000102198,298.6297874195576,591
4765000,9530.000001024016,298.40770923245105,591
4770000,9540.000001026054,300.8939608346353,591
4775000,9550.000001028091,299.68429463716603,591
4780000,9560.000001030128,300.9231386684014,591
4785000,9570.000001032166,298.4823974241792,591
4790000,9580.000001034203,300.97944173491993,591
4795000,9590.00000103624,298.10785291660636,591
4800000,9600.000001038277,299.4360844113461,591
4805000,9610.000001040315,299.31621692633564,591
4810000,9620.000001042352,298.32867305793025,591
4815000,9630.00000104439,298.68112451588144,591
4820000,9640.000001046426,296.7490089744886,591
4825000,9650.000001048464,299.5955251610636,591
4830000,9660.000001050501,299.37068810162674,591
4835000,9670.000001052538,296.97543514438786,591
4840000,9680.000001054575,303.6554816824559,591
4845000,9690.000001056613,300.8436831452864,591
4850000,9700.00000105865,301.6537763454015,591
4855000,9710.000001060687,299.4307432345145,591
4860000,9720.000001062725,300.37324023550946,591
4865000,9730.000001064762,300.6604940225489,591
4870000,9740.000001066799,301.41267297470466,591
4875000,9750.000001068836,300.2871192768441,591
4880000,9760.000001070874,299.19723228047087,591
4885000,9770.00000107291,300.4076268202353,591
4890000,9780.000001074948,299.2658950950294,591
4895000,9790.000001076985,300.30305452342446,591
4900000,9800.000001079023,300.53868429141784,591
4905000,9810.00000108106,303.68858815042046,591
4910000,9820.000001083097,299.60819390280477,591
4915000,9830.000001085134,297.7326462796742,591
4920000,9840.000001087172,301.05790406399603,591
4925000,9850.000001089209,298.08622335753614,591
4930000,9860.000001091246,300.00273471702826,591
4935000,9870.000001093284,301.6054850441305,591
4940000,9880.00000109532,301.3473649488998,591
4945000,9890.000001097358,299.1001199744414,591
4950000,9900.000001099395,298.9651780110177,591
4955000,9910.000001101433,298.8269033298189,591
4960000,9920.00000110347,300.86875577702494,591
4965000,9930.000001105507,301.0385698867047,591
4970000,9940.000001107544,298.7234125109615,591
4975000,9950.000001109582,303.3004479200035,591
4980000,9960.000001111619,300.0468325323571,591
4985000,9970.000001113656,297.573558665615,591
4990000,9980.000001115694,299.74947023709905,591
4995000,9990.00000111773,299.63293546986364,591
5000000,10000.000001119768,299.7154147170528,591
5005000,10010.000001121805,299.78716746862136,591
5010000,10020.000001123843,299.0826397593561,591
5015000,10030.00000112588,297.8166484243897,591
5020000,10040.000001127917,294.959847161767,591
5025000,10050.000001129954,300.8777607363113,591
5030000,10060.000001131992,303.2017465035117,591
5035000,10070.000001134029,301.0069201033305,591
5040000,10080.000001136066,300.09883175804015,591
5045000,10090.000001138103,303.6916118744946,591
5050000,10100.00000114014,301.250892701251,591
5055000,10110.000001142178,299.9692751134054,591
5060000,10120.000001144215,301.93979415763704,591
5065000,10130.000001146253,300.101745127221,591
5070000,10140.00000114829,299.8061264392758,591
5075000,10150.000001150327,301.35833422528543,591
5080000,10160.000001152364,298.64523710460776,591
5085000,10170.000001154402,301.5543465866145,591
5090000,10180.000001156439,298.78031149390335,591
5095000,10190.000001158476,299.76079264914296,591
5100000,10200.000001160513,300.1503012802358,591
5105000,10210.00000116255,299.36091065808785,591
5110000,10220.000001164588,301.63706861456876,591
5115000,10230.000001166625,300.0858981645553,591
5120000,10240.000001168662,300.8462875207663,591
5125000,10250.0000011707,302.6093172947745,591
5130000,10260.000001172737,299.75063999896713,591
5135000,10270.000001174774,298.87221504897303,591
5140000,10280.000001176812,299.14245211147875,591
5145000,10290.000001178849,298.01016676513217,591
5150000,10300.000001180886,303.3546983855082,591
5155000,10310.000001182923,299.52315442209306,591
5160000,10320.00000118496,300.2043089649753,591
5165000,10330.000001186998,302.92775737463666,591
5170000,10340.000001189035,298.32882755478073,591
5175000,10350.000001191072,299.4014991878124,591
5180000,10360.00000119311,299.85847880061715,591
5185000,10370.000001195147,300.4400711588406,591
5190000,10380.000001197184,300.3342408162471,591
5195000,10390.000001199222,302.40454275492414,591
5200000,10400.000001201259,302.15785542663053,591
5205000,10410.000001203296,298.2296405767588,591
5210000,10420.000001205333,299.0910708731977,591
5215000,10430.00000120737,299.69279196394365,591
5220000,10440.000001209408,298.8586634680862,591
5225000,10450.000001211445,300.35973279657986,591
5230000,10460.000001213482,297.890277209143,591
5235000,10470.00000121552,301.29079703063763,591
5240000,10480.000001217557,304.2047841989245,591
5245000,10490.000001219594,302.06131696604575,591
5250000,10500.000001221631,303.03630244760325,591
5255000,10510.000001223669,300.5293924094091,591
5260000,10520.000001225706,300.21059919388864,591
5265000,10530.000001227743,300.6440070015026,591
5270000,10540.00000122978,301.5504400233947,591
5275000,10550.000001231818,300.2340827151649,591
5280000,10560.000001233855,299.73854510267074,591
5285000,10570.000001235892,300.7347849366615,591
5290000,10580.00000123793,299.45073954116515,591
5295000,10590.000001239967,302.122210796122,591
5300000,10600.000001242004,301.6272911710298,591
5305000,10610.000001244041,300.96814139385464,591
5310000,10620.000001246079,300.0709340410353,591
5315000,10630.000001248116,298.9279221990682,591
5320000,10640.000001250153,301.1023550149831,591
5325000,10650.00000125219,297.15085528264296,591
5330000,10660.000001254228,302.38668733320185,591
5335000,10670.000001256265,302.4586166525996,591
5340000,10680.000001258302,298.80604625500115,591
5345000,10690.00000126034,297.2389405584074,591
5350000,10700.000001262377,300.1350943759507,591
5355000,10710.000001264414,299.53862617812183,591
5360000,10720.000001266451,301.14241384122033,591
5365000,10730.000001268489,300.83136753920354,591
5370000,10740.000001270526,299.48982724434205,591
5375000,10750.000001272563,299.98761609665775,591
5380000,10760.0000012746,300.25189399492984,591
5385000,10770.000001276638,302.2771932081536,591
5390000,10780.000001278675,302.9896443987518,591
5395000,10790.000001280712,299.93572722586794,591
5400000,10800.00000128275,299.6465974056437,591
5405000,10810.000001284787,299.3791633574256,591
5410000,10820.000001286824,299.68387528857187,591
5415000,10830.000001288861,300.21858888815746,591
5420000,10840.000001290899,301.94924053649623,591
5425000,10850.000001292936,298.28459731358004,591
5430000,10860.000001294973,299.1191010160744,591
5435000,10870.00000129701,299.94610058583015,591
5440000,10880.000001299048,298.54236427315243,591
5445000,10890.000001301085,298.62031896971973,591
5450000,10900.000001303122,301.0375104797298,591
5455000,10910.00000130516,301.1752775284198,591
5460000,10920.000001307197,299.65622035233207,591
5465000,10930.000001309234,299.4048981185235,591
5470000,10940.000001311271,299.32376520103156,591
5475000,10950.000001313309,304.2511994670109,591
5480000,10960.000001315346,298.03331922172873,591
5485000,10970.000001317383,299.75220703845076,591
5490000,10980.00000131942,297.91512913109506,591
5495000,10990.000001321458,300.27612792947997,591
5500000,11000.000001323495,300.1022748307085,591
5505000,11010.000001325532,298.2838027583489,591
5510000,11020.00000132757,300.9972750856635,591
5515000,11030.000001329607,301.54580511787964,591
5520000,11040.000001331644,299.3568495980175,591
5525000,11050.000001333681,301.70568728717,591
5530000,11060.000001335718,300.7509408930282,591
5535000,11070.000001337756,301.16530144607316,591
5540000,11080.000001339793,302.0158728210197,591
5545000,11090.00000134183,298.427131693657,591
5550000,11100.000001343868,300.5726515275495,591
5555000,11110.000001345905,299.8239156480621,591
5560000,11120.000001347942,302.6426444725255,591
5565000,11130.00000134998,301.17779361998515,591
5570000,11140.000001352017,302.12031269195865,591
5575000,11150.000001354054,300.94790230643895,591
5580000,11160.000001356091,299.2091506089381,591
5585000,11170.000001358128,299.7725123388024,591
5590000,11180.000001360166,300.8364880062487,591
5595000,11190.000001362203,303.6115162929989,591
5600000,11200.00000136424,302.8028356355169,591
5605000,11210.000001366278,299.7403107809622,591
5610000,11220.000001368315,303.62535479660806,591
5615000,11230.000001370352,300.3296500526894,591
5620000,11240.00000137239,300.3769040179642,591
5625000,11250.000001374427,299.8283298437907,591
5630000,11260.000001376464,303.9019703719416,591
5635000,11270.000001378501,299.5898087775951,591
5640000,11280.000001380538,298.4810290235033,591
5645000,11290.000001382576,298.0072975379085,591
5650000,11300.000001384613,299.8210464208385,591
5655000,11310.00000138665,302.20285815208376,591
5660000,11320.000001388687,300.02880054280575,591
5665000,11330.000001390725,301.17887509793866,591
5670000,11340.000001392762,299.67868860859073,591
5675000,11350.0000013948,299.9296797777197,591
5680000,11360.000001396837,301.0697561795273,591
5685000,11370.000001398874,300.65974360927504,591
5690000,11380.000001400911,300.2233562195443,591
5695000,11390.000001402948,301.1792061626183,591
5700000,11400.000001404986,300.274207754338,591
5705000,11410.000001407023,301.66560638995423,591
5710000,11420.00000140906,297.95624736430716,591
5715000,11430.000001411097,302.3290600079648,591
5720000,11440.000001413135,300.3886678495809,591
5725000,11450.000001415172,301.1058201586301,591
5730000,11460.00000141721,300.267961667382,591
5735000,11470.000001419246,300.7437898959478,591
5740000,11480.000001421284,300.4249966804274,591
5745000,11490.000001423321,298.91059648083336,591
5750000,11500.000001425358,300.9180623433135,591
5755000,11510.000001427396,300.6341854160064,591
5760000,11520.000001429433,301.00237348173005,591
5765000,11530.00000143147,296.29796645493894,591
5770000,11540.000001433507,301.3561271274211,591
5775000,11550.000001435545,299.5589976914094,591
5780000,11560.000001437582,300.0531227612704,591
5785000,11570.00000143962,300.2457803338457,591
5790000,11580.000001441656,300.37454242324935,591
5795000,11590.000001443694,302.4007465465975,591
5800000,11600.000001445731,300.2803655573794,591
5805000,11610.000001447768,301.46074356618925,591
5810000,11620.000001449805,303.0506927256785,591
5815000,11630.000001451843,300.303518013976,591
5820000,11640.00000145388,300.4729127750615,591
5825000,11650.000001455917,298.4929473519706,591
5830000,11660.000001457955,301.07706167345816,591
5835000,11670.000001459992,300.79543598597263,591
5840000,11680.00000146203,302.0658635876463,591
5845000,11690.000001464066,298.81542642092444,591
5850000,11700.000001466104,304.34047657562206,591
5855000,11710.00000146814,298.2374757741771,591
5860000,11720.000001470178,296.6913816492516,591
5865000,11730.000001472215,300.83198552660554,591
5870000,11740.000001474253,298.98866153229386,591
5875000,11750.00000147629,300.55492853169915,591
5880000,11760.000001478327,301.21875735634666,591
5885000,11770.000001480365,300.0006600450358,591
5890000,11780.000001482402,302.16862606420835,591
5895000,11790.000001484439,302.61876367363374,591
5900000,11800.000001486476,297.19075961202964,591
5905000,11810.000001488514,299.17825123883784,591
5910000,11820.00000149055,302.02518677400707,591
5915000,11830.000001492588,299.1752275147637,591
5920000,11840.000001494625,301.479989459566,591
5925000,11850.000001496663,299.0031621652624,591
5930000,11860.0000014987,300.3241323080286,591
5935000,11870.000001500737,302.8489639808809,591
5940000,11880.000001502774,297.7156295551404,591
5945000,11890.000001504812,300.77398299473157,591
5950000,11900.000001506849,300.0925194581482,591
5955000,11910.000001508886,299.2115342746316,591
5960000,11920.000001510924,300.8730375468817,591
5965000,11930.00000151296,300.27250828898246,591
5970000,11940.000001514998,298.33743523645154,591
5975000,11950.000001517035,301.2381577465739,591
5980000,11960.000001519073,301.1528975560758,591
5985000,11970.00000152111,299.9311364623101,591
5990000,11980.000001523147,300.7267511004354,591
5995000,11990.000001525184,299.2472671890547,591
6000000,12000.000001527222,301.563837107431,591
6005000,12010.000001529259,299.7634411665801,591
6010000,12020.000001531296,298.41795016654146,591
6015000,12030.000001533333,301.2642235723514,591
6020000,12040.00000153537,301.68306453406086,591
6025000,12050.000001537408,301.8658343082041,591
6030000,12060.000001539445,298.95502536084183,591
6035000,12070.000001541483,300.3901245341714,591
6040000,12080.00000154352,302.1690674837812,591
6045000,12090.000001545557,299.3911478988289,591
6050000,12100.000001547594,302.78394287779844,591
6055000,12110.000001549632,299.5149219470592,591
6060000,12120.000001551669,300.9681634648333,591
6065000,12130.000001553706,301.820699156879,591
6070000,12140.000001555743,300.86253176104753,591
6075000,12150.00000155778,298.86777878226576,591
6080000,12160.000001559818,299.3541127966658,591
6085000,12170.000001561855,299.12258823070005,591
6090000,12180.000001563893,298.84213230508254,591
6095000,12190.00000156593,299.58192943821956,591
6100000,12200.000001567967,301.7901749934157,591
6105000,12210.000001570004,301.21941948570594,591
6110000,12220.000001572042,301.30205322974564,591
6115000,12230.000001574079,298.579862865867,591
6120000,12240.000001576116,300.25348310539215,591
6125000,12250.000001578153,301.39678187008167,591
6130000,12260.00000158019,300.1427088635826,591
6135000,12270.000001582228,299.3584828504371,591
6140000,12280.000001584265,296.88006644567116,591
6145000,12290.000001586302,297.14582309951237,591
6150000,12300.00000158834,301.5092114352894,591
6155000,12310.000001590377,301.39545761136304,591
6160000,12320.000001592414,300.81655791253405,591
6165000,12330.000001594452,299.97951604749574,591
6170000,12340.000001596489,298.89779531322034,591
6175000,12350.000001598526,298.91719570344765,591
6180000,12360.000001600563,300.31801864694444,591
6185000,12370.0000016026,300.436892937916,591
6190000,12380.000001604638,299.1420548338632,591
6195000,12390.000001606675,300.41329906174656,591
6200000,12400.000001608712,300.36900260760996,591
6205000,12410.00000161075,299.2750324801877,591
6210000,12420.000001612787,299.4799394459099,591
6215000,12430.000001614824,300.3048643436732,591
6220000,12440.000001616861,299.9425692292472,591
6225000,12450.000001618899,300.70468012179236,591
6230000,12460.000001620936,299.7896173472508,591
6235000,12470.000001622973,300.173784801512,591
6240000,12480.00000162501,299.94468804319695,591
6245000,12490.000001627048,301.0233850533983,591
6250000,12500.000001629085,301.72224052115234,591
6255000,12510.000001631122,300.26672569257795,591
6260000,12520.00000163316,300.079674148578,591
6265000,12530.000001635197,300.33399803548207,591
6270000,12540.000001637234,299.9001708792739,591
6275000,12550.000001639271,302.46576764967995,591
6280000,12560.000001641309,300.52895098983623,591
6285000,12570.000001643346,299.0515638214266,591
6290000,12580.000001645383,301.8347583702747,591
6295000,12590.00000164742,299.9604246509695,591
6300000,12600.000001649458,300.02281930759347,591
6305000,12610.000001651495,300.1633452286138,591
6310000,12620.000001653532,301.2353988742436,591
6315000,12630.00000165557,297.5764499638172,591
6320000,12640.000001657607,302.87553743916715,591
6325000,12650.000001659644,299.75644466635026,591
6330000,12660.000001661681,302.97701979896794,591
6335000,12670.000001663719,302.68195288548884,591
6340000,12680.000001665756,299.02944870082626,591
6345000,12690.000001667793,300.4421237598544,591
6350000,12700.00000166983,300.1482707502006,591
6355000,12710.000001671868,299.5492864608064,591
6360000,12720.000001673905,300.88085067332133,591
6365000,12730.000001675942,299.04311063660634,591
6370000,12740.00000167798,299.4027572335951,591
6375000,12750.000001680017,298.95793873002276,591
6380000,12760.000001682054,297.81695741809074,591
6385000,12770.000001684091,300.3383239472961,591
6390000,12780.000001686129,299.0471937676553,591
6395000,12790.000001688166,300.10092850101125,591
6400000,12800.000001690203,299.2735095826613,591
6405000,12810.00000169224,300.9407071674013,591
6410000,12820.000001694278,300.215587235062,591
6415000,12830.000001696315,300.41978792946765,591
6420000,12840.000001698352,301.1502931805959,591
6425000,12850.00000170039,300.7429953407167,591
6430000,12860.000001702427,300.58551890809844,591
6435000,12870.000001704464,301.45968415921436,591
6440000,12880.000001706501,301.08900207290407,591
6445000,12890.000001708539,300.7943324370405,591
6450000,12900.000001710576,300.8087889280517,591
6455000,12910.000001712613,303.6142089523933,591
6460000,12920.00000171465,300.3276857355901,591
6465000,12930.000001716688,298.88082273064384,591
6470000,12940.000001718725,303.72509354909613,591
6475000,12950.000001720762,300.91227974690906,591
6480000,12960.0000017228,300.42292200843497,591
6485000,12970.000001724837,300.35240523167033,591
6490000,12980.000001726874,300.6513566373907,591
6495000,12990.000001728911,297.50456478637676,591
6500000,13000.000001730948,299.0105559431078,591
6505000,13010.000001732986,298.30693314396683,591
6510000,13020.000001735023,298.8525718779808,591
6515000,13030.00000173706,300.0327953899401,591
6520000,13040.000001739098,302.1168254773331,591
6525000,13050.000001741135,302.480665560264,591
6530000,13060.000001743172,299.40176403955616,591
6535000,13070.00000174521,299.8166322251099,591
6540000,13080.000001747247,298.5342642239904,591
6545000,13090.000001749284,302.2339340900132,591
6550000,13100.000001751321,301.982214578589,591
6555000,13110.000001753358,299.35583433299996,591
6560000,13120.000001755396,300.7378969446502,591
6565000,13130.000001757433,299.8238935770835,591
6570000,13140.00000175947,301.5374843589312,591
6575000,13150.000001761508,302.3077394425956,591
6580000,13160.000001763545,299.5579382844345,591
6585000,13170.000001765582,301.7178263254237,591
6590000,13180.00000176762,297.60558365562605,591
6595000,13190.000001769657,298.6493864485927,591
6600000,13200.000001771694,303.36094447246415,591
6605000,13210.000001773731,298.5269145881023,591
6610000,13220.000001775768,298.97614728740325,591
6615000,13230.000001777806,300.80770745009823,591
6620000,13240.000001779843,299.9344912510639,591
6625000,13250.00000178188,302.5923667831766,591
6630000,13260.000001783917,300.6593021897022,591
6635000,13270.000001785955,301.6063899542549,591
6640000,13280.000001787992,298.6243138168541,591
6645000,13290.00000179003,299.4591927259854,591
6650000,13300.000001792067,299.97777244018295,591
6655000,13310.000001794104,300.2157417319125,591
6660000,13320.000001796141,298.09814168600343,591
6665000,13330.000001798178,303.02707677853044,591
6670000,13340.000001800216,298.41856815394345,591
6675000,13350.000001802253,299.3340282061006,591
6680000,13360.00000180429,299.38271678498717,591
6685000,13370.000001806327,300.098655190211,591
6690000,13380.000001808365,300.67649548206515,591
6695000,13390.000001810402,301.1353511280545,591
6700000,13400.00000181244,300.482403295878,591
6705000,13410.000001814476,298.0309355560353,591
6710000,13420.000001816514,301.2574698528866,591
6715000,13430.000001818551,302.245013721292,591
6720000,13440.000001820588,300.2060525722882,591
6725000,13450.000001822626,301.5270668570117,591
6730000,13460.000001824663,299.76275696624214,591
6735000,13470.0000018267,300.4512832159913,591
6740000,13480.000001828737,302.05098774804077,591
6745000,13490.000001830775,301.36407267973266,591
6750000,13500.000001832812,302.0093177403627,591
6755000,13510.00000183485,301.8181168523778,591
6760000,13520.000001836886,299.7435772858014,591
6765000,13530.000001838924,299.7389423802863,591
6770000,13540.000001840961,301.9417805457149,591
6775000,13550.000001842998,300.7295320437445,591
6780000,13560.000001845036,302.22581196987255,591
6785000,13570.000001847073,301.96875128161673,591
6790000,13580.00000184911,301.88296138763116,591
6795000,13590.000001851147,299.7269357679045,591
6800000,13600.000001853185,300.10481299325244,591
6805000,13610.000001855222,300.7497932021388,591
6810000,13620.00000185726,300.1077042914547,591
6815000,13630.000001859296,298.70858081331335,591
6820000,13640.000001861334,301.7433403767351,591
6825000,13650.000001863371,299.6874287161334,591
6830000,13660.000001865408,299.8377982936286,591
6835000,13670.000001867445,299.36859135865564,591
6840000,13680.000001869483,301.3732762778268,591
6845000,13690.00000187152,302.44890542199664,591
6850000,13700.000001873557,301.4281226597548,591
6855000,13710.000001875595,299.3435628688744,591
6860000,13720.000001877632,299.8113572612142,591
6865000,13730.000001879669,299.73307149996725,591
6870000,13740.000001881706,300.9334458154278,591
6875000,13750.000001883744,299.85609513492375,591
6880000,13760.00000188578,299.4085398299996,591
6885000,13770.000001887818,300.12915728269576,591
6890000,13780.000001889855,298.03656365558925,591
6895000,13790.000001891893,302.98511984812995,591
6900000,13800.00000189393,299.81120276436366,591
6905000,13810.000001895967,300.1954143605822,591
6910000,13820.000001898004,301.62155271658264,591
6915000,13830.000001900042,299.5006640948558,591
6920000,13840.000001902079,300.4754288666268,591
6925000,13850.000001904116,300.45521185018976,591
6930000,13860.000001906154,297.83699786669865,591
6935000,13870.00000190819,300.38888855936733,591
6940000,13880.000001910228,300.06413617961323,591
6945000,13890.000001912265,303.68254070227226,591
6950000,13900.000001914303,303.0032842635532,591
6955000,13910.00000191634,300.78866019552925,591
6960000,13920.000001918377,300.89122403328355,591
6965000,13930.000001920414,299.9622344712182,591
6970000,13940.000001922452,298.463548808418,591
6975000,13950.000001924489,299.50860964716725,591
6980000,13960.000001926526,298.63084682653243,591
6985000,13970.000001928564,298.1196167482231,591
6990000,13980.0000019306,303.54861400386613,591
6995000,13990.000001932638,298.1091551043463,591
7000000,14000.000001934675,298.0635123205124,591
7005000,14010.000001936713,300.9834807240116,591
7010000,14020.00000193875,300.323426036712,591
7015000,14030.000001940787,300.99742958251403,591
7020000,14040.000001942824,302.76008414988524,591
7025000,14050.000001944862,299.2357240672244,590
7030000,14060.000001946899,299.8848756910742,590
7035000,14070.000001948936,298.52044779135986,590
7040000,14080.000001950973,301.573239344333,591
7045000,14090.00000195301,300.0156683105131,590
7050000,14100.000001955048,299.8018667403977,590
7055000,14110.000001957085,300.0178754083774,590
7060000,14120.000001959123,298.79238431922107,590
7065000,14130.00000196116,298.85780269991915,590
7070000,14140.000001963197,300.65413758069974,590
7075000,14150.000001965234,301.46021386270183,590
7080000,14160.000001967272,299.00066814467567,590
7085000,14170.000001969309,299.46276822452563,590
7090000,14180.000001971346,299.93709562654374,590
7095000,14190.000001973383,301.4723529009555,590
7100000,14200.00000197542,301.8332796147056,590
7105000,14210.000001977458,300.7219837690485,590
7110000,14220.000001979495,297.8858630134144,590
7115000,14230.000001981532,298.6881872290472,590
7120000,14240.00000198357,299.9885210067821,590
7125000,14250.000001985607,300.23392821831436,590
7130000,14260.000001987644,302.8687395777451,590
7135000,14270.000001989682,301.2492594488314,590
7140000,14280.000001991719,300.82474624561064,590
7145000,14290.000001993756,302.28690443875655,590
7150000,14300.000001995793,299.15251647774,590
7155000,14310.00000199783,300.937815869199,590
7160000,14320.000001999868,299.01267475705754,590
7165000,14330.000002001905,300.1643825646101,590
7170000,14340.000002003942,301.1474239533723,590
7175000,14350.00000200598,298.9927225923642,590
7180000,14360.000002008017,300.12322018944076,590
7185000,14370.000002010054,298.3653770954137,590
7190000,14380.000002012091,299.99412703535745,590
7195000,14390.000002014129,301.567302251078,590
7200000,14400.000002016166,299.1573500220628,590
7205000,14410.000002018203,301.084985154791,590
7210000,14420.00000202024,301.34314939197895,590
7215000,14430.000002022278,299.841793140763,590
7220000,14440.000002024315,300.9501094043033,590
7225000,14450.000002026352,298.5612570308709,590
7230000,14460.00000202839,299.9876381676364,590
7235000,14470.000002030427,300.6380699082476,590
7240000,14480.000002032464,299.4117180509242,590
7245000,14490.000002034501,302.14792348624115,590
7250000,14500.000002036539,301.2184042206884,590
7255000,14510.000002038576,299.3059539212666,590
7260000,14520.000002040613,299.82941132174426,590
7265000,14530.00000204265,300.15590730881115,590
7270000,14540.000002044688,302.6748239593871,590
7275000,14550.000002046725,302.50368559098877,590
7280000,14560.000002048762,299.03814466641165,590
7285000,14570.0000020508,300.0885687529711,590
7290000,14580.000002052837,299.4313391509379,590
7295000,14590.000002054874,299.70632147385186,590
7300000,14600.000002056911,301.21429901866077,590
7305000,14610.000002058949,298.0811249614696,590
7310000,14620.000002060986,302.61664485968396,590
7315000,14630.000002063023,303.75581635136723,590
7320000,14640.00000206506,299.13141662215725,590
7325000,14650.000002067098,299.66562258923403,590
7330000,14660.000002069135,301.45683700296945,590
7335000,14670.000002071172,300.02961716901547,590
7340000,14680.00000207321,299.98640219283243,590
7345000,14690.000002075247,298.9529065468921,590
7350000,14700.000002077284,297.92086758554234,590
7355000,14710.000002079321,300.55698113271296,590
7360000,14720.000002081359,302.19299242463035,590
7365000,14730.000002083396,298.9251853977164,590
7370000,14740.000002085433,299.083941947096,590
7375000,14750.00000208747,299.0069363026103,590
7380000,14760.000002089508,301.4343246047535,590
7385000,14770.000002091545,298.8505413479456,590
7390000,14780.000002093582,302.43285982052316,590
7395000,14790.00000209562,299.49152670969755,590
7400000,14800.000002097657,302.5453114567096,590
7405000,14810.000002099694,301.18293615800894,590
7410000,14820.000002101731,302.79594949018025,590
7415000,14830.000002103769,297.7728596027619,590
7420000,14840.000002105806,299.9801340348978,590
7425000,14850.000002107843,301.2146080123618,590
7430000,14860.00000210988,301.11837854547804,590
7435000,14870.000002111918,302.49843269807167,590
7440000,14880.000002113955,298.9873814155326,590
7445000,14890.000002115992,302.39375004636764,590
7450000,14900.00000211803,301.27051380126466,590
7455000,14910.000002120067,300.2606561734511,590
7460000,14920.000002122104,299.8956904706094,590
7465000,14930.000002124141,299.57499915092563,590
7470000,14940.000002126179,297.94708790817026,590
7475000,14950.000002128216,300.1032018118115,590
7480000,14960.000002130253,298.4864805552282,590
7485000,14970.00000213229,298.22222472793476,590
7490000,14980.000002134328,301.1912127750001,590
7495000,14990.000002136365,298.9793475793065,590
7500000,15000.000002138402,298.37104933692495,590
7505000,15010.00000214044,300.1934721144616,590
7510000,15020.000002142477,300.3545461165987,590
7515000,15030.000002144514,297.98730123125796,590
7520000,15040.000002146551,300.82556287182047,590
7525000,15050.000002148588,301.21399002495974,590
7530000,15060.000002150626,302.01991181011135,590
7535000,15070.000002152663,302.4515318684552,590
7540000,15080.0000021547,301.87532482902066,590
7545000,15090.000002156738,300.6691017042197,590
7550000,15100.000002158775,299.74728521021336,590
7555000,15110.000002160812,297.8457379742413,590
7560000,15120.00000216285,304.1565370396108,590
7565000,15130.000002164887,298.93560289963597,590
7570000,15140.000002166924,300.9175767817834,590
7575000,15150.000002168961,301.24215259370834,590
7580000,15160.000002170998,301.4741185792469,590
7585000,15170.000002173036,302.0242377219254,590
7590000,15180.000002175073,301.9782859443905,590
7595000,15190.00000217711,298.66051022182876,590
7600000,15200.000002179147,299.49256404569377,590
7605000,15210.000002181185,299.9927144927243,590
7610000,15220.000002183222,298.85171110981366,590
7615000,15230.00000218526,300.2056994366299,590
7620000,15240.000002187297,301.1908375683632,590
7625000,15250.000002189334,298.47431944599583,590
7630000,15260.000002191371,299.6228048906665,590
7635000,15270.000002193408,296.5713155254333,590
7640000,15280.000002195446,299.45722840888624,590
7645000,15290.000002197483,301.0223918593593,590
7650000,15300.00000219952,298.4535506550927,590
7655000,15310.000002201557,299.9006343698254,590
7660000,15320.000002203595,302.54513488888045,590
7665000,15330.000002205632,299.29920020180185,590
7670000,15340.00000220767,299.12664929077033,590
7675000,15350.000002209707,301.6151962747334,590
7680000,15360.000002211744,300.32607455414916,590
7685000,15370.000002213781,300.0932036584862,590
7690000,15380.000002215818,300.8442569907311,590
7695000,15390.000002217856,301.57034804613073,590
7700000,15400.000002219893,300.11785694163046,590
7705000,15410.00000222193,300.64928196539825,590
7710000,15420.000002223967,300.426011945445,590
7715000,15430.000002226005,296.8546848202316,590
7720000,15440.000002228042,301.88856741620646,590
7725000,15450.00000223008,300.38908719817516,590
7730000,15460.000002232116,302.3420818853642,590
7735000,15470.000002234154,301.29885293784236,590
7740000,15480.000002236191,303.1702953589453,590
7745000,15490.000002238228,300.5524786530698,590
7750000,15500.000002240266,300.9314814983285,590
7755000,15510.000002242303,298.7764490726408,590
7760000,15520.00000224434,299.0170006688716,590
7765000,15530.000002246377,301.5905209206105,590
7770000,15540.000002248415,301.69590984363117,590
7775000,15550.000002250452,302.22298688460626,590
7780000,15560.00000225249,300.5552595963788,590
7785000,15570.000002254526,300.3463798545008,590
7790000,15580.000002256564,299.4565221375696,590
7795000,15590.000002258601,300.8894583549921,590
7800000,15600.000002260638,301.4696381705824,590
7805000,15610.000002262675,302.4533858306612,590
7810000,15620.000002264713,299.4014109038979,590
7815000,15630.00000226675,300.2887746002424,590
7820000,15640.000002268787,303.1042148488879,590
7825000,15650.000002270825,301.7492112570542,590
7830000,15660.000002272862,302.35720050573474,590
7835000,15670.000002274899,296.72742355737574,590
7840000,15680.000002276936,301.0712349350964,590
7845000,15690.000002278974,298.1742203493861,590
7850000,15700.00000228101,299.6936085901534,590
7855000,15710.000002283048,299.9819879971037,590
7860000,15720.000002285085,299.1546573626684,590
7865000,15730.000002287123,301.6245102277208,590
7870000,15740.00000228916,301.8663198697343,590
7875000,15750.000002291197,300.75208858391767,590
7880000,15760.000002293235,300.6001961088961,590
7885000,15770.000002295272,300.6528353929598,590
7890000,15780.000002297309,298.48173529481994,590
7895000,15790.000002299346,299.4378500896376,590
7900000,15800.000002301384,297.88180195334405,590
7905000,15810.00000230342,302.36594061327736,590
7910000,15820.000002305458,300.63056577550896,590
7915000,15830.000002307495,302.1553172640866,590
7920000,15840.000002309533,298.8150512142875,590
7925000,15850.00000231157,303.100374498604,590
7930000,15860.000002313607,301.43567093445074,590
7935000,15870.000002315644,303.0099938410607,590
7940000,15880.000002317682,302.5999591998298,590
7945000,15890.000002319719,302.3487693918931,590
7950000,15900.000002321756,298.29660392596185,590
7955000,15910.000002323794,298.9568351810906,590
7960000,15920.00000232583,300.4636871059887,590
7965000,15930.000002327868,301.0162561272966,590
7970000,15940.000002329905,302.77637253212384,590
7975000,15950.000002331943,301.93584345245995,590
7980000,15960.00000233398,300.84366107430776,590
7985000,15970.000002336017,302.91367609026236,590
7990000,15980.000002338054,300.14500424536146,590
7995000,15990.000002340092,298.63843924318564,590
8000000,16000.000002342129,301.35886392877285,590
8005000,16010.000002344166,300.1867404659755,590
8010000,16020.000002346203,298.7087132391852,590
8015000,16030.00000234824,303.30232395318814,590
8020000,16040.000002350278,300.29652151374614,590
8025000,16050.000002352315,301.007074600181,590
8030000,16060.000002354353,301.804874265192,590
8035000,16070.00000235639,300.6294180846195,590
8040000,16080.000002358427,299.7809655236227,590
8045000,16090.000002360464,299.9008330086332,590
8050000,16100.000002362502,302.37388616558883,590
8055000,16110.000002364539,299.17944307168455,590
8060000,16120.000002366576,299.8096798668373,590
8065000,16130.000002368613,301.93109819205165,590
8070000,16140.00000237065,301.59321358000494,590
8075000,16150.000002372688,301.78103760825746,590
8080000,16160.000002374725,300.0221571782342,590
8085000,16170.000002376762,301.11052127708103,590
8090000,16180.0000023788,299.39359777745824,590
8095000,16190.000002380837,301.9528822479724,590
8100000,16200.000002382874,300.36264616576074,590
8105000,16210.000002384912,299.5771621068326,590
8110000,16220.000002386949,297.98895655465617,590
8115000,16230.000002388986,299.3406936416508,590
8120000,16240.000002391023,300.6056034986636,590
8125000,16250.00000239306,299.8293451088083,590
8130000,16260.000002395098,299.2425219286464,590
8135000,16270.000002397135,301.6734415873725,590
8140000,16280.000002399172,301.2589486084557,590
8145000,16290.00000240121,299.5295991478568,590
8150000,16300.000002403247,299.1053728673584,590
8155000,16310.000002405284,301.339684248332,590
8160000,16320.000002407322,301.17841160738715,590
8165000,16330.000002409359,301.03188238017583,590
8170000,16340.000002411396,302.03180806759997,590
8175000,16350.000002413433,300.10487920618834,590
8180000,16360.00000241547,298.76344926622,590
8185000,16370.000002417508,300.2729938505126,590
8190000,16380.000002419545,304.8135017899003,590
8195000,16390.00000242158,302.1039801677628,590
8200000,16400.000002423618,301.44701541747327,590
8205000,16410.000002425655,298.8552866083538,590
8210000,16420.000002427692,299.898868691534,590
8215000,16430.00000242973,300.8919303046002,590
8220000,16440.000002431767,300.66579105742323,590
8225000,16450.000002433804,301.3333719484401,590
8230000,16460.00000243584,298.39570262006924,590
8235000,16470.00000243788,303.06400152580034,590
8240000,16480.000002439916,298.47577613058627,590
8245000,16490.000002441953,298.83341426851854,590
8250000,16500.00000244399,302.31550842707793,590
8255000,16510.000002446028,300.7815754113848,590
8260000,16520.000002448065,301.1623880768923,590
8265000,16530.000002450102,301.2934455480748,590
8270000,16540.00000245214,297.9134958786755,590
8275000,16550.000002454177,301.4209937336531,590
8280000,16560.000002456214,302.35505962080634,590
8285000,16570.00000245825,299.41264503202717,590
8290000,16580.00000246029,298.2917483106604,590
8295000,16590.000002462326,301.6249516472937,590
8300000,16600.000002464363,299.20286038002484,590
8305000,16610.0000024664,299.7170921114297,590
8310000,16620.000002468438,299.949013955011,590
8315000,16630.000002470475,299.4439858217003,590
8320000,16640.000002472512,300.6048089434325,590
8325000,16650.00000247455,300.7613142529905,590
8330000,16660.000002476587,301.1994011080767,590
8335000,16670.000002478624,298.94182691561326,590
8340000,16680.00000248066,300.5192618302119,590
8345000,16690.0000024827,298.8509386255612,590
8350000,16700.000002484736,301.1214243405307,590
8355000,16710.000002486773,300.71220632550967,590
8360000,16720.00000248881,300.0432349628383,590
8365000,16730.000002490848,298.81915641631514,590
8370000,16740.000002492885,301.6528052223412,590
8375000,16750.000002494922,301.61380580307895,590
8380000,16760.00000249696,301.20286625172366,590
8385000,16770.000002498997,299.57610269985776,590
8390000,16780.000002501034,301.28024710284626,590
8395000,16790.00000250307,300.712184254531,590
8400000,16800.00000250511,300.9306648721187,590
8405000,16810.000002507146,298.74705052908826,590
8410000,16820.000002509183,300.5354398575573,590
8415000,16830.00000251122,299.6269100926941,590
8420000,16840.000002513258,298.2497913802599,590
8425000,16850.000002515295,301.27000616875586,590
8430000,16860.000002517332,297.434489429185,590
8435000,16870.00000251937,301.23188958863926,590
8440000,16880.000002521407,302.884454114539,590
8445000,16890.000002523444,301.02753439738314,590
8450000,16900.00000252548,300.0826758016734,590
8455000,16910.00000252752,301.3853049611873,590
8460000,16920.000002529556,300.7781764806738,590
8465000,16930.000002531593,298.95540056747876,590
8470000,16940.00000253363,301.60354279800987,590
8475000,16950.000002535668,297.9752504769188,590
8480000,16960.000002537705,297.6870034958404,590
8485000,16970.000002539742,299.24737754394795,590
8490000,16980.00000254178,300.154185772477,590
8495000,16990.000002543817,300.97500546821266,590
8500000,17000.000002545854,299.8400053914929,590
8505000,17010.00000254789,301.4316319453591,590
8510000,17020.00000254993,300.18579141389387,590
8515000,17030.000002551966,297.8258740934626,590
8520000,17040.000002554003,297.39831509518905,590
8525000,17050.00000255604,298.1965782507515,590
8530000,17060.000002558078,298.8593255974455,590
8535000,17070.000002560115,301.5902781398454,590
8540000,17080.000002562152,302.9116455602272,590
8545000,17090.00000256419,302.2249732726841,590
8550000,17100.000002566227,302.12516830726014,590
8555000,17110.000002568264,301.78110382119337,590
8560000,17120.0000025703,301.02462102820226,590
8565000,17130.00000257234,301.41284954253376,590
8570000,17140.000002574376,298.71028027866885,590
8575000,17150.000002576413,297.6972444299307,590
8580000,17160.00000257845,299.0772323695885,590
8585000,17170.000002580487,299.09385181650674,590
8590000,17180.000002582525,300.08029213597996,590
8595000,17190.000002584562,299.4483117335144,590
8600000,17200.0000025866,301.0331845679158,590
8605000,17210.000002588637,301.126787588341,590
8610000,17220.000002590674,302.6972701446671,590
8615000,17230.00000259271,299.0766585241438,590
8620000,17240.00000259475,302.5344083932599,590
8625000,17250.000002596786,297.3366487808603,590
8630000,17260.000002598823,298.0019563610769,590
8635000,17270.00000260086,300.6558149750766,590
8640000,17280.000002602897,301.0697341085487,590
8645000,17290.000002604935,300.8354285992739,590
8650000,17300.000002606972,300.42907981147636,590
8655000,17310.00000260901,299.91306033080144,590
8660000,17320.000002611047,298.8836919578675,590
8665000,17330.000002613084,300.21496924766,590
8670000,17340.00000261512,300.2505918071899,590
8675000,17350.00000261716,300.74906485984354,590
8680000,17360.000002619196,297.85390423633925,590
8685000,17370.000002621233,300.0434777436034,590
8690000,17380.00000262327,300.03608396575794,590
8695000,17390.000002625307,300.2452727013369,590
8700000,17400.000002627345,301.3241904213246,590
8705000,17410.000002629382,301.8468753375497,590
8710000,17420.00000263142,299.44345611821296,590
8715000,17430.000002633456,299.7010685809348,590
8720000,17440.000002635494,297.99531299650533,590
8725000,17450.00000263753,297.7838509501262,590
8730000,17460.00000263957,301.81935282718183,590
8735000,17470.000002641606,300.4074281814275,590
8740000,17480.000002643643,299.01207884063416,590
8745000,17490.00000264568,301.2332359183365,590
8750000,17500.000002647717,301.86612123092647,590
8755000,17510.000002649755,301.7361010957402,590
8760000,17520.000002651792,302.35060128312045,590
8765000,17530.00000265383,301.7340264237477,590
8770000,17540.000002655866,301.1762707224588,590
8775000,17550.000002657904,300.0876638428467,590
8780000,17560.00000265994,303.08534416214815,590
8785000,17570.00000266198,299.2366069063701,590
8790000,17580.000002664015,301.8751041192342,590
8795000,17590.000002666053,299.5985709561164,590
8800000,17600.00000266809,300.0675792522816,590
8805000,17610.000002670127,298.3116342624178,590
8810000,17620.000002672165,299.2826469678195,590
8815000,17630.000002674202,301.07556084691043,590
8820000,17640.00000267624,298.9926343084496,590
8825000,17650.000002678276,299.6489810713371,590
8830000,17660.000002680314,298.8885475731689,590
8835000,17670.00000268235,298.49376397818037,590
8840000,17680.000002684388,301.72667678785956,590
8845000,17690.000002686425,299.61428549291026,590
8850000,17700.000002688463,299.015367416452,590
8855000,17710.0000026905,300.7460411357695,590
8860000,17720.000002692537,301.8552623094341,590
8865000,17730.000002694575,298.7337637999451,590
8870000,17740.00000269661,300.5019361119771,590
8875000,17750.00000269865,300.8828370613992,590
8880000,17760.000002700686,299.1353452563557,590
8885000,17770.000002702724,301.6588526704894,590
8890000,17780.00000270476,300.8010861565052,590
8895000,17790.000002706798,299.68411806933693,590
8900000,17800.000002708835,299.34382772061815,590
8905000,17810.000002710873,301.69831558030324,590
8910000,17820.00000271291,298.98965472633284,590
8915000,17830.000002714947,299.79301627796184,590
8920000,17840.000002716984,298.1334993937896,590
8925000,17850.00000271902,297.571947484174,590
8930000,17860.00000272106,298.8522408133011,590
8935000,17870.000002723096,298.7803997778179,590
8940000,17880.000002725134,299.6067813601716,590
8945000,17890.00000272717,302.22795285480095,590
8950000,17900.000002729208,303.2932307099872,590
8955000,17910.000002731245,301.31971001266004,590
8960000,17920.000002733283,302.14681993730903,590
8965000,17930.00000273532,300.5222634833074,590
8970000,17940.000002737357,302.08303480903055,590
8975000,17950.000002739394,297.8260506612917,590
8980000,17960.00000274143,300.5392802078412,590
8985000,17970.00000274347,302.00289508557756,590
8990000,17980.000002745506,298.2221364440202,590
8995000,17990.000002747543,300.8423588865678,590
9000000,18000.00000274958,302.1244399649649,590
9005000,18010.000002751618,298.91331121120646,590
9010000,18020.000002753655,300.75151473847296,590
9015000,18030.000002755693,298.5382370001461,590
9020000,18040.00000275773,300.305989963584,590
9025000,18050.000002759767,297.17195513822577,590
9030000,18060.000002761804,300.1589531038639,590
9035000,18070.00000276384,301.98742332954873,590
9040000,18080.00000276588,300.6038598913508,590
9045000,18090.000002767916,298.43982250637674,590
9050000,18100.000002769953,299.5492864608064,590
9055000,18110.00000277199,298.843279995972,590
9060000,18120.000002774028,299.0434637722646,590
9065000,18130.000002776065,299.45356462643144,590
9070000,18140.000002778102,300.11609126333906,590
9075000,18150.00000278014,300.0594129901836,590
9080000,18160.000002782177,300.0629884887238,590
9085000,18170.000002784214,300.29817683714435,590
9090000,18180.00000278625,300.9802142191724,590
9095000,18190.00000278829,298.2755261413577,590
9100000,18200.000002790326,300.8211707470705,590
9105000,18210.000002792363,302.27381634842124,590
9110000,18220.0000027944,299.69548462333813,590
9115000,18230.000002796438,299.6484734388284,590
9120000,18240.000002798475,303.2409666325604,590
9125000,18250.000002800512,300.6048310144111,590
9130000,18260.00000280255,298.54053238192506,590
9135000,18270.000002804587,300.0218923264904,590
9140000,18280.000002806624,300.441285062666,590
9145000,18290.00000280866,301.84484480751456,590
9150000,18300.0000028107,302.84975853611206,590
9155000,18310.000002812736,300.1991884979302,590
9160000,18320.000002814773,300.15868825212016,590
9165000,18330.00000281681,298.0079817382465,590
9170000,18340.000002818848,299.1195865776046,590
9175000,18350.000002820885,299.5806934634155,590
9180000,18360.000002822922,299.12536917400905,590
9185000,18370.00000282496,301.0409094104408,590
9190000,18380.000002826997,299.03406153536264,590
9195000,18390.000002829034,301.6131657446983,590
9200000,18400.00000283107,298.2595246818415,590
9205000,18410.00000283311,300.2059422173949,590
9210000,18420.000002835146,300.7463501294705,590
9215000,18430.000002837183,301.0536002231606,590
9220000,18440.00000283922,301.93738842096496,590
9225000,18450.000002841258,300.2752450903342,590
9230000,18460.000002843295,298.6721636985523,590
9235000,18470.000002845332,302.26845310061094,590
9240000,18480.00000284737,299.970908365825,590
9245000,18490.000002849407,299.8389680554967,590
9250000,18500.000002851444,300.85516005418077,590
9255000,18510.00000285348,301.5268240762466,590
9260000,18520.00000285552,300.66111200995095,590
9265000,18530.000002857556,298.89764081636986,590
9270000,18540.000002859593,301.0281965267425,590
9275000,18550.00000286163,303.8473888417573,590
9280000,18560.000002863668,299.5873368279871,590
9285000,18570.000002865705,297.588831782836,590
9290000,18580.000002867742,302.64666139063854,590
9295000,18590.00000286978,302.14681993730903,590
9300000,18600.000002871817,300.0800934971722,590
9305000,18610.000002873854,301.9541182227764,590
9310000,18620.00000287589,298.23056755786183,590
9315000,18630.00000287793,301.15375832424286,590
9320000,18640.000002879966,300.3213734356982,590
9325000,18650.000002882003,298.51009650237626,590
9330000,18660.00000288404,301.9480928456068,590
9335000,18670.000002886078,298.291836594575,590
9340000,18680.000002888115,299.4015212587911,590
9345000,18690.000002890152,298.1421732883963,590
9350000,18700.00000289219,297.9571302034529,590
9355000,18710.000002894227,299.49152670969755,590
9360000,18720.000002896264,300.59960019247274,590
9365000,18730.0000028983,300.75606136007343,590
9370000,18740.00000290034,298.8654613295083,590
9375000,18750.000002902376,302.11799523920115,590
9380000,18760.000002904413,304.23299090963036,590
9385000,18770.00000290645,299.42182655914274,590
9390000,18780.000002908488,298.8172141701945,590
9395000,18790.000002910525,301.5668166895478,590
9400000,18800.000002912562,299.661605671121,590
9405000,18810.0000029146,302.0279897882947,590
9410000,18820.000002916637,300.0865602939146,590
9415000,18830.000002918674,301.34341424372275,590
9420000,18840.00000292071,298.7498094014186,590
9425000,18850.00000292275,301.1117572518851,590
9430000,18860.000002924786,301.9885268784809,590
9435000,18870.000002926823,300.68631706756133,590
9440000,18880.00000292886,301.61965461241937,590
9445000,18890.000002930898,300.05133501200027,590
9450000,18900.000002932935,299.950867917217,590
9455000,18910.000002934972,300.218986165773,590
9460000,18920.00000293701,303.1013014797071,590
9465000,18930.000002939047,299.2885178481386,590
9470000,18940.000002941084,298.17227810326546,590
9475000,18950.00000294312,300.695366168805,590
9480000,18960.00000294516,298.0241818365705,590
9485000,18970.000002947196,300.2979781983365,590
9490000,18980.000002949233,299.83009552208216,590
9495000,18990.00000295127,301.75062379968733,590
9500000,19000.000002953308,300.41142302856196,590
9505000,19010.000002955345,298.7196163026349,590
9510000,19020.000002957382,300.3132733865362,590
9515000,19030.00000295942,301.37089261213333,590
9520000,19040.000002961457,299.26176782202316,590
9525000,19050.000002963494,298.94487271066606,590
9530000,19060.00000296553,302.69832955164196,590
9535000,19070.00000296757,301.87991559257836,590
9540000,19080.000002969606,302.7668599403287,590
9545000,19090.000002971643,301.41115007717826,590
9550000,19100.00000297368,299.1737929011519,590
9555000,19110.000002975718,299.9890286392909,590
9560000,19120.000002977755,298.4445898377636,590
9565000,19130.000002979792,301.3493292659991,590
9570000,19140.00000298183,298.1977700835982,590
9575000,19150.000002983867,298.70416661758475,590
9580000,19160.000002985904,299.7944729625522,590
9585000,19170.00000298794,300.6947702523816,590
9590000,19180.00000298998,301.2515548306103,590
9595000,19190.000002992016,298.9113248231286,590
9600000,19200.000002994053,300.5938396670469,590
9605000,19210.00000299609,302.52242385185673,590
9610000,19220.000002998127,302.5238143235112,590
9615000,19230.000003000165,300.3841212279805,590
9620000,19240.000003002202,299.0347457357006,590
9625000,19250.00000300424,300.8272181952187,590
9630000,19260.000003006277,299.3960697270663,590
9635000,19270.000003008314,299.99152265987755,590
9640000,19280.00000301035,302.50487742383547,590
9645000,19290.00000301239,300.00352927225936,590
9650000,19300.000003014426,301.15108773582705,590
9655000,19310.000003016463,302.1116829393092,590
9660000,19320.0000030185,299.82022979462874,590
9665000,19330.000003020537,300.75511230799174,590
9670000,19340.000003022575,300.694130194001,590
9675000,19350.000003024612,300.89972136006116,590
9680000,19360.00000302665,299.81495483073303,590
9685000,19370.000003028686,299.7027018333544,590
9690000,19380.000003030724,302.0077065589217,590
9695000,19390.00000303276,300.8439479970301,590
9700000,19400.0000030348,299.9254200788416,590
9705000,19410.000003036836,299.6176182106854,590
9710000,19420.000003038873,299.32661235727653,590
9715000,19430.00000304091,299.3882786716053,590
9720000,19440.000003042947,300.0978827059585,590
9725000,19450.000003044985,299.70896999128905,590
9730000,19460.000003047022,301.1354173409905,590
9735000,19470.00000304906,300.455631198784,590
9740000,19480.000003051096,301.26784321284885,590
9745000,19490.000003053134,303.82834158718833,590
9750000,19500.00000305517,302.6501927472214,590
9755000,19510.00000305721,299.1615214370264,590
9760000,19520.000003059246,302.30857813978406,590
9765000,19530.000003061283,300.1022969016871,590
9770000,19540.00000306332,302.65522493035206,590
9775000,19550.000003065357,300.0249822635004,590
9780000,19560.000003067395,301.363366408416,590
9785000,19570.000003069432,298.9909127721155,590
9790000,19580.00000307147,298.19554091475527,590
9795000,19590.000003073506,301.33602046587725,590
9800000,19600.000003075544,300.27899715670355,590
9805000,19610.00000307758,299.63286925692773,590
9810000,19620.00000307962,299.69647781737706,590
9815000,19630.000003081655,298.6706187300473,590
9820000,19640.000003083693,300.08600851944857,590
9825000,19650.00000308573,300.9804569999375,590
9830000,19660.000003087767,300.59809936592495,590
9835000,19670.000003089805,300.48734719509406,590
9840000,19680.00000309184,299.5267961335691,590
9845000,19690.00000309388,300.2762824263304,590
9850000,19700.000003095916,302.11912085911194,590
9855000,19710.000003097954,299.6357384841513,590
9860000,19720.00000309999,297.92020545618306,590
9865000,19730.000003102028,300.38977139851306,590
9870000,19740.000003104065,299.10051725205693,590
9875000,19750.000003106103,300.457794154691,590
9880000,19760.00000310814,300.1378753192597,590
9885000,19770.000003110177,298.7705561213431,590
9890000,19780.000003112214,299.1481022820114,590
9895000,19790.00000311425,298.09315364483007,590
9900000,19800.00000311629,302.33685106342585,590
9905000,19810.000003118326,299.5740280278653,590
9910000,19820.000003120364,301.44498488743807,590
9915000,19830.0000031224,299.9911033112834,590
9920000,19840.000003124438,299.0271533190474,590
9925000,19850.000003126475,298.7459028381988,590
9930000,19860.000003128513,299.2184204199682,590
9935000,19870.00000313055,298.629081148241,590
9940000,19880.000003132587,300.0275424970231,590
9945000,19890.000003134624,301.72683128471004,590
9950000,19900.00000313666,300.15908552973576,590
9955000,19910.0000031387,301.10425311914645,590
9960000,19920.000003140736,300.15113997742424,590
9965000,19930.000003142773,298.91333328218514,590
9970000,19940.00000314481,299.13786134792105,590
9975000,19950.000003146848,303.28248214338805,590
9980000,19960.000003148885,300.29941281194834,590
9985000,19970.000003150923,297.69161633037675,590
9990000,19980.00000315296,299.1224778758068,590
9995000,19990.000003154997,298.6876795965384,590
10000000,20000.000003157034,300.1021424048366,590
10005000,20010.00000315907,301.6675927780321,590
10010000,20020.00000316111,300.216823209866,590
10015000,20030.000003163146,299.66922015875286,590
10020000,20040.000003165183,301.19752507489204,590
10025000,20050.00000316722,301.50501794934723,590
10030000,20060.000003169258,296.74214490013065,590
10035000,20070.000003171295,301.4132026781921,590
10040000,20080.000003173333,302.64023873585336,590
10045000,20090.00000317537,303.33558491800324,590
10050000,20100.000003177407,299.3106108977603,590
10055000,20110.000003179444,300.64378629171614,590
10060000,20120.00000318148,301.51912130470015,590
10065000,20130.00000318352,298.79134698322486,590
10070000,20140.000003185556,299.9807078803425,590
10075000,20150.000003187593,300.33031218204866,590
10080000,20160.00000318963,301.1861364499122,590
10085000,20170.000003191668,299.15101565119227,590
10090000,20180.000003193705,299.81420441745917,590
10095000,20190.000003195742,301.1435836030884,590
10100000,20200.00000319778,299.92824516410786,590
10105000,20210.000003199817,301.89112764972907,590
10110000,20220.000003201854,300.373637513125,590
10115000,20230.00000320389,300.26010439898505,590
10120000,20240.00000320593,301.601247416231,590
10125000,20250.000003207966,300.4315296901058,590
10130000,20260.000003210003,299.19626115741056,590
10135000,20270.00000321204,298.64351556827364,590
10140000,20280.000003214078,299.37123987609283,590
10145000,20290.000003216115,301.049804014834,590
10150000,20300.000003218152,301.6668865067155,590
10155000,20310.00000322019,298.3925685411019,590
10160000,20320.000003222227,300.093093303593,590
10165000,20330.000003224264,301.44851624402105,590
10170000,20340.0000032263,302.07290422983334,590
10175000,20350.00000322834,302.58055880960256,590
10180000,20360.000003230376,300.16043185943295,590
10185000,20370.000003232413,302.42910775415385,590
10190000,20380.00000323445,300.37242360929963,590
10195000,20390.000003236488,303.6866679752785,590
10200000,20400.000003238525,300.9476153837166,590
10205000,20410.000003240562,300.222385096484,590
10210000,20420.0000032426,300.5629844389038,590
10215000,20430.000003244637,299.21930325911393,590
10220000,20440.000003246674,299.98715260610624,590
10225000,20450.00000324871,302.687691339936,590
10230000,20460.00000325075,299.7376181215677,590
10235000,20470.000003252786,300.9886894749713,590
10240000,20480.000003254823,300.8101793997062,590
10245000,20490.00000325686,299.56021159523476,590
10250000,20500.000003258898,302.7948680122267,590
10255000,20510.000003260935,298.37548560363217,590
10260000,20520.000003262972,297.7694386010722,590
10265000,20530.00000326501,300.8449191200904,590
10270000,20540.000003267047,300.37350508725314,590
10275000,20550.000003269084,298.75515057825027,590
10280000,20560.00000327112,299.3096397747,590
10285000,20570.00000327316,300.26994805545985,590
10290000,20580.000003275196,302.0081479784946,590
10295000,20590.000003277233,303.57523160410966,590
10300000,20600.00000327927,299.70638768678776,590
10305000,20610.000003281308,300.635818668426,590
10310000,20620.000003283345,298.8931604077053,590
10315000,20630.000003285382,302.0404378202494,590
10320000,20640.00000328742,299.98315775897186,590
10325000,20650.000003289457,299.4048319055875,590
10330000,20660.000003291494,301.28185828428724,590
10335000,20670.00000329353,301.26563611498455,590
10340000,20680.00000329557,299.9168565391281,590
10345000,20690.000003297606,297.90475577113284,590
10350000,20700.000003299643,299.1556505567073,590
10355000,20710.00000330168,300.4949175407686,590
10360000,20720.000003303718,301.66445869906477,590
10365000,20730.000003305755,301.35096251841867,590
10370000,20740.000003307792,301.7472248689763,590
10375000,20750.00000330983,301.3374109375318,590
10380000,20760.000003311867,301.5958620974421,590
10385000,20770.000003313904,299.3097501295932,590
10390000,20780.00000331594,302.2550780875533,590
10395000,20790.00000331798,299.08961418860724,590
10400000,20800.000003320016,299.68363250780675,590
10405000,20810.000003322053,297.8580315093455,590
10410000,20820.00000332409,299.660678690018,590
10415000,20830.000003326128,301.757134738387,590
10420000,20840.000003328165,300.5379780201013,590
10425000,20850.000003330202,298.53346966875927,590
10430000,20860.00000333224,298.07167858261033,590
10435000,20870.000003334277,301.0550127657938,590
10440000,20880.000003336314,298.1099717305561,590
10445000,20890.00000333835,299.2024410314306,590
10450000,20900.00000334039,301.72815554342867,590
10455000,20910.000003342426,300.2681823771684,590
10460000,20920.000003344463,299.2072966467321,590
10465000,20930.0000033465,299.03708525943676,590
10470000,20940.000003348538,299.79469367233867,590
10475000,20950.000003350575,300.2346565606096,590
10480000,20960.000003352612,298.2725465592409,590
10485000,20970.00000335465,302.948018533031,590
10490000,20980.000003356687,302.51346303452766,590
10495000,20990.000003358724,298.65388892823586,590
10500000,21000.00000336076,301.0866404781893,590
10505000,21010.0000033628,300.1240368156505,590
10510000,21020.000003364836,299.30741060585706,590
10515000,21030.000003366873,301.08580178100084,590
10520000,21040.00000336891,302.1780945140462,590
10525000,21050.000003370948,299.21418279206875,590
10530000,21060.000003372985,302.2345520774152,590
10535000,21070.000003375022,301.8784147660307,590
10540000,21080.00000337706,299.2524980109931,590
10545000,21090.000003379097,299.2956467742403,590
10550000,21100.000003381134,299.1338885717653,590
10555000,21110.00000338317,301.75614154434805,590
10560000,21120.00000338521,297.7909578052492,590
10565000,21130.000003387246,299.41856005430355,590
10570000,21140.000003389283,300.8810713831078,590
10575000,21150.00000339132,302.14461283944473,590
10580000,21160.000003393357,298.6233647647725,590
10585000,21170.000003395395,303.38449420667627,590
10590000,21180.000003397432,300.7527065713197,590
10595000,21190.00000339947,299.3147602417452,590
10600000,21200.000003401507,300.1442317611089,590
10605000,21210.000003403544,299.03205307630617,590
10610000,21220.00000340558,300.01041541759605,590
10615000,21230.00000340762,298.2540952210953,590
10620000,21240.000003409656,300.76259436975175,590
10625000,21250.000003411693,298.35447403196395,590
10630000,21260.00000341373,300.0734501326006,590
10635000,21270.000003415767,302.6992344617663,590
10640000,21280.000003417805,299.41895733191916,590
10645000,21290.000003419842,301.1956269707287,590
10650000,21300.00000342188,298.70571158608976,590
10655000,21310.000003423916,298.08772418408387,590
10660000,21320.000003425954,299.69131320837454,590
10665000,21330.00000342799,301.4564617963325,590
10670000,21340.00000343003,300.57296052125054,590
10675000,21350.000003432066,299.51891679419356,590
10680000,21360.000003434103,300.7825465344451,590
10685000,21370.00000343614,300.37520455260864,590
10690000,21380.000003438177,299.5436583612525,590
10695000,21390.000003440215,298.5082425401702,590
10700000,21400.000003442252,300.4766869124095,590
10705000,21410.00000344429,301.51954065329437,590
10710000,21420.000003446326,301.296027852576,590
10715000,21430.000003448364,299.78542386130863,590
10720000,21440.0000034504,300.3969223955934,590
10725000,21450.00000345244,298.5126125939416,590
10730000,21460.000003454476,300.68084346485784,590
10735000,21470.000003456513,303.1509391106754,590
10740000,21480.00000345855,299.40924610131617,590
10745000,21490.000003460587,302.2686296684401,590
10750000,21500.000003462625,299.02631462185894,590
10755000,21510.000003464662,299.6607669739326,590
10760000,21520.0000034667,304.1897759334472,590
10765000,21530.000003468736,301.8145413538376,590
10770000,21540.000003470774,300.12231527931635,590
10775000,21550.00000347281,301.5765720621081,590
10780000,21560.00000347485,299.75979945510403,590
10785000,21570.000003476885,299.46539467098415,590
10790000,21580.000003478923,300.26734367998,590
10795000,21590.00000348096,301.15490601513227,590
10800000,21600.000003482997,300.8418733250376,590
10805000,21610.000003485035,298.33452186727067,590
10810000,21620.00000348707,300.25257819526774,590
10815000,21630.00000348911,298.1551289528598,590
10820000,21640.000003491146,298.5708137646234,590
10825000,21650.000003493184,297.85604512126764,590
10830000,21660.00000349522,300.5040769969055,590
10835000,21670.000003497258,301.76490372286935,590
10840000,21680.000003499295,301.5763072103644,590
10845000,21690.000003501333,300.23293502427543,590
10850000,21700.00000350337,302.2922014736309,590
10855000,21710.000003505407,302.7891516287582,590
10860000,21720.000003507444,299.9164813324912,590
10865000,21730.00000350948,299.491747419484,590
10870000,21740.00000351152,301.0958220053048,590
10875000,21750.000003513556,299.8831100127828,590
10880000,21760.000003515594,301.4640762839644,590
10885000,21770.00000351763,301.0362745049258,590
10890000,21780.000003519668,299.5869616213501,590
10895000,21790.000003521705,299.8505994612416,590
10900000,21800.000003523743,301.4564838673112,590
10905000,21810.00000352578,299.54721178881397,590
10910000,21820.000003527817,301.4575874162433,590
10915000,21830.000003529854,296.0621601191164,590
10920000,21840.00000353189,300.92472777886377,590
10925000,21850.00000353393,299.9181807978467,590
10930000,21860.000003535966,299.86170116349905,590
10935000,21870.000003538004,301.63890050579613,590
10940000,21880.00000354004,301.0581247737824,590
10945000,21890.000003542078,299.0003370799961,590
10950000,21900.000003544115,298.20942356032174,590
10955000,21910.000003546153,299.8481937245695,590
10960000,21920.00000354819,300.51623810613785,590
10965000,21930.000003550227,299.4933144589676,590
10970000,21940.000003552264,300.5967530362277,590
10975000,21950.0000035543,300.99800342795874,590
10980000,21960.00000355634,297.9099645220926,590
10985000,21970.000003558376,301.60691965774225,590
10990000,21980.000003560413,300.3498008561904,590
10995000,21990.00000356245,300.27270692779024,590
11000000,22000.000003564488,301.49221678173427,590
11005000,22010.000003566525,300.1927437721664,590
11010000,22020.000003568563,301.6399157708137,590
11015000,22030.0000035706,301.44582358462657,590
11020000,22040.000003572637,299.73591865621216,590
11025000,22050.000003574674,299.22510792649706,590
11030000,22060.00000357671,300.54133280885503,590
11035000,22070.00000357875,300.387299448905,590
11040000,22080.000003580786,300.7345421558964,590
11045000,22090.000003582823,300.8796588404746,590
11050000,22100.00000358486,300.49716878059024,590
11055000,22110.000003586898,302.8377960656875,590
11060000,22120.000003588935,300.2163376483358,590
11065000,22130.000003590972,299.064651911762,590
11070000,22140.00000359301,298.11553361717415,590
11075000,22150.000003595047,299.5464834465187,590
11080000,22160.000003597084,301.70559900325543,590
11085000,22170.00000359912,298.4512773442925,590
11090000,22180.00000360116,300.8935414860411,590
11095000,22190.000003603196,299.6970737338004,590
11100000,22200.000003605233,299.6800570092666,590
11105000,22210.00000360727,299.48066778820515,590
11110000,22220.000003609308,300.6353551778745,590
11115000,22230.000003611345,301.16159352166113,590
11120000,22240.000003613382,297.79832951211597,590
11125000,22250.00000361542,302.4403418822831,590
11130000,22260.000003617457,300.27866609202385,590
11135000,22270.000003619494,299.31361255085574,590
11140000,22280.00000362153,299.50437201926775,590
11145000,22290.00000362357,299.25841303326945,590
11150000,22300.000003625606,303.14965899391404,590
11155000,22310.000003627643,301.15336104662725,590
11160000,22320.00000362968,301.15532536372655,590
11165000,22330.000003631718,302.00333650515046,590
11170000,22340.000003633755,299.76039537152735,590
11175000,22350.000003635792,299.6487603615507,590
11180000,22360.00000363783,300.83712806462944,590
11185000,22370.000003639867,299.80782590463133,590
11190000,22380.000003641904,299.52039554976267,590
11195000,22390.00000364394,300.6959400142497,590
11200000,22400.00000364598,301.49508600895786,590
11205000,22410.000003648016,302.72933927663547,590
11210000,22420.000003650053,299.78504865467164,590
11215000,22430.00000365209,298.8180749383616,590
11220000,22440.000003654128,299.7397369355175,590
11225000,22450.000003656165,300.3214396486341,590
11230000,22460.000003658202,299.20277209611027,590
11235000,22470.00000366024,299.8832424386547,590
11240000,22480.000003662277,300.1350943759507,590
11245000,22490.000003664314,300.6795192061393,590
11250000,22500.00000366635,301.12817805999555,590
11255000,22510.00000366839,300.5395450595849,590
11260000,22520.000003670426,302.2854477541661,590
11265000,22530.000003672463,300.2722655082174,590
11270000,22540.0000036745,299.5595494658755,590
11275000,22550.000003676538,303.2074849579589,590
11280000,22560.000003678575,297.63981574350146,590
11285000,22570.000003680612,299.0820659139113,590
11290000,22580.00000368265,300.35770226654466,590
11295000,22590.000003684687,302.09605668642996,590
11300000,22600.000003686724,298.12855549457356,590
11305000,22610.00000368876,298.6146025862512,590
11310000,22620.0000036908,300.680711038986,590
11315000,22630.000003692836,298.3732343638106,590
11320000,22640.000003694873,300.53473358624075,590
11325000,22650.00000369691,299.4046553377584,590
11330000,22660.000003698948,297.43067114987974,590
11335000,22670.000003700985,299.5012379403005,590
11340000,22680.000003703022,301.6212437228816,590
11345000,22690.00000370506,302.26024269655574,590
11350000,22700.000003707097,299.829300966851,590
11355000,22710.000003709134,297.55810898056484,590
11360000,22720.00000371117,301.8106347906178,590
11365000,22730.00000371321,300.0635623341685,590
11370000,22740.000003715246,302.6886624629963,590
11375000,22750.000003717283,301.5002064760031,590
11380000,22760.00000371932,302.6306378601437,590
11385000,22770.000003721358,300.57399785724675,590
11390000,22780.000003723395,299.99150058889893,590
11395000,22790.000003725432,300.1371028350072,590
11400000,22800.00000372747,297.6394626078432,590
11405000,22810.000003729507,300.61048118494375,590
11410000,22820.000003731544,296.9205666914812,590
11415000,22830.00000373358,298.33035045230713,590
11420000,22840.00000373562,300.7635213508548,590
11425000,22850.000003737656,300.07245693856174,590
11430000,22860.000003739693,298.1479117428436,590
11435000,22870.00000374173,301.43995270430753,590
11440000,22880.000003743768,302.4743974023294,590
11445000,22890.000003745805,300.43135312227656,590
11450000,22900.000003747842,298.11072214382995,590
11455000,22910.00000374988,298.22403454818345,590
11460000,22920.000003751917,300.55055847792784,590
11465000,22930.000003753954,300.8457136753215,590
11470000,22940.00000375599,301.81723401323205,590
11475000,22950.00000375803,302.95885538354474,590
11480000,22960.000003760066,302.4268785853109,590
11485000,22970.000003762103,300.09379957490955,590
11490000,22980.00000376414,300.39528914317384,590
11495000,22990.000003766178,300.3403544773313,590
11500000,23000.000003768215,300.63129411780415,590
11505000,23010.000003770252,300.2924604536758,590
11510000,23020.00000377229,299.1064322743333,590
11515000,23030.000003774327,299.45793468020275,590
11520000,23040.000003776364,299.2138296564105,590
11525000,23050.0000037784,301.0737068847044,590
11530000,23060.00000378044,299.81817719361493,590
11535000,23070.000003782476,299.44305884059736,590
11540000,23080.000003784513,298.4726641225976,590
11545000,23090.00000378655,299.8803952824097,590
11550000,23100.000003788587,299.39525310085645,590
11555000,23110.000003790625,298.9590643499335,590
11560000,23120.000003792662,300.8425354543969,590
11565000,23130.0000037947,298.8455091648149,590
11570000,23140.000003796737,299.8608183243534,590
11575000,23150.000003798774,300.63705464323,590
11580000,23160.00000380081,300.4560284763996,590
11585000,23170.00000380285,299.0357168587609,590
11590000,23180.000003804886,300.6059345633433,590
11595000,23190.000003806923,301.96793465540696,590
11600000,23200.00000380896,302.0171970797383,590
11605000,23210.000003810997,298.3220959062946,590
11610000,23220.000003813035,300.1121184871833,590
11615000,23230.000003815072,301.38018449414204,590
11620000,23240.00000381711,300.46386367381785,590
11625000,23250.000003819147,299.5011496563859,590
11630000,23260.000003821184,301.2501864299344,590
11635000,23270.00000382322,299.01048973017186,590
11640000,23280.00000382526,299.2395644175083,590
11645000,23290.000003827296,298.99504004512175,590
11650000,23300.000003829333,299.1855125908114,590
11655000,23310.00000383137,299.53092340657537,590
11660000,23320.000003833407,300.6790115736305,590
11665000,23330.000003835445,300.76568430676184,590
11670000,23340.000003837482,301.2791435539141,590
11675000,23350.00000383952,301.18335550660316,590
11680000,23360.000003841556,301.25610145221077,590
11685000,23370.000003843594,302.1405297083957,590
11690000,23380.00000384563,300.4358556019198,590
11695000,23390.00000384767,302.6654437934638,590
11700000,23400.000003849706,301.5191433756788,590
11705000,23410.000003851743,297.8501080280126,590
11710000,23420.00000385378,300.33194543446825,590
11715000,23430.000003855817,300.56150568333476,590
11720000,23440.000003857855,300.2367091616234,590
11725000,23450.000003859892,299.83561326674294,590
11730000,23460.00000386193,299.6137778604015,590
11735000,23470.000003863966,300.24246968704927,590
11740000,23480.000003866004,299.84488307777303,590
11745000,23490.00000386804,301.269873742884,590
11750000,23500.00000387008,302.1629979646543,590
11755000,23510.000003872115,301.68423429592895,590
11760000,23520.000003874153,300.5317981460812,590
11765000,23530.00000387619,300.3008694965388,590
11770000,23540.000003878227,300.7989894135342,590
11775000,23550.000003880265,298.66823506435384,590
11780000,23560.000003882302,299.3547307840678,590
11785000,23570.00000388434,300.0065529963335,590
11790000,23580.000003886376,299.0783359185207,590
11795000,23590.000003888414,300.44097606896497,590
11800000,23600.00000389045,300.91232388886635,590
11805000,23610.000003892488,299.1798403493001,590
11810000,23620.000003894525,300.9164070199153,590
11815000,23630.000003896563,302.21826369517663,590
11820000,23640.0000038986,304.17642299136816,590
11825000,23650.000003900637,300.0030878526865,590
11830000,23660.000003902675,301.8539159797369,590
11835000,23670.00000390471,299.977088239845,590
11840000,23680.00000390675,300.5356164253865,590
11845000,23690.000003908786,297.87354740733156,590
11850000,23700.000003910824,302.1609012216833,590
11855000,23710.00000391286,299.23872572031985,590
11860000,23720.000003914898,300.56748691854705,590
11865000,23730.000003916935,298.16144125275173,590
11870000,23740.000003918973,300.33095224042927,590
11875000,23750.00000392101,300.80722188856805,590
11880000,23760.000003923047,298.1077646326918,590
11885000,23770.000003925084,299.3272303446785,590
11890000,23780.00000392712,297.3583886948237,590
11895000,23790.00000392916,300.2576545203557,590
11900000,23800.000003931196,302.3981421711176,590
11905000,23810.000003933234,298.74321017880436,590
11910000,23820.00000393527,301.1659415044538,590
11915000,23830.000003937308,299.47912281970014,590
11920000,23840.000003939345,300.58019980224543,590
11925000,23850.000003941383,299.6837428627,590
11930000,23860.00000394342,300.11602505040315,590
11935000,23870.000003945457,301.72493318054677,590
11940000,23880.000003947494,297.47560766239707,590
11945000,23890.00000394953,298.9905375654786,590
11950000,23900.00000395157,300.9763738688885,590
11955000,23910.000003953606,302.1895714229406,590
11960000,23920.000003955643,297.84951211158926,590
11965000,23930.00000395768,302.23302917988883,590
11970000,23940.000003959718,299.2907911589388,590
11975000,23950.000003961755,302.3713921450022,590
11980000,23960.000003963793,301.7662059106093,590
11985000,23970.00000396583,301.22921900022345,590
11990000,23980.000003967867,301.6320585024168,590
11995000,23990.000003969904,300.09375543295226,590
12000000,24000.00000397194,302.2788264605732,590
12005000,24010.00000397398,298.86109127573695,590
12010000,24020.000003976016,298.5954229058104,590
12015000,24030.000003978053,301.1684355250405,590
12020000,24040.00000398009,298.482596062987,590
12025000,24050.000003982128,297.46450596013955,590
12030000,24060.000003984165,298.9032468449452,590
12035000,24070.000003986203,301.90935827808823,590
12040000,24080.00000398824,300.5328354820774,590
12045000,24090.000003990277,300.63467097753653,590
12050000,24100.000003992314,301.05479205600733,590
12055000,24110.00000399435,300.47035254153894,590
12060000,24120.00000399639,298.52212518573674,590
12065000,24130.000003998426,299.9325490049433,590
12070000,24140.000004000463,301.34412051503926,590
12075000,24150.0000040025,298.00422967187717,590
12080000,24160.000004004538,300.05036388893996,590
12085000,24170.000004006575,299.2543740441778,590
12090000,24180.000004008612,298.2461938107411,590
12095000,24190.00000401065,300.49006192546716,590
12100000,24200.000004012687,299.4995164039663,590
12105000,24210.000004014724,299.83126528395024,590
12110000,24220.00000401676,297.74871395212637,590
12115000,24230.0000040188,302.9030158075778,590
12120000,24240.000004020836,299.31745290113963,590
12125000,24250.000004022873,299.93965586006635,590
12130000,24260.00000402491,303.120657727977,590
12135000,24270.000004026948,297.59830023267386,590
12140000,24280.000004028985,300.5330120499066,590
12145000,24290.000004031022,301.367824746102,590
12150000,24300.00000403306,300.7715331161022,590
12155000,24310.000004035097,299.18246679575867,590
12160000,24320.000004037134,300.9183492660359,590
12165000,24330.00000403917,301.058213057697,590
12170000,24340.00000404121,304.1236954233899,590
12175000,24350.000004043246,297.8925725909219,590
12180000,24360.000004045283,299.900413660039,590
12185000,24370.00000404732,300.0586625769098,590
12190000,24380.000004049358,299.6057881661327,590
12195000,24390.000004051395,298.3484707257731,590
12200000,24400.000004053432,299.60735520561633,590
12205000,24410.00000405547,300.354656471492,590
12210000,24420.000004057507,298.9130242884841,590
12215000,24430.000004059544,301.1521030008446,590
12220000,24440.00000406158,300.8533281629534,590
12225000,24450.00000406362,299.48826020485836,590
12230000,24460.000004065656,300.89947857929604,590
12235000,24470.000004067693,302.49671116173755,590
12240000,24480.00000406973,300.2548735770467,590
12245000,24490.000004071768,303.0014082303686,590
12250000,24500.000004073805,298.82666054905377,590
12255000,24510.000004075842,300.66843957486043,590
12260000,24520.00000407788,302.1549641284283,590
12265000,24530.000004079917,300.37123177645293,590
12270000,24540.000004081954,298.2679337247045,590
12275000,24550.00000408399,301.37298935510444,590
12280000,24560.00000408603,301.15272098824664,590
12285000,24570.000004088066,299.7283483105376,590
12290000,24580.000004090103,298.204523803063,590
12295000,24590.00000409214,300.49127582929253,590
12300000,24600.000004094178,299.5503237968026,590
12305000,24610.000004096215,301.7629173347915,590
12310000,24620.000004098252,300.6613327197374,590
12315000,24630.00000410029,299.13018064735326,590
12320000,24640.000004102327,297.8930140104947,590
12325000,24650.000004104364,298.60376573573745,590
12330000,24660.0000041064,301.3941995655804,590
12335000,24670.00000410844,301.04757484599105,590
12340000,24680.000004110476,302.38710668179607,590
12345000,24690.000004112513,299.140333297529,590
12350000,24700.00000411455,299.25677978084985,590
12355000,24710.000004116588,302.1493139578957,590
12360000,24720.000004118625,299.50031095919746,590
12365000,24730.000004120662,300.73542499504214,590
12370000,24740.0000041227,301.58460589833413,590
12375000,24750.000004124737,299.50746195627784,590
12380000,24760.000004126774,301.5883138227462,590
12385000,24770.00000412881,299.85953820759204,590
12390000,24780.00000413085,301.6119739118516,590
12395000,24790.000004132886,301.253055657158,590
12400000,24800.000004134923,299.00991588472715,590
12405000,24810.00000413696,301.73817576773257,590
12410000,24820.000004138998,300.7812222757265,590
12415000,24830.000004141035,302.1877616026919,590
12420000,24840.000004143072,299.2271163855536,590
12425000,24850.00000414511,300.21874338500794,590
12430000,24860.000004147147,301.01972127094353,590
12435000,24870.000004149184,299.7338660551984,590
12440000,24880.00000415122,299.22146621502094,590
12445000,24890.00000415326,300.97564552659327,590
12450000,24900.000004155296,298.648812603148,590
12455000,24910.000004157333,303.8937158259291,590
12460000,24920.00000415937,298.51060413488506,590
12465000,24930.000004161408,302.2681441069099,590
12470000,24940.000004163445,299.54253274134163,590
12475000,24950.000004165482,303.04976574457555,590
12480000,24960.00000416752,299.4798290910167,590
12485000,24970.000004169557,301.43929057494825,590
12490000,24980.000004171594,298.50630029404965,590
12495000,24990.00000417363,301.61009787866686,590
12500000,25000.00000417567,299.27461313159347,590
12505000,25010.000004177706,301.7104546185569,590
12510000,25020.000004179743,298.0472680802311,590
12515000,25030.00000418178,303.06561270724126,590
12520000,25040.000004183818,298.5174902802217,590
12525000,25050.000004185855,298.7770229180855,590
12530000,25060.000004187892,302.0228693212496,590
12535000,25070.00000418993,301.29490223266527,590
12540000,25080.000004191967,300.0880169785051,590
12545000,25090.000004194004,300.39197849637736,590
12550000,25100.00000419604,302.15341915992326,590
12555000,25110.00000419808,300.486177433226,590
12560000,25120.000004200116,301.1725848690254,590
12565000,25130.000004202153,303.00074610100927,590
12570000,25140.00000420419,299.4751059015871,590
12575000,25150.000004206227,303.3062084454293,590
12580000,25160.000004208265,300.7045476959205,590
12585000,25170.000004210302,300.9618511649414,590
12590000,25180.00000421234,300.1457546586353,590
12595000,25190.000004214377,302.8229643680393,590
12600000,25200.000004216414,299.65944271521397,590
12605000,25210.00000421845,299.9281568801933,590
12610000,25220.00000422049,303.23807533435814,590
12615000,25230.000004222526,304.3230405024941,590
12620000,25240.000004224563,299.3443574241055,590
12625000,25250.0000042266,300.8029842606686,590
12630000,25260.000004228637,300.7120738996378,590
12635000,25270.000004230675,300.3557820914027,590
12640000,25280.000004232712,298.8434344928225,590
12645000,25290.00000423475,303.64303365050114,590
12650000,25300.000004236786,299.9910150273688,590
12655000,25310.000004238824,302.7149269275816,590
12660000,25320.00000424086,301.67761300233605,590
12665000,25330.0000042429,300.88579457253735,590
12670000,25340.000004244936,299.35592261691454,590
12675000,25350.000004246973,300.7987907747264,590
12680000,25360.00000424901,297.95856481706466,590
12685000,25370.000004251047,298.9006866114226,590
12690000,25380.000004253085,301.4442565451429,590
12695000,25390.000004255122,300.1911546617041,590
12700000,25400.00000425716,299.0595976576527,590
12705000,25410.000004259196,300.1584234003765,590
12710000,25420.000004261234,302.2271362285911,590
12715000,25430.00000426327,299.8066782137419,590
12720000,25440.00000426531,298.1846599222842,590
12725000,25450.000004267346,301.80895739624094,590
12730000,25460.000004269383,300.32664839959386,590
12735000,25470.00000427142,299.8041400511979,590
12740000,25480.000004273457,301.78677606270463,590
12745000,25490.000004275495,300.2425138290065,590
12750000,25500.000004277532,297.00443641032484,590
12755000,25510.00000427957,301.7428989571622,590
12760000,25520.000004281606,300.4902826352536,590
12765000,25530.000004283644,301.81771957476224,590
12770000,25540.00000428568,296.595019756496,590
12775000,25550.00000428772,299.6216130578198,590
12780000,25560.000004289755,301.5538168831271,590
12785000,25570.000004291793,303.94096979120394,590
12790000,25580.00000429383,300.86222276734657,590
12795000,25590.000004295867,301.30156766821545,590
12800000,25600.000004297905,299.55107421007654,590
12805000,25610.00000429994,299.62364358785493,590
12810000,25620.00000430198,301.3529930484538,590
12815000,25630.000004304016,300.19676069027946,590
12820000,25640.000004306054,302.66617213575904,590
12825000,25650.00000430809,298.82037032014046,590
12830000,25660.000004310128,302.1546992766846,590
12835000,25670.000004312165,300.70176675261143,590
12840000,25680.000004314203,298.0144926769462,590
12845000,25690.00000431624,300.4978750519068,590
12850000,25700.000004318277,300.2393356080819,590
12855000,25710.000004320314,301.44454346786523,590
12860000,25720.00000432235,299.74393042145965,590
12865000,25730.00000432439,300.04140307161094,590
12870000,25740.000004326426,301.07330960708885,590
12875000,25750.000004328464,297.82048877467366,590
12880000,25760.0000043305,301.08902414388274,590
12885000,25770.000004332538,299.7110667342601,590
12890000,25780.000004334575,298.88585491377444,590
12895000,25790.000004336613,301.38345099898123,590
12900000,25800.00000433865,300.14354756077097,590
12905000,25810.000004340687,299.22963247711886,590
12910000,25820.000004342724,301.41333510406395,590
12915000,25830.00000434476,300.37880212212747,590
12920000,25840.0000043468,301.4222517794358,590
12925000,25850.000004348836,299.26750627647044,590
12930000,25860.000004350873,301.90050781565236,590
12935000,25870.00000435291,298.472642051619,590
12940000,25880.000004354948,300.32380124334895,590
12945000,25890.000004356985,303.56216558475296,590
12950000,25900.000004359023,301.7683688665163,590
12955000,25910.00000436106,301.0101203952338,590
12960000,25920.000004363097,298.26219527025734,590
12965000,25930.000004365134,300.62888838113207,590
12970000,25940.00000436717,300.4059052839012,590
12975000,25950.00000436921,300.09876554510424,590
12980000,25960.000004371246,298.5840122098519,590
12985000,25970.000004373283,298.94509342045245,590
12990000,25980.00000437532,299.19235459419076,590
12995000,25990.000004377358,299.9285541578089,590
13000000,26000.000004379395,299.9607557156491,590
13005000,26010.000004381433,300.7433926183323,590
13010000,26020.00000438347,297.1508111406857,590
13015000,26030.000004385507,297.22669116526055,590
13020000,26040.000004387544,299.28030744408335,590
13025000,26050.00000438958,298.27936649164167,590
13030000,26060.00000439162,301.01888257375504,590
13035000,26070.000004393656,301.989387646648,590
13040000,26080.000004395693,299.585858072418,590
13045000,26090.00000439773,297.56989488316026,590
13050000,26100.000004399768,299.59521616736265,590
13055000,26110.000004401805,299.30158386749525,590
13060000,26120.000004403842,301.9362848720328,590
13065000,26130.00000440588,298.56092596619123,590
13070000,26140.000004407917,297.4092181586387,590
13075000,26150.000004409954,299.7959958600787,590
13080000,26160.00000441199,302.0647821096927,590
13085000,26170.00000441403,298.70791868395406,590
13090000,26180.000004416066,299.6264466021426,590
13095000,26190.000004418103,300.5966206103559,590
13100000,26200.00000442014,299.28224969020397,590
13105000,26210.000004422178,299.82307695087366,590
13110000,26220.000004424215,302.2916276281862,590
13115000,26230.000004426252,301.16600771738973,590
13120000,26240.00000442829,298.61418323765696,590
13125000,26250.000004430327,300.82737269206916,590
13130000,26260.000004432364,301.06924854701856,590
13135000,26270.0000044344,301.85025219728215,590
13140000,26280.00000443644,297.6864517213743,590
13145000,26290.000004438476,301.70489273193886,590
13150000,26300.000004440513,299.9411566866141,590
13155000,26310.00000444255,299.85781667125786,590
13160000,26320.000004444588,298.5183731193674,590
13165000,26330.000004446625,300.1687084764241,590
13170000,26340.000004448662,301.0445290509383,590
13175000,26350.0000044507,300.6870674808352,590
13180000,26360.000004452737,299.83665060273916,590
13185000,26370.000004454774,299.7660896840173,590
13190000,26380.00000445681,300.9202032282419,590
13195000,26390.00000445885,303.4362506515943,590
13200000,26400.000004460886,300.85251153674363,590
13205000,26410.000004462923,301.83153600739274,590
13210000,26420.00000446496,301.496873758228,590
13215000,26430.000004466998,300.1184307870752,590
13220000,26440.000004469035,301.34186927521773,590
13225000,26450.000004471072,296.56058902981283,590
13230000,26460.00000447311,300.3029220975526,590
13235000,26470.000004475147,299.5907136877195,590
13240000,26480.000004477184,301.02952078546105,590
13245000,26490.00000447922,298.68862864862,590
13250000,26500.00000448126,301.29106188238137,590
13255000,26510.000004483296,301.356502334058,590
13260000,26520.000004485333,302.14278094821736,590
13265000,26530.00000448737,301.0209131037902,590
13270000,26540.000004489408,300.47646620262304,590
13275000,26550.000004491445,300.92881090991267,590
13280000,26560.000004493482,301.0635983764859,590
13285000,26570.00000449552,299.90434229423744,590
13290000,26580.000004497557,299.81711778664004,590
13295000,26590.000004499594,301.75283089755163,590
13300000,26600.00000450163,299.73850096071345,590
13305000,26610.00000450367,296.53180847366224,590
13310000,26620.000004505706,301.5786688050792,590
13315000,26630.000004507743,300.53106980378595,590
13320000,26640.00000450978,301.08789852397194,590
13325000,26650.000004511818,300.7891016151021,590
13330000,26660.000004513855,301.1237197223096,590
13335000,26670.000004515892,301.0881854466943,590
13340000,26680.00000451793,300.76369791868393,590
13345000,26690.000004519967,299.5938036247295,590
13350000,26700.000004522004,302.3280447429472,590
13355000,26710.00000452404,300.3409724647332,590
13360000,26720.00000452608,302.2200735154253,590
13365000,26730.000004528116,298.54335746719136,590
13370000,26740.000004530153,297.8134039905292,590
13375000,26750.00000453219,299.81268151993277,590
13380000,26760.000004534228,298.8168168925789,590
13385000,26770.000004536265,300.40449274126803,590
13390000,26780.000004538302,298.2788367881542,590
13395000,26790.00000454034,301.0904366865159,590
13400000,26800.000004542377,300.32700153525224,590
13405000,26810.000004544414,300.5443344619504,590
13410000,26820.00000454645,300.71944560650456,590
13415000,26830.00000454849,300.5449303783738,590
13420000,26840.000004550526,301.63806180860763,590
13425000,26850.000004552563,301.9035094687478,590
13430000,26860.0000045546,301.6736402261803,590
13435000,26870.000004556638,298.87373794649943,590
13440000,26880.000004558675,298.3970930917237,590
13445000,26890.000004560712,301.6720069737607,590
13450000,26900.00000456275,302.80788988962615,590
13455000,26910.000004564787,301.9280744679776,590
13460000,26920.000004566824,299.14278317615845,590
13465000,26930.00000456886,297.7753315523699,590
13470000,26940.0000045709,301.4594193074707,590
13475000,26950.000004572936,298.52327287662615,590
13480000,26960.000004574973,303.0080515949401,590
13485000,26970.00000457701,300.6567860981369,590
13490000,26980.000004579048,301.119614520282,590
13495000,26990.000004581085,297.0031121516063,590
13500000,27000.000004583122,298.6954265100421,590
13505000,27010.00000458516,298.4840748185561,590
13510000,27020.000004587197,299.5782215138075,590
13515000,27030.000004589234,298.6646595658137,590
13520000,27040.00000459127,300.5196591078275,590
13525000,27050.00000459331,301.7950306087171,590
13530000,27060.000004595346,301.8682841868335,590
13535000,27070.000004597383,301.7657644910364,590
13540000,27080.00000459942,298.9669878312664,590
13545000,27090.000004601457,301.1556784993848,590
13550000,27100.000004603495,301.93319493502275,590
13555000,27110.000004605532,299.88840704765715,590
13560000,27120.00000460757,299.6589792246625,590
13565000,27130.000004609607,299.0613191939869,590
13570000,27140.000004611644,300.69006913393065,590
13575000,27150.00000461368,299.83236883288237,590
13580000,27160.00000461572,301.05790406399603,590
13585000,27170.000004617756,299.7622051917761,590
13590000,27180.000004619793,301.34085401020013,590
13595000,27190.00000462183,300.47222857472354,590
13600000,27200.000004623867,301.2199050472361,590
13605000,27210.000004625905,300.5224400511365,590
13610000,27220.000004627942,301.01042938893477,590
13615000,27230.00000462998,301.5032964130131,590
13620000,27240.000004632016,299.76315424385774,590
13625000,27250.000004634054,299.8981624202174,590
13630000,27260.00000463609,296.406048037354,590
13635000,27270.00000463813,300.2468397408206,590
13640000,27280.000004640166,302.54372234624725,590
13645000,27290.000004642203,300.6288663101534,590
13650000,27300.00000464424,300.30797635166186,590
13655000,27310.000004646277,300.22951402258576,590
13660000,27320.000004648315,298.3136427214743,590
13665000,27330.000004650352,299.1428273181157,590
13670000,27340.00000465239,300.5760063163033,590
13675000,27350.000004654426,297.71128157234773,590
13680000,27360.000004656464,300.4326332390379,590
13685000,27370.0000046585,298.83151616435526,590
13690000,27380.00000466054,300.12818615963545,590
13695000,27390.000004662576,299.3898236401103,590
13700000,27400.000004664613,300.2115923879276,590
13705000,27410.00000466665,300.0898267987538,590
13710000,27420.000004668687,300.16129262760006,590
13715000,27430.000004670725,299.94018556355377,590
13720000,27440.000004672762,300.4231647892001,590
13725000,27450.0000046748,303.09077362289435,590
13730000,27460.000004676836,302.70982853151503,590
13735000,27470.000004678874,301.5988637505376,590
13740000,27480.00000468091,301.7092627857102,590
13745000,27490.00000468295,299.68581753469243,590
13750000,27500.000004684985,299.84205799250674,590
13755000,27510.000004687023,299.71395803246236,590
13760000,27520.00000468906,298.59127356182546,590
13765000,27530.000004691097,302.20936909078347,590
13770000,27540.000004693135,299.7692899759205,590
13775000,27550.00000469517,299.3175411850542,590
13780000,27560.00000469721,300.4807038305225,590
13785000,27570.000004699246,302.0764576573949,590
13790000,27580.000004701284,302.0741402046374,590
13795000,27590.00000470332,301.07692924758635,590
13800000,27600.000004705358,301.5942950579585,590
13805000,27610.000004707395,299.6686242423295,590
13810000,27620.000004709433,299.0505926983663,590
13815000,27630.00000471147,301.7939049888064,590
13820000,27640.000004713507,300.3149507809131,590
13825000,27650.000004715544,298.62877215454006,590
13830000,27660.00000471758,301.5534858184474,590
13835000,27670.00000471962,300.68583150603115,590
13840000,27680.000004721656,299.8691390833018,590
13845000,27690.000004723694,304.01629804131267,590
13850000,27700.00000472573,303.0612205824913,590
13855000,27710.000004727768,300.1453573810198,590
13860000,27720.000004729805,297.31665247420966,590
13865000,27730.000004731843,298.51764477707223,590
13870000,27740.00000473388,297.9958647709715,590
13875000,27750.000004735917,303.7604291859036,590
13880000,27760.000004737954,302.1638587328215,590
13885000,27770.00000473999,300.83816540062566,590
13890000,27780.00000474203,302.09179698755185,590
13895000,27790.000004744066,300.37343887431723,590
13900000,27800.000004746104,300.0566320468746,590
13905000,27810.00000474814,298.1388184996426,590
13910000,27820.000004750178,298.88186006664006,590
13915000,27830.000004752215,300.84372728724367,590
13920000,27840.000004754253,300.39149293484724,590
13925000,27850.00000475629,298.0381748370302,590
13930000,27860.000004758327,301.3155606686752,590
13935000,27870.000004760364,303.0114505256511,590
13940000,27880.0000047624,300.32673668350844,590
13945000,27890.00000476444,301.78046376281276,590
13950000,27900.000004766476,299.39679806936147,590
13955000,27910.000004768513,300.76191016941385,590
13960000,27920.00000477055,301.1891381030077,590
13965000,27930.000004772588,301.60330001724486,590
13970000,27940.000004774625,300.7412075914466,590
13975000,27950.000004776663,303.42311841930166,590
13980000,27960.0000047787,299.21685338048457,590
13985000,27970.000004780737,301.3551560043608,590
13990000,27980.000004782774,299.6543884611047,590
13995000,27990.00000478481,297.5164389728867,590
14000000,28000.00000478685,301.5201586406964,590
14005000,28010.000004788886,302.75123368744937,590
14010000,28020.000004790923,302.1317013169385,590
14015000,28030.00000479296,299.1168939182101,590
14020000,28040.000004794998,298.05982646707906,590
14025000,28050.000004797035,299.3727186316619,590
14030000,28060.000004799072,300.7288919853638,590
14035000,28070.00000480111,300.2938509253303,590
14040000,28080.000004803147,301.72773619483445,590
14045000,28090.000004805184,299.9252214400338,590
14050000,28100.00000480722,300.81309276888715,590
14055000,28110.00000480926,299.2318616459618,590
14060000,28120.000004811296,298.55145751635337,590
14065000,28130.000004813333,300.1170403154207,590
14070000,28140.00000481537,299.9202775408177,590
14075000,28150.000004817408,298.04086749642465,590
14080000,28160.000004819445,300.64217511027516,590
14085000,28170.000004821482,297.8110423958144,590
14090000,28180.00000482352,298.2743563794897,590
14095000,28190.000004825557,298.05218990846856,590
14100000,28200.000004827594,299.54950717059285,590
14105000,28210.00000482963,299.80581744557475,590
14110000,28220.00000483167,300.4826019346858,590
14115000,28230.000004833706,303.6332341359836,590
14120000,28240.000004835743,298.9392225401334,590
14125000,28250.00000483778,300.90994022317284,590
14130000,28260.000004839818,301.1317535585357,590
14135000,28270.000004841855,300.2203104244916,590
14140000,28280.000004843892,301.532981879288,590
14145000,28290.00000484593,298.7148048292907,590
14150000,28300.000004847967,299.1243097670342,590
14155000,28310.000004850004,299.66774140318375,590
14160000,28320.00000485204,300.39197849637736,590
14165000,28330.00000485408,299.8058615875321,590
14170000,28340.000004856116,302.4033509220774,590
14175000,28350.000004858153,299.774763578624,590
14180000,28360.00000486019,299.47912281970014,590
14185000,28370.000004862228,300.0307207179477,590
14190000,28380.000004864265,298.88031509813504,590
14195000,28390.000004866302,300.8396220852161,590
14200000,28400.00000486834,300.47108088383413,590
14205000,28410.000004870377,302.61289279331464,590
14210000,28420.000004872414,301.1993348951408,590
14215000,28430.00000487445,301.1596071335833,590
14220000,28440.00000487649,299.768517491668,590
14225000,28450.000004878526,301.02634256453644,590
14230000,28460.000004880563,300.8061183396359,590
14235000,28470.0000048826,300.0230400173799,590
14240000,28480.000004884638,300.6879061780236,590
14245000,28490.000004886675,301.36107102663715,590
14250000,28500.000004888712,300.9253457662657,590
14255000,28510.00000489075,298.4558018949143,590
14260000,28520.000004892787,300.2489585547703,590
14265000,28530.000004894824,301.07979847480993,590
14270000,28540.00000489686,300.3486310943224,590
14275000,28550.0000048989,299.9643312141893,590
14280000,28560.000004900936,301.1241832128611,590
14285000,28570.000004902973,301.1105654190384,590
14290000,28580.00000490501,300.94790230643895,590
14295000,28590.000004907048,298.352311076057,590
14300000,28600.000004909085,299.6826613847465,590
14305000,28610.000004911122,300.72944375982985,590
14310000,28620.00000491316,298.2286253117412,590
14315000,28630.000004915197,302.67718555410187,590
14320000,28640.000004917234,300.12582456492066,590
14325000,28650.00000491927,301.1860702369763,590
14330000,28660.00000492131,302.5066872440842,590
14335000,28670.000004923346,299.58162044451853,590
14340000,28680.000004925383,302.88202630688824,590
14345000,28690.00000492742,299.5725492722962,590
14350000,28700.000004929458,298.9787737338618,590
14355000,28710.000004931495,299.2581481815257,590
14360000,28720.000004933532,301.55339753453285,590
14365000,28730.00000493557,298.66589554061767,590
14370000,28740.000004937607,302.29228975754546,590
14375000,28750.000004939644,298.0766666237837,590
14380000,28760.00000494168,299.3386631116157,590
14385000,28770.00000494372,299.83433314998166,590
14390000,28780.000004945756,299.2077822082623,590
14395000,28790.000004947793,299.79723183488267,590
14400000,28800.00000494983,300.1197329748151,590
14405000,28810.000004951868,298.5381487162316,590
14410000,28820.000004953905,299.79231000664527,590
14415000,28830.000004955942,302.50664310212693,590
14420000,28840.00000495798,299.1103388375531,590
14425000,28850.000004960017,300.6218256679663,590
14430000,28860.000004962054,298.5379280064452,590
14435000,28870.00000496409,302.81336349232964,590
14440000,28880.00000496613,298.34648433769524,590
14445000,28890.000004968166,301.5246831913182,590
14450000,28900.000004970203,298.8148746464584,590
14455000,28910.00000497224,298.05082150779265,590
14460000,28920.000004974278,300.1508751256805,590
14465000,28930.000004976315,298.16353799572283,590
14470000,28940.000004978352,298.9273483536235,590
14475000,28950.00000498039,298.9621763579222,590
14480000,28960.000004982427,299.6695953653898,590
14485000,28970.000004984464,297.97670716150924,590
14490000,28980.0000049865,301.79752462930384,590
14495000,28990.00000498854,300.47915886201747,590
14500000,29000.000004990576,299.15483393049755,590
14505000,29010.000004992613,299.592346940139,590
14510000,29020.00000499465,299.6077524832319,590
14515000,29030.000004996687,300.93273954411114,590
14520000,29040.000004998725,298.4486729688126,590
14525000,29050.000005000762,302.6327566740934,590
14530000,29060.0000050028,299.7049310021974,590
14535000,29070.000005004837,299.10912493372774,590
14540000,29080.000005006874,301.5628218424134,590
14545000,29090.00000500891,301.74292102814087,590
14550000,29100.00000501095,301.92816275189216,590
14555000,29110.000005012986,301.25788920148085,590
14560000,29120.000005015023,298.0471135833807,590
14565000,29130.00000501706,299.48172719518004,590
14570000,29140.000005019097,299.108860081984,590
14575000,29150.000005021135,300.65947875753136,590
14580000,29160.000005023172,301.2010122895176,590
14585000,29170.00000502521,298.0291919487225,590
14590000,29180.000005027247,297.8944927660638,590
14595000,29190.000005029284,299.61872175961753,590
14600000,29200.00000503132,299.84064544987353,590
14605000,29210.00000503336,299.0573464178311,590
14610000,29220.000005035396,300.52104957948205,590
14615000,29230.000005037433,301.8300131098664,590
14620000,29240.00000503947,297.94457181660493,590
14625000,29250.000005041507,301.7046940931311,590
14630000,29260.000005043545,299.655050590464,590
14635000,29270.000005045582,298.6863774087984,590
14640000,29280.00000504762,301.76854543434547,590
14645000,29290.000005049656,299.3308058432187,590
14650000,29300.000005051694,302.21554896480353,590
14655000,29310.00000505373,301.1467176820557,590
14660000,29320.00000505577,300.3583864668826,590
14665000,29330.000005057806,302.2500459044226,590
14670000,29340.000005059843,300.94677668652815,590
14675000,29350.00000506188,297.8083938783772,590
14680000,29360.000005063917,299.60609715983367,590
14685000,29370.000005065955,302.4340516533699,590
14690000,29380.000005067992,301.0396955066155,590
14695000,29390.00000507003,300.1416494566077,590
14700000,29400.000005072066,300.93430658359483,590
14705000,29410.000005074104,300.0095767204076,590
14710000,29420.00000507614,299.0499967819429,590
14715000,29430.00000507818,300.4576617288192,590
14720000,29440.000005080215,300.3258317733841,590
14725000,29450.000005082253,299.6847360567389,590
14730000,29460.00000508429,301.5344606348571,590
14735000,29470.000005086327,300.7618439564779,590
14740000,29480.000005088365,300.1755725507821,590
14745000,29490.000005090402,299.47488519180064,590
14750000,29500.00000509244,301.8949459290343,590
14755000,29510.000005094476,300.9893957462879,590
14760000,29520.000005096514,297.02999460359354,590
14765000,29530.00000509855,301.3812880430742,590
14770000,29540.000005100588,299.7802592523061,590
14775000,29550.000005102625,301.72828796930054,590
14780000,29560.000005104663,301.1159728088059,590
14785000,29570.0000051067,301.43125673872214,590
14790000,29580.000005108737,298.16585544848033,590
14795000,29590.000005110775,300.65204083772863,590
14800000,29600.00000511281,300.93918426987494,590
14805000,29610.00000511485,299.97832421464904,590
14810000,29620.000005116886,298.4668594552145,590
14815000,29630.000005118924,302.0772080706688,590
14820000,29640.00000512096,296.2716137064391,590
14825000,29650.000005122998,301.0763112601843,590
14830000,29660.000005125035,300.62809382590086,590
14835000,29670.000005127073,299.5880651702823,590
14840000,29680.00000512911,299.6309490817858,590
14845000,29690.000005131147,301.7748798052161,590
14850000,29700.000005133184,300.76307993128194,590
14855000,29710.00000513522,301.4904069614855,590
14860000,29720.00000513726,298.6575085687333,590
14865000,29730.000005139296,300.74398853475566,590
14870000,29740.000005141334,299.54396735495345,590
14875000,29750.00000514337,301.59965830576874,590
14880000,29760.000005145408,298.77333706465214,590
14885000,29770.000005147445,299.8901727259486,590
14890000,29780.000005149483,303.55093145662363,590
14895000,29790.00000515152,299.30010511192626,590
14900000,29800.000005153557,299.9917875116213,590
14905000,29810.000005155594,303.9768792734562,590
14910000,29820.00000515763,299.0640559953386,590
14915000,29830.00000515967,300.63948245088073,590
14920000,29840.000005161706,302.61887402852693,590
14925000,29850.000005163743,300.79329510104424,590
14930000,29860.00000516578,299.60479497209377,590
14935000,29870.000005167818,299.4953229180241,590
14940000,29880.000005169855,299.03721768530863,590
14945000,29890.000005171893,300.88195422225346,590
14950000,29900.00000517393,299.4468109069667,590
14955000,29910.000005175967,298.8599877268048,590
14960000,29920.000005178004,299.1239124894186,590
14965000,29930.00000518004,300.53354175339405,590
14970000,29940.00000518208,302.15461099277,590
14975000,29950.000005184116,301.09789667729723,590
14980000,29960.000005186153,300.40628049053805,590
14985000,29970.00000518819,300.52749430524585,590
14990000,29980.000005190228,301.5896822234221,590
14995000,29990.000005192265,299.3294374425429,590
15000000,30000.000005194303,299.9745721482797,590
15005000,30010.00000519634,300.2631943359951,590
15010000,30020.000005198377,300.3370879724921,590
15015000,30030.000005200414,297.71445979327234,590
15020000,30040.00000520245,297.6140368404464,590
15025000,30050.00000520449,302.35199175477493,590
15030000,30060.000005206526,298.843279995972,590
15035000,30070.000005208563,299.220539233918,590
15040000,30080.0000052106,300.22415077477547,590
15045000,30090.000005212638,299.99090467247555,590
15050000,30100.000005214675,298.760977316612,590
15055000,30110.000005216712,303.4128774852113,590
15060000,30120.00000521875,301.4566383641616,590
15065000,30130.000005220787,299.0242399498665,590
15070000,30140.000005222824,298.2192230748393,590
15075000,30150.00000522486,303.5528074898083,590
15080000,30160.0000052269,298.4139773903857,590
15085000,30170.000005228936,301.85678520696047,590
15090000,30180.000005230973,302.07945931049034,590
15095000,30190.00000523301,300.20342612582965,590
15100000,30200.000005235048,300.952228218253,590
15105000,30210.000005237085,300.5486162318072,590
15110000,30220.000005239122,297.6331723789299,590
15115000,30230.00000524116,299.8035662057532,590
15120000,30240.000005243197,299.8719862395467,590
15125000,30250.000005245234,299.8604431177164,590
15130000,30260.00000524727,301.65384255833743,590
15135000,30270.00000524931,299.09069566656075,590
15140000,30280.000005251346,299.8431394704602,590
15145000,30290.000005253383,300.9913821343658,590
15150000,30300.00000525542,298.53633889598285,590
15155000,30310.000005257458,301.13967703986856,590
15160000,30320.000005259495,301.7769765481871,590
15165000,30330.000005261532,303.0583072133104,590
15170000,30340.00000526357,299.60914295488647,590
15175000,30350.000005265607,299.7198730547387,590
15180000,30360.000005267644,300.43175039989217,590
15185000,30370.00000526968,299.0362907042056,590
15190000,30380.00000527172,301.2828514783261,590
15195000,30390.000005273756,300.5458573594769,590
15200000,30400.000005275793,301.420132965486,590
15205000,30410.00000527783,301.07966604893807,590
15210000,30420.000005279868,301.80350586451607,590
15215000,30430.000005281905,300.1190929164345,590
15220000,30440.000005283942,300.65835313762057,590
15225000,30450.00000528598,300.5000821497711,590
15230000,30460.000005288017,301.2987646539278,590
15235000,30470.000005290054,298.9275911343885,590
15240000,30480.00000529209,298.07770395977997,590
15245000,30490.00000529413,298.85058548990287,590
15250000,30500.000005296166,300.23063964249656,590
15255000,30510.000005298203,298.10454226980994,590
15260000,30520.00000530024,303.6072786650994,590
15265000,30530.000005302278,300.38747601673424,590
15270000,30540.000005304315,301.73137790631057,590
15275000,30550.000005306352,300.99027858543366,590
15280000,30560.00000530839,301.3236607178372,590
15285000,30570.000005310427,302.1927937858225,590
15290000,30580.000005312464,303.522835100811,590
15295000,30590.0000053145,298.5017536724492,590
15300000,30600.00000531654,302.9125063283943,590
15305000,30610.000005318576,300.6405418578556,590
15310000,30620.000005320613,300.7313418639932,590
15315000,30630.00000532265,298.8045895704107,590
15320000,30640.000005324688,298.0786530118616,590
15325000,30650.000005326725,300.546960908409,590
15330000,30660.000005328762,299.0706552179529,590
15335000,30670.0000053308,300.43784198999765,590
15340000,30680.000005332837,299.3495661750653,590
15345000,30690.000005334874,302.7297365542511,590
15350000,30700.00000533691,300.63449440970743,590
15355000,30710.00000533895,303.2170196207327,590
15360000,30720.000005340986,302.5846860826088,590
15365000,30730.000005343023,300.2690872872928,590
15370000,30740.00000534506,302.30760701672375,590
15375000,30750.000005347098,299.8183096194868,590
15380000,30760.000005349135,300.0684841624059,590
15385000,30770.000005351172,300.1191149874131,590
15390000,30780.00000535321,301.659867935507,590
15395000,30790.000005355247,298.67677653308874,590
15400000,30800.000005357284,299.1589612035038,590
15405000,30810.00000535932,299.1086393721976,590
15410000,30820.00000536136,298.55251692332826,590
15415000,30830.000005363396,300.7112131314707,590
15420000,30840.000005365433,302.4408274438133,590
15425000,30850.00000536747,299.5151867988029,590
15430000,30860.000005369508,300.19863672346406,590
15435000,30870.000005371545,299.7246845280829,590
15440000,30880.000005373582,301.356877540695,590
15445000,30890.00000537562,300.3117284180312,590
15450000,30900.000005377657,297.4019347356865,590
15455000,30910.000005379694,300.0939761427387,590
15460000,30920.00000538173,300.67356004190566,590
15465000,30930.00000538377,299.7583648414922,590
15470000,30940.000005385806,300.14014863006,590
15475000,30950.000005387843,298.8628569540284,590
15480000,30960.00000538988,299.36082237417327,590
15485000,30970.000005391918,298.81147571574735,590
15490000,30980.000005393955,298.8313837384834,590
15495000,30990.000005395992,300.862752470834,590
15500000,31000.00000539803,300.2386734787226,590
15505000,31010.000005400067,302.39474324040657,590
15510000,31020.000005402104,299.57751524249096,590
15515000,31030.00000540414,299.3393031699963,590
15520000,31040.00000540618,299.8587877943182,590
15525000,31050.000005408216,300.2623777097853,590
15530000,31060.000005410253,300.80964969621874,590
15535000,31070.00000541229,299.70733673886946,590
15540000,31080.000005414327,299.4109014247144,590
15545000,31090.000005416365,302.26403890488234,590
15550000,31100.000005418402,302.82490661415994,590
15555000,31110.00000542044,300.4438011542313,590
15560000,31120.000005422477,298.2237255544824,590
15565000,31130.000005424514,300.6266371413105,590
15570000,31140.00000542655,300.6789674316732,590
15575000,31150.00000542859,300.71081585385514,590
15580000,31160.000005430626,303.2725943449559,590
15585000,31170.000005432663,301.41646918303127,590
15590000,31180.0000054347,298.80503098998355,590
15595000,31190.000005436737,300.8471262179547,590
15600000,31200.000005438775,301.9540299388618,590
15605000,31210.000005440812,301.4255624262322,590
15610000,31220.00000544285,301.2221342160791,590
15615000,31230.000005444886,301.66609195148436,590
15620000,31240.000005446924,300.44382322520994,590
15625000,31250.00000544896,302.88220287471734,590
15630000,31260.000005451,298.35050125580824,590
15635000,31270.000005453036,298.621665299417,590
15640000,31280.000005455073,298.4688017013351,590
15645000,31290.00000545711,297.1164245559598,590
15650000,31300.000005459147,301.37788911236316,590
15655000,31310.000005461185,301.0845658061968,590
15660000,31320.000005463222,300.5906835171009,590
15665000,31330.00000546526,300.2811159706533,590
15670000,31340.000005467296,299.8639744742993,590
15675000,31350.000005469334,300.04122650378173,590
15680000,31360.00000547137,302.30919612718606,590
15685000,31370.00000547341,300.96811932287596,590
15690000,31380.000005475446,302.5359092198076,590
15695000,31390.000005477483,300.90790969313775,590
15700000,31400.00000547952,298.4488053946844,590
15705000,31410.000005481557,302.12070996957425,590
15710000,31420.000005483595,301.1523016396524,590
15715000,31430.000005485632,301.5350344803018,590
15720000,31440.00000548767,299.8046256127281,590
15725000,31450.000005489706,300.9954431944361,590
15730000,31460.000005491744,299.15924812622615,590
15735000,31470.00000549378,300.00567015718775,590
15740000,31480.00000549582,300.89875023700085,590
15745000,31490.000005497855,298.19615890215726,590
15750000,31500.000005499893,299.32113875457304,590
15755000,31510.00000550193,298.84418490609636,590
15760000,31520.000005503967,303.5106298496214,590
15765000,31530.000005506005,299.49170327752665,590
15770000,31540.00000550804,297.6960305261054,590
15775000,31550.00000551008,299.1895736508817,590
15780000,31560.000005512116,303.59723636981676,590
15785000,31570.000005514154,301.9938901262912,590
15790000,31580.00000551619,302.49518826421115,590
15795000,31590.000005518228,298.79743857333034,590
15800000,31600.000005520265,300.6331039380529,590
15805000,31610.000005522303,300.5676634863762,590
15810000,31620.00000552434,301.46714414999576,590
15815000,31630.000005526377,304.9009470072842,590
15820000,31640.000005528414,298.2331277913844,590
15825000,31650.00000553045,302.1158543542728,590
15830000,31660.00000553249,298.3998961060114,590
15835000,31670.000005534526,301.15735589376163,590
15840000,31680.000005536564,298.37932595391607,590
15845000,31690.0000055386,297.9627803739855,590
15850000,31700.000005540638,303.63040905071733,590
15855000,31710.000005542675,301.5762189264498,590
15860000,31720.000005544713,301.82050051807124,590
15865000,31730.00000554675,301.55829729179163,590
15870000,31740.000005548787,298.41755288892585,590
15875000,31750.000005550824,300.51248603976853,590
15880000,31760.00000555286,302.9305383179457,590
15885000,31770.0000055549,302.1584072010966,590
15890000,31780.000005556936,300.9851581183884,590
15895000,31790.000005558973,301.1056215198223,590
15900000,31800.00000556101,302.94020540659136,590
15905000,31810.000005563048,300.49847096833014,590
15910000,31820.000005565085,300.80667011410196,590
15915000,31830.000005567123,302.228504629267,590
15920000,31840.00000556916,302.22462013702585,590
15925000,31850.000005571197,298.5279077821412,590
15930000,31860.000005573234,298.9846004722236,590
15935000,31870.00000557527,300.307534932089,590
15940000,31880.00000557731,300.4304261411736,590
15945000,31890.000005579346,300.05102601829924,590
15950000,31900.000005581383,298.4340619809509,590
15955000,31910.00000558342,298.3522227921424,590
15960000,31920.000005585458,298.27570270918693,590
15965000,31930.000005587495,300.88303570020696,590
15970000,31940.000005589533,298.6940139674089,590
15975000,31950.00000559157,298.97444782204775,590
15980000,31960.000005593607,301.58716613185675,590
15985000,31970.000005595644,298.3190280402632,590
15990000,31980.00000559768,300.9482113001399,590
15995000,31990.00000559972,299.35053729812563,590
16000000,32000.000005601756,299.39754848263533,590
16005000,32010.000005603793,301.02854966240074,590
16010000,32020.00000560583,300.43559075017606,590
16015000,32030.000005607868,302.9172074468452,590
16020000,32040.000005609905,298.15552623047535,590
16025000,32050.000005611942,301.238400527339,590
16030000,32060.00000561398,301.38053762980036,590
16035000,32070.000005616017,298.60025645013314,590
16040000,32080.000005618054,299.7679436462233,590
16045000,32090.00000562009,299.5588431945589,590
16050000,32100.00000562213,304.227384881055,590
16055000,32110.000005624166,300.30197304547096,590
16060000,32120.000005626203,303.01008212497527,590
16065000,32130.00000562824,301.35272819671013,590
16070000,32140.000005630278,299.32769383523004,590
16075000,32150.000005632315,299.8240039319767,590
16080000,32160.000005634352,303.11529448016677,590
16085000,32170.00000563639,300.09265188402014,590
16090000,32180.000005638427,300.0161980140005,590
16095000,32190.000005640464,300.94066302544405,590
16100000,32200.0000056425,302.70170641137435,590
16105000,32210.00000564454,299.6660640088069,590
16110000,32220.000005646576,300.9631974946386,590
16115000,32230.000005648613,298.56092596619123,590
16120000,32240.00000565065,300.5759842453246,590
16125000,32250.000005652688,301.8889867648007,590
16130000,32260.000005654725,301.3013690294077,590
16135000,32270.000005656762,300.2135567050268,590
16140000,32280.0000056588,299.2331196917445,590
16145000,32290.000005660837,298.30468190414524,590
16150000,32300.000005662874,300.53257063033374,590
16155000,32310.00000566491,301.57515951947494,590
16160000,32320.00000566695,298.1011874810561,590
16165000,32330.000005668986,299.80877495671297,590
16170000,32340.000005671023,298.7922298223706,590
16175000,32350.00000567306,298.1897141763935,590
16180000,32360.000005675098,299.2011609146693,590
16185000,32370.000005677135,300.0315152731788,590
16190000,32380.000005679172,301.4223842053076,590
16195000,32390.00000568121,299.7444821959257,590
16200000,32400.000005683247,299.8232093767456,590
16205000,32410.000005685284,299.6561099974389,590
16210000,32420.00000568732,301.853783553865,590
16215000,32430.00000568936,300.3998799067316,590
16220000,32440.000005691396,300.20565529467257,590
16225000,32450.000005693433,301.61239326044574,590
16230000,32460.00000569547,302.98765801067395,590
16235000,32470.000005697508,300.32894378137274,590
16240000,32480.000005699545,301.300110983625,590
16245000,32490.000005701582,301.56752296086444,590
16250000,32500.00000570362,302.12172523459185,590
16255000,32510.000005705657,298.9245894812931,590
16260000,32520.000005707694,301.87658287480326,590
16265000,32530.00000570973,300.48516216820843,590
16270000,32540.00000571177,300.7153183334983,590
16275000,32550.000005713806,298.6863111958625,590
16280000,32560.000005715843,301.51274279187237,590
16285000,32570.00000571788,301.354714584788,590
16290000,32580.000005719918,301.9540078678832,590
16295000,32590.000005721955,302.01282702596694,590
16300000,32600.000005723992,301.3365722403434,590
16305000,32610.00000572603,300.0735825584725,590
16310000,32620.000005728067,298.7909717765879,590
16315000,32630.000005730104,298.9356911835505,590
16320000,32640.00000573214,302.7090339762838,590
16325000,32650.00000573418,299.8910334941157,590
16330000,32660.000005736216,303.99822190980404,590
16335000,32670.000005738253,300.83615694156913,590
16340000,32680.00000574029,302.5210775221595,590
16345000,32690.000005742328,300.5274501632885,590
16350000,32700.000005744365,299.9021793383304,590
16355000,32710.000005746402,300.95721625942633,590
16360000,32720.00000574844,300.6385113278204,590
16365000,32730.000005750477,300.5246912909582,590
16370000,32740.000005752514,300.4373784994462,590
16375000,32750.00000575455,296.4035319457887,590
16380000,32760.00000575659,298.30037806330984,590
16385000,32770.00000575862,303.41779931344865,590
16390000,32780.00000576066,302.5941545324467,590
16395000,32790.0000057627,299.37830258925857,590
16400000,32800.000005764734,297.8432660246333,590
16405000,32810.00000576677,301.61649846247343,590
16410000,32820.00000576881,300.3626682367394,590
16415000,32830.000005770846,299.9583941209343,590
16420000,32840.00000577288,299.95294258920944,590
16425000,32850.00000577492,298.6013379280867,590
16430000,32860.00000577696,299.9748811419807,590
16435000,32870.000005778995,300.2604354636647,590
16440000,32880.00000578103,299.3474473611156,590
16445000,32890.00000578307,297.8688462888806,590
16450000,32900.00000578511,302.0103109344016,590
16455000,32910.000005787144,301.55458936737955,590
16460000,32920.00000578918,299.9645298529971,590
16465000,32930.00000579122,300.48450003884915,590
16470000,32940.000005793256,299.7830622665938,590
16475000,32950.00000579529,299.27046378760855,590
16480000,32960.00000579733,298.77708913102146,590
16485000,32970.00000579937,300.30539404716063,590
16490000,32980.000005801405,302.2157476036113,590
16495000,32990.00000580344,298.97402847345353,590
16500000,33000.00000580548,298.5506850321009,590
16505000,33010.00000580752,305.27674956063964,590
16510000,33020.000005809554,300.8067363270379,590
16515000,33030.00000581159,299.22894827678095,590
16520000,33040.00000581363,298.74680774832314,590
16525000,33050.000005815666,298.33847257244776,590
16530000,33060.0000058177,298.6798443991201,590
16535000,33070.00000581974,300.68346991131637,590
16540000,33080.00000582178,301.53377643451915,590
16545000,33090.000005823815,300.5284433573275,590
16550000,33100.00000582585,299.7345061135791,590
16555000,33110.00000582789,301.8038369291957,590
16560000,33120.00000582993,299.9084695672437,590
16565000,33130.000005831964,301.83881943034504,590
16570000,33140.000005834,300.0911069155151,590
16575000,33150.00000583604,300.2412778542025,590
16580000,33160.000005838076,300.16703108204723,590
16585000,33170.00000584011,299.9758301940623,590
16590000,33180.00000584215,300.58216411934467,590
16595000,33190.00000584419,302.85154628538214,590
16600000,33200.000005846225,299.86174530545634,590
16605000,33210.00000584826,302.44881713808206,590
16610000,33220.0000058503,302.0593967909038,590
16615000,33230.00000585234,300.10324595376875,590
16620000,33240.000005854374,301.8282032896177,590
16625000,33250.00000585641,299.149117547029,590
16630000,33260.00000585845,299.0357610007182,590
16635000,33270.000005860486,300.0022050135408,590
16640000,33280.00000586252,298.625991211231,590
16645000,33290.00000586456,304.71215185597134,590
16650000,33300.0000058666,299.9231467680413,590
16655000,33310.000005868635,298.6002785211118,590
16660000,33320.00000587067,301.27033723343555,590
16665000,33330.00000587271,299.455882079189,590
16670000,33340.00000587475,300.9560906395155,590
16675000,33350.000005876784,301.2230391262034,590
16680000,33360.00000587882,302.0429759827934,590
16685000,33370.00000588086,300.40113795251426,590
16690000,33380.000005882895,299.1459393261044,590
16695000,33390.00000588493,301.32204953639626,590
16700000,33400.00000588697,302.4143864113989,590
16705000,33410.00000588901,299.8538438951021,590
16710000,33420.000005891045,300.0713092476723,590
16715000,33430.00000589308,301.08200557267423,590
16720000,33440.00000589512,300.60661876368124,590
16725000,33450.00000589716,299.4505188313787,590
16730000,33460.000005899194,298.4053476377362,590
16735000,33470.00000590123,299.41110006352216,590
16740000,33480.00000590327,300.71015372449585,590
16745000,33490.000005905305,299.910985658809,590
16750000,33500.00000590734,299.1164966405945,590
16755000,33510.00000590938,300.51579668656495,590
16760000,33520.00000591142,303.6819889278062,590
16765000,33530.000005913455,299.2591855175219,590
16770000,33540.00000591549,300.9866589449362,590
16775000,33550.00000591753,301.64861173639906,590
16780000,33560.000005919566,300.5935086023672,590
16785000,33570.0000059216,301.1510656648484,590
16790000,33580.00000592364,299.19789440983016,590
16795000,33590.00000592568,296.81142570209124,590
16800000,33600.000005927715,298.7012091064466,590
16805000,33610.00000592975,301.97040660501494,590
16810000,33620.00000593179,296.1641942533833,590
16815000,33630.00000593383,300.62588672803656,590
16820000,33640.000005935864,300.65694059498736,590
16825000,33650.0000059379,300.3447024601239,590
16830000,33660.00000593994,299.19295051061414,590
16835000,33670.000005941976,302.4414233602367,590
16840000,33680.00000594401,301.42359810913297,590
16845000,33690.00000594605,301.35449387500154,590
16850000,33700.00000594809,298.96703197322364,590
16855000,33710.000005950125,301.86899045815005,590
16860000,33720.00000595216,299.5009068756208,590
16865000,33730.0000059542,302.00956052112775,590
16870000,33740.00000595624,299.3426358877714,590
16875000,33750.000005958274,297.50244597242704,590
16880000,33760.00000596031,298.9518250689386,590
16885000,33770.00000596235,300.42954330202787,590
16890000,33780.000005964386,299.9611088513075,590
16895000,33790.00000596642,300.91852583386503,590
16900000,33800.00000596846,302.1753577126945,590
16905000,33810.0000059705,301.0927541392734,590
16910000,33820.000005972535,300.62990364614967,590
16915000,33830.00000597457,299.86271642851665,590
16920000,33840.00000597661,300.9267362379203,590
16925000,33850.00000597865,299.30590977930933,590
16930000,33860.000005980684,300.3198063962145,590
16935000,33870.00000598272,300.68088760681513,590
16940000,33880.00000598476,301.2238116104559,590
16945000,33890.000005986796,298.8406094075562,590
16950000,33900.00000598883,300.26231149684935,590
16955000,33910.00000599087,300.33693347564156,590
16960000,33920.00000599291,300.36955438207605,590
16965000,33930.000005994945,300.66777744550114,590
16970000,33940.00000599698,299.80542016795926,590
16975000,33950.00000599902,302.4898029454223,590
16980000,33960.00000600106,302.06670228483466,590
16985000,33970.000006003094,301.59694357539564,590
16990000,33980.00000600513,301.99965065171705,590
16995000,33990.00000600717,297.2169357927003,590
17000000,34000.000006009206,299.5654644881518,590
17005000,34010.00000601124,301.9868715550827,590
17010000,34020.00000601328,301.59899617640946,590
17015000,34030.00000601532,300.8988605918941,590
17020000,34040.000006017355,301.401460917554,590
17025000,34050.00000601939,297.9972331716473,590
17030000,34060.00000602143,300.1563045864267,590
17035000,34070.00000602347,302.04549207435866,590
17040000,34080.000006025504,302.9558758014279,590
17045000,34090.00000602754,298.1908839382616,590
17050000,34100.00000602958,298.5609701081485,590
17055000,34110.000006031616,297.48094883922863,590
17060000,34120.00000603365,301.60301309452245,590
17065000,34130.00000603569,300.8951747384607,590
17070000,34140.00000603773,300.66662975461173,590
17075000,34150.000006039765,299.3235886332024,590
17080000,34160.0000060418,298.9600134020152,590
17085000,34170.00000604384,300.1578495549318,590
17090000,34180.00000604588,298.5611025340204,590
17095000,34190.000006047914,297.4895344499208,590
17100000,34200.00000604995,299.8598913432503,590
17105000,34210.00000605199,301.9189150118407,590
17110000,34220.000006054026,301.12451427754075,590
17115000,34230.00000605606,300.63718706910186,590
17120000,34240.0000060581,301.43951128473464,590
17125000,34250.00000606014,300.79263297168495,590
17130000,34260.000006062175,301.3982826966294,590
17135000,34270.00000606421,301.27748823051587,590
17140000,34280.00000606625,299.7302464147009,590
17145000,34290.00000606829,301.5881593258957,590
17150000,34300.000006070324,302.10168478598393,590
17155000,34310.00000607236,301.1523457816097,590
17160000,34320.0000060744,302.3969061963136,590
17165000,34330.000006076436,299.3917658862308,590
17170000,34340.00000607847,299.15386280743724,590
17175000,34350.00000608051,298.42280578184295,590
17180000,34360.00000608255,300.7079245556529,590
17185000,34370.000006084585,300.1006415782889,590
17190000,34380.00000608662,303.21825559553673,590
17195000,34390.00000608866,298.2450461198516,590
17200000,34400.0000060907,300.73961848098435,590
17205000,34410.000006092734,300.49765434212037,590
17210000,34420.00000609477,300.1133544619873,590
17215000,34430.00000609681,300.29493240328384,590
17220000,34440.000006098846,301.1295906026287,590
17225000,34450.00000610088,298.85120347730486,590
17230000,34460.00000610292,300.52674389197193,590
17235000,34470.00000610496,300.9078876221591,590
17240000,34480.000006106995,301.01023075012694,590
17245000,34490.00000610903,302.14582674327005,590
17250000,34500.00000611107,298.15053818930204,590
17255000,34510.00000611311,299.69040829825025,590
17260000,34520.000006115144,300.47255963940324,590
17265000,34530.00000611718,300.3339318225461,590
17270000,34540.00000611922,300.3466226352659,590
17275000,34550.000006121256,297.10355717541086,590
17280000,34560.00000612329,299.38412932762037,590
17285000,34570.00000612533,299.2381960168324,590
17290000,34580.00000612737,299.81162211295793,590
17295000,34590.000006129405,298.37654501060706,590
17300000,34600.00000613144,299.90089922156915,590
17305000,34610.00000613348,299.70267976237574,590
17310000,34620.00000613552,298.8216945788591,590
17315000,34630.000006137554,301.97482080074354,590
17320000,34640.00000613959,301.06781393340674,590
17325000,34650.00000614163,300.5426349965949,590
17330000,34660.000006143666,300.4899294995953,590
17335000,34670.0000061457,302.2783629700217,590
17340000,34680.00000614774,299.4502981215923,590
17345000,34690.00000614978,299.5372577774459,590
17350000,34700.000006151815,301.7688102860892,590
17355000,34710.00000615385,298.67251683421057,590
17360000,34720.00000615589,300.00657506731216,590
17365000,34730.00000615793,300.7866296654941,590
17370000,34740.000006159964,301.1006996915849,590
17375000,34750.000006162,299.32771590620865,590
17380000,34760.00000616404,298.9172839873622,590
17385000,34770.000006166076,299.4538074071965,590
17390000,34780.00000616811,301.727206491347,590
17395000,34790.00000617015,303.8161142650201,590
17400000,34800.00000617219,297.5337867621002,590
17405000,34810.000006174225,299.07089799871795,590
17410000,34820.00000617626,297.35384207322323,590
17415000,34830.0000061783,301.90377432049155,590
17420000,34840.00000618034,297.7524218765384,590
17425000,34850.000006182374,300.4673729594221,590
17430000,34860.00000618441,298.7278487776688,590
17435000,34870.00000618645,300.8303743451646,590
17440000,34880.000006188486,299.3391045311885,590
17445000,34890.00000619052,301.99574408849725,590
17450000,34900.00000619256,303.2138413998081,590
17455000,34910.0000061946,298.77181416712574,590
17460000,34920.000006196635,299.9976363209617,590
17465000,34930.00000619867,302.51591291315697,590
17470000,34940.00000620071,301.5855990923731,590
17475000,34950.00000620275,299.35135392433546,590
17480000,34960.000006204784,301.03018291482033,590
17485000,34970.00000620682,299.74282687252753,590
17490000,34980.00000620886,301.8079200602447,590
17495000,34990.000006210896,300.0625912111082,590
17500000,35000.00000621293,299.0464433543814,590
17505000,35010.00000621497,300.40228564340373,590
17510000,35020.00000621701,300.5169885194117,590
17515000,35030.000006219045,300.64696451264075,590
17520000,35040.00000622108,300.4585445679649,590
17525000,35050.00000622312,298.98923537773857,590
17530000,35060.00000622516,299.7485653269747,590
17535000,35070.000006227194,301.14526099746524,590
17540000,35080.00000622923,299.6839415015078,590
17545000,35090.00000623127,299.9970183335597,590
17550000,35100.000006233306,301.46118498576215,590
17555000,35110.00000623534,302.0906492966624,590
17560000,35120.00000623738,298.96286055826016,590
17565000,35130.00000623942,300.06510730267354,590
17570000,35140.000006241455,300.24763429605173,590
17575000,35150.00000624349,301.2568077235273,590
17580000,35160.00000624553,301.3991213938178,590
17585000,35170.00000624757,297.8443916445441,590
17590000,35180.000006249604,300.3421422266013,590
17595000,35190.00000625164,296.71691777154166,590
17600000,35200.00000625368,295.4703268268026,590
17605000,35210.000006255716,301.88477120787985,590
17610000,35220.00000625775,300.9378600111564,590
17615000,35230.00000625979,300.1542519854129,590
17620000,35240.00000626183,299.168716576064,590
17625000,35250.000006263865,298.6588328274519,590
17630000,35260.0000062659,297.94986885147927,590
17635000,35270.00000626794,298.6091289835477,590
17640000,35280.00000626998,299.1551208532199,590
17645000,35290.000006272014,298.6797781861842,590
17650000,35300.00000627405,301.0675270106844,590
17655000,35310.00000627609,300.68949528848594,590
17660000,35320.000006278126,300.23774649761964,590
17665000,35330.00000628016,301.552647121259,590
17670000,35340.0000062822,300.77744813837853,590
17675000,35350.00000628424,301.0585661933553,590
17680000,35360.000006286275,299.24702440828963,590
17685000,35370.00000628831,301.3687296562263,590
17690000,35380.00000629035,301.075340137124,590
17695000,35390.00000629239,301.3917055449937,590
17700000,35400.000006294424,299.3407819255654,590
17705000,35410.00000629646,300.080910123382,590
17710000,35420.0000062985,295.9445438739275,590
17715000,35430.000006300535,298.5250385549176,590
17720000,35440.00000630257,298.87353930769166,590
17725000,35450.00000630461,300.0575590279777,590
17730000,35460.00000630665,297.8390063257552,590
17735000,35470.000006308685,300.5519930915396,590
17740000,35480.00000631072,300.32263148148087,590
17745000,35490.00000631276,298.90571879455325,590
17750000,35500.000006314796,302.0919294134237,590
17755000,35510.00000631683,300.60931142307567,590
17760000,35520.00000631887,301.2871332481829,590
17765000,35530.00000632091,301.0927982812307,590
17770000,35540.000006322945,301.1393459751889,590
17775000,35550.00000632498,297.0210337862644,590
17780000,35560.00000632702,300.6146525999073,590
17785000,35570.00000632906,303.4049760748571,590
17790000,35580.000006331094,299.8673513340317,590
17795000,35590.00000633313,302.13633622245356,590
17800000,35600.00000633517,301.65465918454726,590
17805000,35610.000006337206,302.28125426822396,590
17810000,35620.00000633924,303.3253660548915,590
17815000,35630.00000634128,302.3420818853642,590
17820000,35640.00000634332,300.84538261064193,590
17825000,35650.000006345355,300.8627966127913,590
17830000,35660.00000634739,298.7137454223158,590
17835000,35670.00000634943,301.10370134468036,590
17840000,35680.00000635147,301.77150294548363,590
17845000,35690.000006353504,303.32801457232864,590
17850000,35700.00000635554,300.0044121114051,590
17855000,35710.00000635758,299.6810281323269,590
17860000,35720.000006359616,300.4015573011085,590
17865000,35730.00000636165,301.1179150549265,590
17870000,35740.00000636369,299.97788279507614,590
17875000,35750.00000636573,299.01695652691427,590
17880000,35760.000006367765,302.62805555564245,590
17885000,35770.0000063698,299.07149391514133,590
17890000,35780.00000637184,299.47625359247655,590
17895000,35790.00000637388,301.2145638704045,590
17900000,35800.000006375914,301.6185510634872,590
17905000,35810.00000637795,300.47854087461553,590
17910000,35820.00000637999,301.03336113574494,590
17915000,35830.000006382026,300.7045918378778,590
17920000,35840.00000638406,299.5638312357322,590
17925000,35850.0000063861,301.6171605918327,590
17930000,35860.00000638814,300.1866963240182,590
17935000,35870.000006390175,301.22692361844463,590
17940000,35880.00000639221,299.8174047093624,590
17945000,35890.00000639425,298.7687021591371,590
17950000,35900.00000639629,301.4829028287469,590
17955000,35910.000006398324,300.5459456433914,590
17960000,35920.00000640036,300.7349615044906,590
17965000,35930.0000064024,301.10840246313137,590
17970000,35940.000006404436,301.40951682475867,590
17975000,35950.00000640647,300.5965102554627,590
17980000,35960.00000640851,300.05956748703414,590
17985000,35970.00000641055,300.5287744220071,590
17990000,35980.000006412585,300.86745358928493,590
17995000,35990.00000641462,298.77355777443853,590
18000000,36000.00000641666,303.6374055509472,590
18005000,36010.0000064187,300.62919737483304,590
18010000,36020.000006420734,299.599895214835,590
18015000,36030.00000642277,301.6377086729494,590
18020000,36040.00000642481,300.9601296286072,590
18025000,36050.000006426846,299.60649443744927,590
18030000,36060.00000642888,303.27886250289055,590
18035000,36070.00000643092,299.8007852624442,590
18040000,36080.00000643296,298.4210621745301,590
18045000,36090.000006434995,301.6254151378452,590
18050000,36100.00000643703,299.8450155036449,590
18055000,36110.00000643907,301.4141738012524,590
18060000,36120.00000644111,298.49268250022686,590
18065000,36130.000006443144,298.5850274748695,590
18070000,36140.00000644518,300.4722947876595,590
18075000,36150.00000644722,300.4684544373756,590
18080000,36160.000006449256,300.1327327812359,590
18085000,36170.00000645129,298.44801083945333,590
18090000,36180.00000645333,298.63245800797347,590
18095000,36190.00000645537,300.944128169091,590
18100000,36200.000006457405,302.4311162132103,590
18105000,36210.00000645944,298.4110640212048,590
18110000,36220.00000646148,302.7038693672814,590
18115000,36230.00000646352,299.17882508428255,590
18120000,36240.000006465554,296.9621704862234,590
18125000,36250.00000646759,301.92110003872637,590
18130000,36260.00000646963,303.60582198050895,590
18135000,36270.000006471666,299.0337746126403,590
18140000,36280.0000064737,300.076826992333,590
18145000,36290.00000647574,300.07874716747494,590
18150000,36300.00000647778,298.7501183951196,590
18155000,36310.000006479815,297.94006933696176,590
18160000,36320.00000648185,299.7572833635387,590
18165000,36330.00000648389,298.9121414493384,590
18170000,36340.00000648593,298.2055611390592,590
18175000,36350.000006487964,302.948945514134,590
18180000,36360.00000649,300.1122950550124,590
18185000,36370.00000649204,301.9459519606785,590
18190000,36380.000006494076,298.61142436532657,590
18195000,36390.00000649611,299.1754261535715,590
18200000,36400.00000649815,300.57450548975555,590
18205000,36410.00000650019,298.8087389143956,590
18210000,36420.000006502225,299.7468217196619,590
18215000,36430.00000650426,299.67871067956935,590
18220000,36440.0000065063,299.6793065959927,590
18225000,36450.00000650834,299.8789385978193,590
18230000,36460.000006510374,301.6471550518086,590
18235000,36470.00000651241,300.7497049182242,590
18240000,36480.00000651445,301.07308889730245,590
18245000,36490.000006516486,301.09061325434504,590
18250000,36500.00000651852,300.984628414901,590
18255000,36510.00000652056,298.2580679972511,590
18260000,36520.0000065226,301.460390430531,590
18265000,36530.000006524635,301.38232537907044,590
18270000,36540.00000652667,300.2193834433886,590
18275000,36550.00000652871,300.09426306546106,590
18280000,36560.00000653075,301.53812441731185,590
18285000,36570.000006532784,299.9863359798964,590
18290000,36580.00000653482,300.50372386124724,590
18295000,36590.00000653686,298.0329440150918,590
18300000,36600.000006538896,299.7938549751503,590
18305000,36610.00000654093,301.19032993585444,590
18310000,36620.00000654297,302.3050026412439,590
18315000,36630.00000654501,300.23677537455933,590
18320000,36640.000006547045,301.43443495964675,590
18325000,36650.00000654908,300.246133469504,590
18330000,36660.00000655112,302.9236963145663,590
18335000,36670.00000655316,300.5918312079903,590
18340000,36680.000006555194,298.2951913833287,590
18345000,36690.00000655723,299.3523029764171,590
18350000,36700.00000655927,298.65340336670573,590
18355000,36710.000006561306,299.3654352087097,590
18360000,36720.00000656334,299.29004074566495,590
18365000,36730.00000656538,299.47598874073276,590
18370000,36740.00000656742,300.98818184246255,590
18375000,36750.000006569455,299.23062567115784,590
18380000,36760.00000657149,298.3071538537533,590
18385000,36770.00000657353,301.29772731793156,590
18390000,36780.00000657557,301.5820677357902,590
18395000,36790.000006577604,300.4237165636661,590
18400000,36800.00000657964,302.44817707970145,590
18405000,36810.00000658168,300.48357305774607,590
18410000,36820.000006583716,299.94411419775224,590
18415000,36830.00000658575,301.5552514967389,590
18420000,36840.00000658779,301.4674531436968,590
18425000,36850.00000658983,296.41620068752985,590
18430000,36860.000006591865,301.5208428410343,590
18435000,36870.0000065939,300.22185539299664,590
18440000,36880.00000659594,297.8527124034925,590
18445000,36890.00000659798,300.414446752636,590
18450000,36900.000006600014,299.09985512269765,590
18455000,36910.00000660205,300.4144908945933,590
18460000,36920.00000660409,301.5353876159601,590
18465000,36930.000006606126,303.9335539423799,590
18470000,36940.00000660816,301.68299832112496,590
18475000,36950.0000066102,302.35737707356384,590
18480000,36960.00000661224,298.7298572367253,590
18485000,36970.000006614275,299.6184569078738,590
18490000,36980.00000661631,302.3042080860127,590
18495000,36990.00000661835,301.3912420544422,590
18500000,37000.00000662039,298.7578432376447,590
18505000,37010.000006622424,301.32447734404695,590
18510000,37020.00000662446,301.8577563300208,590
18515000,37030.0000066265,298.4526236739897,590
18520000,37040.000006628536,300.9763297269312,590
18525000,37050.00000663057,300.60544900181316,590
18530000,37060.00000663261,301.68761115566133,590
18535000,37070.00000663465,301.6275560227736,590
18540000,37080.000006636685,301.8910614367931,590
18545000,37090.00000663872,300.019442447861,590
18550000,37100.00000664076,301.0534236553314,590
18555000,37110.0000066428,298.54927248946774,590
18560000,37120.000006644834,297.5408053333087,590
18565000,37130.00000664687,303.18563468910224,590
18570000,37140.00000664891,301.405168841966,590
18575000,37150.000006650946,303.33267154882236,590
18580000,37160.00000665298,301.95012337564197,590
18585000,37170.00000665502,300.9858423187264,590
18590000,37180.00000665706,298.256898235383,590
18595000,37190.000006659095,301.12707451106337,590
18600000,37200.00000666113,299.33998737033426,590
18605000,37210.00000666317,298.81595612441185,590
18610000,37220.00000666521,300.5050922619231,590
18615000,37230.000006667244,300.4146233204651,590
18620000,37240.00000666928,301.2975948920597,590
18625000,37250.00000667132,300.1228449828038,590
18630000,37260.000006673356,300.164139783845,590
18635000,37270.00000667539,299.5719312848942,590
18640000,37280.00000667743,299.80670028472053,590
18645000,37290.00000667947,299.9315337399257,590
18650000,37300.000006681505,300.0695656403595,590
18655000,37310.00000668354,299.62143648999063,590
18660000,37320.00000668558,299.6313463594014,590
18665000,37330.00000668762,301.16706712436456,590
18670000,37340.000006689654,298.0871724096178,590
18675000,37350.00000669169,301.23237515016945,590
18680000,37360.00000669373,299.0961471982856,590
18685000,37370.000006695765,298.7076538322104,590
18690000,37380.0000066978,302.1664410373227,590
18695000,37390.00000669984,300.6540492967851,590
18700000,37400.00000670188,299.72287470783414,590
18705000,37410.000006703915,299.6080835479116,590
18710000,37420.00000670595,301.6069858706783,590
18715000,37430.00000670799,298.99709264613557,590
18720000,37440.000006710026,300.76738377211734,590
18725000,37450.00000671206,297.647143308411,590
18730000,37460.0000067141,299.2466050596954,590
18735000,37470.00000671614,300.71805513485003,590
18740000,37480.000006718175,299.15492221441207,590
18745000,37490.00000672021,301.4789521235698,590
18750000,37500.00000672225,300.5103230838615,590
18755000,37510.00000672429,300.4760909959861,590
18760000,37520.000006726325,301.53088513631695,590
18765000,37530.00000672836,301.7348871919148,590
18770000,37540.0000067304,301.0436462117926,590
18775000,37550.000006732436,300.8894583549921,590
18780000,37560.00000673447,302.72364496414554,590
18785000,37570.00000673651,300.39027903102186,590
18790000,37580.00000673855,299.27412757006334,590
18795000,37590.000006740585,298.99508418707904,590
18800000,37600.00000674262,300.41916994206565,590
18805000,37610.00000674466,299.57738281661904,590
18810000,37620.0000067467,303.05634289621116,590
18815000,37630.000006748734,300.5055116105173,590
18820000,37640.00000675077,299.31866680496506,590
18825000,37650.00000675281,301.39589903093594,590
18830000,37660.000006754846,298.66443885602723,590
18835000,37670.00000675688,300.0388869800456,590
18840000,37680.00000675892,299.85953820759204,590
18845000,37690.00000676096,300.8217887344725,590
18850000,37700.000006762995,301.45359256910893,590
18855000,37710.00000676503,302.35508169178496,590
18860000,37720.00000676707,301.5664856248682,590
18865000,37730.00000676911,300.17400551129845,590
18870000,37740.000006771144,299.9763598975498,590
18875000,37750.00000677318,298.3218972674868,590
18880000,37760.00000677522,302.4422399864465,590
18885000,37770.000006777256,301.46495912311013,590
18890000,37780.00000677929,297.0546478867379,590
18895000,37790.00000678133,302.466010430445,590
18900000,37800.00000678337,299.3374271368116,590
18905000,37810.000006785405,298.9224044544074,590
18910000,37820.00000678744,301.1056435908009,590
18915000,37830.00000678948,300.29581524242957,590
18920000,37840.00000679152,299.99092674345417,590
18925000,37850.000006793554,300.7432822634391,590
18930000,37860.00000679559,300.2733690571495,590
18935000,37870.00000679763,300.02034735798543,590
18940000,37880.000006799666,302.7303103996958,590
18945000,37890.0000068017,301.78346541590815,590
18950000,37900.00000680374,299.6255416920182,590
18955000,37910.00000680578,299.26256237725437,590
18960000,37920.000006807815,303.6715714258866,590
18965000,37930.00000680985,299.89224739794105,590
18970000,37940.00000681189,300.5544871121263,590
18975000,37950.00000681393,299.6163822358813,590
18980000,37960.000006815964,297.2122126032707,590
18985000,37970.000006818,302.53955093128377,590
18990000,37980.00000682004,303.17128855298427,590
18995000,37990.000006822076,301.52625023080185,590
19000000,38000.00000682411,300.03189047981573,590
19005000,38010.00000682615,298.91787990378555,590
19010000,38020.00000682819,297.91821906810515,590
19015000,38030.000006830225,301.806110239996,590
19020000,38040.00000683226,300.65402722580654,590
19025000,38050.0000068343,302.55336736391433,590
19030000,38060.00000683634,302.17902149514924,590
19035000,38070.000006838374,299.3067484764977,590
19040000,38080.00000684041,299.63273683105587,590
19045000,38090.00000684245,301.47422893414017,590
19050000,38100.000006844486,301.17571894799266,590
19055000,38110.00000684652,302.7766153128889,590
19060000,38120.00000684856,302.54566459236787,590
19065000,38130.0000068506,300.66506271512804,590
19070000,38140.000006852635,302.13311385957167,590
19075000,38150.00000685467,300.7671409913522,590
19080000,38160.00000685671,302.2046238303752,590
19085000,38170.00000685875,299.4287127044793,590
19090000,38180.000006860784,302.036818179752,590
19095000,38190.00000686282,301.47729680017153,590
19100000,38200.00000686486,299.6564852040758,590
19105000,38210.000006866896,300.98156054886965,590
19110000,38220.00000686893,300.10487920618834,590
19115000,38230.00000687097,300.01359363852066,590
19120000,38240.00000687301,301.33467413618,590
19125000,38250.000006875045,300.12218285344454,590
19130000,38260.00000687708,300.4451695549072,590
19135000,38270.00000687912,300.2646730915642,590
19140000,38280.00000688116,297.5971304708058,590
19145000,38290.000006883194,300.49445405021714,590
19150000,38300.00000688523,299.8592512848697,590
19155000,38310.00000688727,298.6947202387255,590
19160000,38320.000006889306,297.8351880464499,590
19165000,38330.00000689134,301.4362668508741,590
19170000,38340.00000689338,301.06238447266054,590
19175000,38350.00000689542,299.2302725354996,590
19180000,38360.000006897455,302.05582129236365,590
19185000,38370.00000689949,299.9785669954141,590
19190000,38380.00000690153,299.65957514108584,590
19195000,38390.00000690357,301.6796435323712,590
19200000,38400.000006905604,300.3113311404156,590
19205000,38410.00000690764,297.2344160077856,590
19210000,38420.00000690968,299.68689901264594,590
19215000,38430.000006911716,304.62099871417547,590
19220000,38440.00000691375,300.3124126183691,590
19225000,38450.00000691579,302.1257421527049,590
19230000,38460.00000691783,301.75989361071737,590
19235000,38470.000006919865,302.24938377506334,590
19240000,38480.0000069219,298.1889196211623,590
19245000,38490.00000692394,298.7860499483505,590
19250000,38500.00000692598,303.1032657968063,590
19255000,38510.000006928014,300.4870161304144,590
19260000,38520.00000693005,301.6148872810324,590
19265000,38530.00000693209,297.901776189016,590
19270000,38540.000006934126,302.2975426504625,590
19275000,38550.00000693616,299.83654024784596,590
19280000,38560.0000069382,297.69313922790315,590
19285000,38570.00000694024,301.5025239287606,590
19290000,38580.000006942275,299.0348340196152,590
19295000,38590.00000694431,299.41617638861004,590
19300000,38600.00000694635,302.5147210803103,590
19305000,38610.00000694839,298.4880255237332,590
19310000,38620.000006950424,301.9482694134359,590
19315000,38630.00000695246,300.5096168125449,590
19320000,38640.0000069545,302.1889534355386,590
19325000,38650.000006956536,297.4639541856735,590
19330000,38660.00000695857,301.04216745622347,590
19335000,38670.00000696061,301.37618964700766,590
19340000,38680.00000696265,299.7998803523198,590
19345000,38690.000006964685,299.24477316846804,590
19350000,38700.00000696672,299.3587918441381,590
19355000,38710.00000696876,299.5285618118606,590
19360000,38720.0000069708,300.6264605734813,590
19365000,38730.000006972834,298.97976692790076,590
19370000,38740.00000697487,301.62914513323585,590
19375000,38750.00000697691,299.30017132486216,590
19380000,38760.000006978946,297.78263704630075,590
19385000,38770.00000698098,299.23766631334496,590
19390000,38780.00000698302,300.82893973155285,590
19395000,38790.00000698506,301.5104253391148,590
19400000,38800.000006987095,299.9558338874117,590
19405000,38810.00000698913,302.0661063684113,590
19410000,38820.00000699117,299.1365150182238,590
19415000,38830.00000699321,302.69248074230154,590
19420000,38840.000006995244,301.9156705779801,590
19425000,38850.00000699728,300.94200935514124,590
19430000,38860.00000699932,302.8613678708783,590
19435000,38870.000007001356,300.5753883289012,590
19440000,38880.00000700339,298.63764468795455,590
19445000,38890.00000700543,299.1795754975564,590
19450000,38900.00000700747,299.6979565729461,590
19455000,38910.000007009505,299.65140887898787,590
19460000,38920.00000701154,298.5451231454828,590
19465000,38930.00000701358,299.0368424786717,590
19470000,38940.00000701562,296.2670891558173,590
19475000,38950.000007017654,299.8461631945343,590
19480000,38960.00000701969,300.7332620391351,590
19485000,38970.00000702173,297.4903952180879,590
19490000,38980.000007023766,300.4560284763996,590
19495000,38990.0000070258,302.4249804811476,590
19500000,39000.00000702784,299.4220914108864,590
19505000,39010.00000702988,299.89070242943603,590
19510000,39020.000007031915,300.7554433726714,590
19515000,39030.00000703395,302.32009919063574,590
19520000,39040.00000703599,300.00456660825563,590
19525000,39050.00000703803,302.00090869749965,590
19530000,39060.000007040064,299.31897579866603,590
19535000,39070.0000070421,299.0257849183715,590
19540000,39080.00000704414,300.450930080333,590
19545000,39090.000007046176,299.0463771414455,590
19550000,39100.00000704821,301.24104904477616,590
19555000,39110.00000705025,301.05644737940554,590
19560000,39120.00000705229,299.2171844451642,590
19565000,39130.000007054325,301.67637702753206,590
19570000,39140.00000705636,300.5906393751436,590
19575000,39150.0000070584,300.7501021958398,590
19580000,39160.00000706044,302.5706489401918,590
19585000,39170.000007062474,299.12770869774516,590
19590000,39180.00000706451,300.53327690165025,590
19595000,39190.00000706655,299.93259314690056,590
19600000,39200.000007068586,299.4977948676322,590
19605000,39210.00000707062,299.8255489004817,590
19610000,39220.00000707266,301.028284810657,590
19615000,39230.0000070747,299.289113764562,590
19620000,39240.000007076735,298.21021811555295,590
19625000,39250.00000707877,298.16022734892636,590
19630000,39260.00000708081,299.5239048353669,590
19635000,39270.00000708285,303.3760851638133,590
19640000,39280.000007084884,300.48269021860034,590
19645000,39290.00000708692,297.57991510746416,590
19650000,39300.00000708896,301.5870778479422,590
19655000,39310.000007090995,299.50576249092234,590
19660000,39320.00000709303,300.3195856864281,590
19665000,39330.00000709507,300.9758883073584,590
19670000,39340.00000709711,298.78852189795856,590
19675000,39350.000007099145,301.2499436491693,590
19680000,39360.00000710118,302.73331205279123,590
19685000,39370.00000710322,299.11358327141363,590
19690000,39380.00000710526,300.21187931065,590
19695000,39390.000007107294,297.93554478633996,590
19700000,39400.00000710933,301.4863900433725,590
19705000,39410.00000711137,300.1448276775323,590
19710000,39420.000007113405,299.5956575869355,590
19715000,39430.00000711544,301.01923570941335,590
19720000,39440.00000711748,301.6783634156099,590
19725000,39450.00000711952,299.85852294257444,590
19730000,39460.000007121555,300.9595999251198,590
19735000,39470.00000712359,300.28740619956653,590
19740000,39480.00000712563,300.5007222081518,590
19745000,39490.000007127666,299.96477263376215,590
19750000,39500.0000071297,299.3011424479224,590
19755000,39510.00000713174,300.8887962256328,590
19760000,39520.00000713378,296.55926477109415,590
19765000,39530.000007135815,299.23764424236634,590
19770000,39540.00000713785,300.44863469855414,590
19775000,39550.00000713989,296.45127147259365,590
19780000,39560.00000714193,300.99862141536073,590
19785000,39570.000007143964,299.3065719086686,590
19790000,39580.000007146,303.2633466049045,590
19795000,39590.00000714804,299.8688963025367,590
19800000,39600.000007150076,300.90755655747944,590
19805000,39610.00000715211,299.7642577927899,590
19810000,39620.00000715415,301.2200816150652,590
19815000,39630.00000715619,301.31348599668274,590
19820000,39640.000007158225,301.870910633292,590
19825000,39650.00000716026,301.66618023539894,590
19830000,39660.0000071623,299.8225472473863,590
19835000,39670.00000716434,297.4551699361736,590
19840000,39680.000007166374,300.85904454642196,590
19845000,39690.00000716841,300.33097431140794,590
19850000,39700.00000717045,302.72706596583527,590
19855000,39710.000007172486,299.9069908116746,590
19860000,39720.00000717452,299.1257223096673,590
19865000,39730.00000717656,298.9447402847942,590
19870000,39740.0000071786,297.1939157619756,590
19875000,39750.000007180635,300.8840730362032,590
19880000,39760.00000718267,299.25865581403457,590
19885000,39770.00000718471,298.96098452507545,590
19890000,39780.00000718675,302.4518187911776,590
19895000,39790.000007188784,296.2563626601967,590
19900000,39800.00000719082,299.5271934111847,590
19905000,39810.00000719286,300.98654859004296,590
19910000,39820.000007194896,301.6122829055526,590
19915000,39830.00000719693,300.53327690165025,590
19920000,39840.00000719897,302.1412139087337,590
19925000,39850.00000720101,300.90751241552215,590
19930000,39860.000007203045,301.10703406245545,590
19935000,39870.00000720508,301.9911533249395,590
19940000,39880.00000720712,299.76792157524466,590
19945000,39890.00000720916,302.245322714993,590
19950000,39900.000007211194,300.28634679259164,590
19955000,39910.00000721323,298.53951711690746,590
19960000,39920.00000721527,300.90790969313775,590
19965000,39930.000007217306,301.5335557247327,590
19970000,39940.00000721934,299.96856884208876,590
19975000,39950.00000722138,298.8465685717898,590
19980000,39960.00000722342,299.6200901602934,590
19985000,39970.000007225455,298.98705035085294,590
19990000,39980.00000722749,297.35682165534007,590
19995000,39990.00000722953,298.82180493375233,590
20000000,40000.00000723157,302.2899943757666,590
20005000,40010.000007233604,301.3983489095653,590
20010000,40020.00000723564,302.38759224332625,590
20015000,40030.00000723768,301.41044380586175,590
20020000,40040.000007239716,302.14571638837685,590
20025000,40050.00000724175,298.41543407497613,590
20030000,40060.00000724379,300.34011169656617,590
20035000,40070.00000724583,300.70624716127605,590
20040000,40080.000007247865,298.6910123143135,590
20045000,40090.0000072499,299.88185196700016,590
20050000,40100.00000725194,299.1615214370264,590
20055000,40110.00000725398,301.04435248310915,590
20060000,40120.000007256014,302.50059565397873,590
20065000,40130.00000725805,298.9239494229124,590
20070000,40140.00000726009,301.2905763208512,590
20075000,40150.000007262126,302.0528637812255,590
20080000,40160.00000726416,300.7188938320385,590
20085000,40170.0000072662,296.82402823089643,590
20090000,40180.00000726824,304.19123261803765,590
20095000,40190.000007270275,300.06861658827785,590
20100000,40200.00000727231,300.2647172335214,590
20105000,40210.00000727435,298.3816434066736,590
20110000,40220.00000727639,299.42041401650954,590
20115000,40230.000007278424,297.9136062335687,590
20120000,40240.00000728046,301.85638792934486,590
20125000,40250.0000072825,301.7705318224234,590
20130000,40260.000007284536,298.7018270938486,590
20135000,40270.00000728657,298.83162651924846,590
20140000,40280.00000728861,300.48450003884915,590
20145000,40290.00000729065,298.0445092079008,590
20150000,40300.000007292685,301.09061325434504,590
20155000,40310.00000729472,298.7800907841169,590
20160000,40320.00000729676,298.23105311939196,590
20165000,40330.0000072988,300.0129756511186,590
20170000,40340.000007300834,299.73600694012674,590
20175000,40350.00000730287,303.30336128918435,590
20180000,40360.00000730491,299.8499594028609,590
20185000,40370.000007306946,300.2554032805341,590
20190000,40380.00000730898,302.7646528424644,590
20195000,40390.00000731102,297.52769517199465,590
20200000,40400.00000731306,301.4987497914126,590
20205000,40410.000007315095,302.31016725024637,590
20210000,40420.00000731713,299.89721336813574,590
20215000,40430.00000731917,300.86354702606513,590
20220000,40440.00000732121,298.4269109838705,590
20225000,40450.000007323244,301.8419535093123,590
20230000,40460.00000732528,300.4473766527715,590
20235000,40470.00000732732,300.11127978999485,590
20240000,40480.000007329356,299.81685293489636,590
20245000,40490.00000733139,299.2461194981653,590
20250000,40500.00000733343,301.2924523540359,590
20255000,40510.00000733547,301.00890649140837,590
20260000,40520.000007337505,298.05660410419716,590
20265000,40530.00000733954,302.3720101324042,590
20270000,40540.00000734158,301.45370292400213,590
20275000,40550.00000734362,297.77868634112366,590
20280000,40560.000007345654,301.2647091338815,590
20285000,40570.00000734769,302.59757553413635,590
20290000,40580.00000734973,301.50393647139373,590
20295000,40590.000007351766,300.96332992051043,590
20300000,40600.0000073538,303.6050274252778,590
20305000,40610.00000735584,300.2667919055139,590
20310000,40620.00000735788,298.8722591909304,590
20315000,40630.000007359915,302.1925289340788,590
20320000,40640.00000736195,300.110463163785,590
20325000,40650.00000736399,301.8773112170985,590
20330000,40660.00000736603,298.9345434926611,590
20335000,40670.000007368064,297.5179839413917,590
20340000,40680.0000073701,300.52619211750584,590
20345000,40690.00000737214,299.6935865191748,590
20350000,40700.000007374176,297.6875331993278,590
20355000,40710.00000737621,299.6004249183224,590
20360000,40720.00000737825,299.21184326833253,590
20365000,40730.00000738029,299.00278695862545,590
20370000,40740.000007382325,302.003115795364,590
20375000,40750.00000738436,299.19522382141434,590
20380000,40760.0000073864,301.71016769583457,590
20385000,40770.00000738844,302.47000527757945,590
20390000,40780.000007390474,300.7218072012194,590
20395000,40790.00000739251,298.47800529942924,590
20400000,40800.00000739455,300.3982025123547,590
20405000,40810.000007396586,301.63943020928355,590
20410000,40820.00000739862,302.73799110026357,590
20415000,40830.00000740066,299.7814069431956,590
20420000,40840.0000074027,300.1471230593112,590
20425000,40850.000007404735,300.7966278188194,590
20430000,40860.00000740677,302.2924001124387,590
20435000,40870.00000740881,301.91416975143244,590
20440000,40880.00000741085,299.6211716382469,590
20445000,40890.000007412884,299.87693013876276,590
20450000,40900.00000741492,300.2009983181789,590
20455000,40910.00000741696,298.0346214094687,590
20460000,40920.000007418996,301.4458677265838,590
20465000,40930.00000742103,299.81641151532347,590
20470000,40940.00000742307,299.72645020637435,590
20475000,40950.00000742511,302.1814934447573,590
20480000,40960.000007427145,301.10769619181474,590
20485000,40970.00000742918,299.5628601126719,590
20490000,40980.00000743122,300.38533513180585,590
20495000,40990.00000743326,302.09835206820884,590
20500000,41000.000007435294,300.43384714286327,590
20505000,41010.00000743733,300.8506134325803,590
20510000,41020.00000743937,302.9655428900736,590
20515000,41030.000007441406,298.0913879665386,590
20520000,41040.00000744344,301.09237893263645,590
20525000,41050.00000744548,299.51275899115217,590
20530000,41060.00000744752,301.8909952238572,590
20535000,41070.000007449555,299.38642470939925,590
20540000,41080.00000745159,297.03485021889503,590
20545000,41090.00000745363,299.6985524893695,590
20550000,41100.00000745567,301.64662534832115,590
20555000,41110.000007457704,300.42753484297134,590
20560000,41120.00000745974,301.8945265804401,590
20565000,41130.00000746178,301.1445547261487,590
20570000,41140.000007463816,298.9521782045969,590
20575000,41150.00000746585,300.0394608254903,590
20580000,41160.00000746789,300.34633571254346,590
20585000,41170.00000746993,298.32639974713,590
20590000,41180.000007471965,299.82086985300936,590
20595000,41190.000007474,300.9998573901647,590
20600000,41200.00000747604,301.15446459555943,590
20605000,41210.00000747808,300.05340968399275,590
20610000,41220.000007480114,301.27539148754477,590
20615000,41230.00000748215,298.21915686190334,590
20620000,41240.00000748419,300.0626132820869,590
20625000,41250.000007486226,302.83770778177296,590
20630000,41260.00000748826,301.53152519469756,590
20635000,41270.0000074903,298.4314134635137,590
20640000,41280.00000749234,299.9623227551328,590
20645000,41290.000007494375,299.9378460398176,590
20650000,41300.00000749641,299.5432610836369,590
20655000,41310.00000749845,301.37131196072755,590
20660000,41320.00000750049,299.2645929072895,590
20665000,41330.000007502524,299.7470203584697,590
20670000,41340.00000750456,301.62360531759646,590
20675000,41350.0000075066,300.45106250620483,590
20680000,41360.000007508635,303.4406648473229,590
20685000,41370.00000751067,299.7997258554693,590
20690000,41380.00000751271,298.3115680494819,590
20695000,41390.00000751475,297.7137535219557,590
20700000,41400.000007516785,300.69448332965925,590
20705000,41410.00000751882,301.70568728717,590
20710000,41420.00000752086,299.0257849183715,590
20715000,41430.000007522896,303.0193960779627,590
20720000,41440.00000752493,300.16703108204723,590
20725000,41450.00000752697,299.4657698776211,590
20730000,41460.00000752901,299.3256412342162,590
20735000,41470.000007531045,300.0591481384399,590
20740000,41480.00000753308,300.27650313611684,590
20745000,41490.00000753512,302.6452488480054,590
20750000,41500.00000753716,296.83530650098305,590
20755000,41510.000007539194,298.3872935772062,590
20760000,41520.00000754123,301.873448795836,590
20765000,41530.00000754327,299.1762427797813,590
20770000,41540.000007545306,299.93970000202364,590
20775000,41550.00000754734,298.0083128029261,590
20780000,41560.00000754938,299.7223450043467,590
20785000,41570.00000755142,297.3526281693979,590
20790000,41580.000007553455,299.35773243716324,590
20795000,41590.00000755549,299.917849733167,590
20800000,41600.00000755753,298.7158200943083,590
20805000,41610.00000755957,299.2493197900685,590
20810000,41620.000007561604,299.5561505351644,590
20815000,41630.00000756364,301.8181168523778,590
20820000,41640.00000756568,299.28015294723286,590
20825000,41650.000007567716,298.0672864578604,590
20830000,41660.00000756975,300.0003951932921,590
20835000,41670.00000757179,301.9158471458093,590
20840000,41680.00000757383,301.16969357082314,590
20845000,41690.000007575865,302.6996979523178,590
20850000,41700.0000075779,299.9999979156765,590
20855000,41710.00000757994,300.71015372449585,590
20860000,41720.00000758198,300.8136224723745,590
20865000,41730.000007584014,301.5546555803155,590
20870000,41740.00000758605,298.99612152307526,590
20875000,41750.00000758809,301.6501567049041,590
20880000,41760.000007590126,301.55549427750395,590
20885000,41770.00000759216,299.151898490338,590
20890000,41780.0000075942,302.88785304525,590
20895000,41790.00000759624,304.1725605701056,590
20900000,41800.000007598275,300.81750696461575,590
20905000,41810.00000760031,299.1530903231847,590
20910000,41820.00000760235,301.5137580568899,590
20915000,41830.00000760439,299.1474842946094,590
20920000,41840.000007606424,300.98116327125405,590
20925000,41850.00000760846,299.18818317922717,590
20930000,41860.0000076105,300.53694068410505,590
20935000,41870.000007612536,300.63299358315965,590
20940000,41880.00000761457,299.4135278711729,590
20945000,41890.00000761661,302.5352029484911,590
20950000,41900.00000761865,298.67234026638147,590
20955000,41910.000007620685,300.6447353437978,590
20960000,41920.00000762272,296.9124004293833,590
20965000,41930.00000762476,300.953155199356,590
20970000,41940.0000076268,301.09328384276085,590
20975000,41950.000007628834,301.03770911853763,590
20980000,41960.00000763087,301.4015492014686,590
20985000,41970.00000763291,302.67557437266095,590
20990000,41980.000007634946,300.0866485778292,590
20995000,41990.00000763698,300.59851871451923,590
21000000,42000.00000763902,300.0853905320465,590
21005000,42010.00000764106,299.4266821744442,590
21010000,42020.000007643095,298.47950612597697,590
21015000,42030.00000764513,300.1533250043099,590
21020000,42040.00000764717,298.73153463110214,590
21025000,42050.00000764921,300.03456106823154,590
21030000,42060.000007651244,304.1533146767289,590
21035000,42070.00000765328,300.8980660366629,590
21040000,42080.00000765532,297.9209117274996,590
21045000,42090.000007657356,300.6350241131948,590
21050000,42100.00000765939,298.4074002387501,590
21055000,42110.00000766143,299.1697759830389,590
21060000,42120.00000766347,300.80881099903036,590
21065000,42130.000007665505,300.96953186550917,590
21070000,42140.00000766754,299.6846477728244,590
21075000,42150.00000766958,302.24545514086486,590
21080000,42160.00000767162,298.7562099852251,590
21085000,42170.000007673654,299.3753450781204,590
21090000,42180.00000767569,303.0158426504011,590
21095000,42190.00000767773,302.77749815203464,590
21100000,42200.000007679766,298.89159336822166,590
21105000,42210.0000076818,298.60224283821105,590
21110000,42220.00000768384,300.92505884354335,590
21115000,42230.00000768588,301.22248735173736,590
21120000,42240.000007687915,298.7014739581903,590
21125000,42250.00000768995,298.66810263848197,590
21130000,42260.00000769199,300.38908719817516,590
21135000,42270.00000769403,298.3287613418448,590
21140000,42280.000007696064,299.99081638856103,590
21145000,42290.0000076981,300.19201542987116,590
21150000,42300.00000770014,298.88316225438,590
21155000,42310.000007702176,301.32346207902935,590
21160000,42320.00000770421,298.62453452664056,590
21165000,42330.00000770625,301.5280159090933,590
21170000,42340.00000770829,298.975176164343,590
21175000,42350.000007710325,299.1730204168994,590
21180000,42360.00000771236,301.5459154727729,590
21185000,42370.0000077144,299.6047287591578,590
21190000,42380.00000771644,301.2355313001154,590
21195000,42390.000007718474,299.122279236999,590
21200000,42400.00000772051,299.24598707229336,590
21205000,42410.00000772255,298.60120550221484,590
21210000,42420.000007724586,301.15914364303177,590
21215000,42430.00000772662,301.92723577078914,590
21220000,42440.00000772866,301.32836183628814,590
21225000,42450.0000077307,300.704084205369,590
21230000,42460.000007732735,299.8760914415743,590
21235000,42470.00000773477,299.1929946525714,590
21240000,42480.00000773681,299.4506071152933,590
21245000,42490.00000773885,299.5595494658755,590
21250000,42500.000007740884,302.1056575621397,590
21255000,42510.00000774292,297.44841621670884,590
21260000,42520.00000774496,301.2118491400314,590
21265000,42530.000007746996,300.06287813383057,590
21270000,42540.00000774903,299.3708425984772,590
21275000,42550.00000775107,299.09544092696905,590
21280000,42560.00000775311,299.38651299331383,590
21285000,42570.000007755145,300.45982468472613,590
21290000,42580.00000775718,298.7479554392126,590
21295000,42590.00000775922,298.4212166713806,590
21300000,42600.00000776126,299.5917730946943,590
21305000,42610.000007763294,299.6100920069681,590
21310000,42620.00000776533,298.0135215538859,590
21315000,42630.00000776737,299.19754127417184,590
21320000,42640.000007769406,300.9115072626565,590
21325000,42650.00000777144,300.02913160748534,590
21330000,42660.00000777348,304.0335575466116,590
21335000,42670.00000777552,301.1716137459651,590
21340000,42680.000007777555,301.6490972979292,590
21345000,42690.00000777959,299.97944983455983,590
21350000,42700.00000778163,299.7407742715137,590
21355000,42710.00000778367,299.51893886517223,590
21360000,42720.000007785704,298.1314026508185,590
21365000,42730.00000778774,299.33526418090463,590
21370000,42740.00000778978,297.72430344974714,590
21375000,42750.000007791816,298.7884556850226,590
21380000,42760.00000779385,299.8926888175139,590
21385000,42770.00000779589,300.9093222357709,590
21390000,42780.00000779793,298.20474451284946,590
21395000,42790.000007799965,300.3768157340496,590
21400000,42800.000007802,302.2998380322414,590
21405000,42810.00000780404,299.9890065683122,590
21410000,42820.00000780608,300.8609205796066,590
21415000,42830.000007808114,300.9154800388123,590
21420000,42840.00000781015,301.48047502109614,590
21425000,42850.00000781219,298.8355992954042,590
21430000,42860.000007814226,302.0199780230473,590
21435000,42870.00000781626,298.96630363092845,590
21440000,42880.0000078183,301.04803833654256,590
21445000,42890.00000782034,299.18061283355263,590
21450000,42900.000007822375,300.70280408860765,590
21455000,42910.00000782441,300.54351783574066,590
21460000,42920.00000782645,298.2068412558205,590
21465000,42930.00000782849,299.3834009853251,590
21470000,42940.000007830524,299.13792756085695,590
21475000,42950.00000783256,297.9004298593188,590
21480000,42960.0000078346,300.12434580935155,590
21485000,42970.000007836636,299.1773242577348,590
21490000,42980.00000783867,302.45546050265364,590
21495000,42990.00000784071,302.163329029334,590
21500000,43000.00000784275,302.1368217839837,590
21505000,43010.000007844785,298.17558875006193,590
21510000,43020.00000784682,301.6274235969017,590
21515000,43030.00000784886,299.7569743698377,590
21520000,43040.0000078509,302.531186030378,590
21525000,43050.000007852934,300.92786185783103,590
21530000,43060.00000785497,299.4224224755661,590
21535000,43070.00000785701,298.81255719370085,590
21540000,43080.000007859046,303.60908848534814,590
21545000,43090.00000786108,301.3337030131198,590
21550000,43100.00000786312,302.71651603804384,590
21555000,43110.00000786516,300.4190816581511,590
21560000,43120.000007867195,300.2499296778306,590
21565000,43130.00000786923,299.72702405181906,590
21570000,43140.00000787127,297.22986938618516,590
21575000,43150.00000787331,299.5457992461808,590
21580000,43160.000007875344,299.6860382444789,590
21585000,43170.00000787738,298.879763323669,590
21590000,43180.00000787942,300.89506438356744,590
21595000,43190.000007881456,299.47431134635593,590
21600000,43200.00000788349,301.34257554653425,590
21605000,43210.00000788553,298.411240589034,590
21610000,43220.00000788757,300.20234464787615,590
21615000,43230.000007889605,300.4889363055564,590
21620000,43240.00000789164,300.83328771434554,590
21625000,43250.00000789368,300.3348588036491,590
21630000,43260.00000789572,300.39122808310356,590
21635000,43270.000007897754,299.8654090879111,590
21640000,43280.00000789979,299.4439416797431,590
21645000,43290.00000790183,298.2772697486705,590
21650000,43300.000007903865,300.8439479970301,590
21655000,43310.0000079059,302.6501927472214,590
21660000,43320.00000790794,299.74344485992947,590
21665000,43330.00000790998,297.35419520888155,590
21670000,43340.000007912015,298.31392964419666,590
21675000,43350.00000791405,300.93790415311366,590
21680000,43360.00000791609,299.6455821406261,590
21685000,43370.000007918126,299.2312215875812,590
21690000,43380.00000792016,299.6930347447087,590
21695000,43390.0000079222,300.2067809145834,590
21700000,43400.00000792424,302.5220486452198,590
21705000,43410.000007926275,300.7483806595056,590
21710000,43420.00000792831,299.8293892507656,590
21715000,43430.00000793035,299.405361609075,590
21720000,43440.00000793239,300.11167706761046,590
21725000,43450.000007934425,300.2118572396713,590
21730000,43460.00000793646,300.83161031996866,590
21735000,43470.0000079385,302.3344453267537,590
21740000,43480.000007940536,302.14075041818217,590
21745000,43490.00000794257,300.47222857472354,590
21750000,43500.00000794461,300.7724600972052,590
21755000,43510.00000794665,299.0219887100449,590
21760000,43520.000007948685,300.76378620259845,590
21765000,43530.00000795072,298.1901335249877,590
21770000,43540.00000795276,299.5830329871517,590
21775000,43550.0000079548,299.901649634843,590
21780000,43560.000007956834,299.23334040153094,590
21785000,43570.00000795887,301.3255146800432,590
21790000,43580.00000796091,298.93405793113095,590
21795000,43590.000007962946,300.7847977742667,590
21800000,43600.00000796498,301.4229580507523,590
21805000,43610.00000796702,300.19956370456714,590
21810000,43620.00000796906,299.35804143086426,590
21815000,43630.000007971095,299.2308684519229,590
21820000,43640.00000797313,300.02414356631203,590
21825000,43650.00000797517,302.8674594609838,590
21830000,43660.00000797721,302.3920505810121,590
21835000,43670.000007979244,301.73040678325026,590
21840000,43680.00000798128,300.26275291642224,590
21845000,43690.00000798332,300.34554115731237,590
21850000,43700.000007985356,300.57463791562736,590
21855000,43710.00000798739,299.8462294074702,590
21860000,43720.00000798943,299.5622200542913,590
21865000,43730.00000799147,300.26014854094234,590
21870000,43740.000007993505,299.9595418118238,590
21875000,43750.00000799554,300.992728464063,590
21880000,43760.00000799758,300.245515482102,590
21885000,43770.00000799962,300.6668504643981,590
21890000,43780.000008001654,299.5617565637398,590
21895000,43790.00000800369,299.08122721672294,590
21900000,43800.00000800573,301.6717862639743,590
21905000,43810.000008007766,301.0879868078865,590
21910000,43820.0000080098,299.7486977528465,590
21915000,43830.00000801184,302.49560761280543,590
21920000,43840.00000801388,300.4447722772916,590
21925000,43850.000008015915,301.1198352300685,590
21930000,43860.00000801795,300.770120573469,590
21935000,43870.00000801999,299.98596077325954,590
21940000,43880.00000802203,300.0462145449551,590
21945000,43890.000008024064,298.7770008471068,590
21950000,43900.0000080261,301.18768141841724,590
21955000,43910.00000802814,298.3446524464679,590
21960000,43920.000008030176,300.3541046970259,590
21965000,43930.00000803221,301.19103620717095,590
21970000,43940.00000803425,299.7956427244203,590
21975000,43950.00000803629,297.3290563642071,590
21980000,43960.000008038325,300.2690872872928,590
21985000,43970.00000804036,300.5127950334695,590
21990000,43980.0000080424,299.8355911957643,590
21995000,43990.00000804444,302.7803011663223,590
22000000,44000.000008046474,301.5040026843297,590
22005000,44010.00000804851,299.78579906794556,590
22010000,44020.00000805055,301.84822166724695,590
22015000,44030.000008052586,300.27535544522743,590
22020000,44040.00000805462,298.51300987155713,590
22025000,44050.00000805666,300.01761055663366,590
22030000,44060.0000080587,301.2457722342058,590
22035000,44070.000008060735,298.65715543307505,590
22040000,44080.00000806277,299.0750473427029,590
22045000,44090.00000806481,300.7117869769154,590
22050000,44100.00000806685,301.7123085807629,590
22055000,44110.000008068884,300.39365589075425,590
22060000,44120.00000807092,299.4827424601976,590
22065000,44130.00000807296,297.19830788672556,590
22070000,44140.000008074996,300.48635400105513,590
22075000,44150.00000807703,303.2102659012679,590
22080000,44160.00000807907,301.31692906935103,590
22085000,44170.00000808111,300.5567162809692,590
22090000,44180.000008083145,299.0705448630597,590
22095000,44190.00000808518,301.244028626893,590
22100000,44200.00000808722,301.88194612261356,590
22105000,44210.00000808926,299.70053887744734,590
22110000,44220.000008091294,299.7971656219467,590
22115000,44230.00000809333,300.4430728119361,590
22120000,44240.00000809537,298.9887277452298,590
22125000,44250.000008097406,299.7729316873966,590
22130000,44260.00000809944,300.88791338648707,590
22135000,44270.00000810148,299.47592252779685,590
22140000,44280.00000810352,298.8162430471342,590
22145000,44290.000008105555,299.5759261320286,590
22150000,44300.00000810759,301.99658278568563,590
22155000,44310.00000810963,300.5673986346325,590
22160000,44320.00000811167,298.74930176890985,590
22165000,44330.000008113704,299.75004408254375,590
22170000,44340.00000811574,300.5594972242783,590
22175000,44350.00000811778,299.5495954545074,590
22180000,44360.000008119816,301.2990957186074,590
22185000,44370.00000812185,299.7720267772723,590
22190000,44380.00000812389,299.4088046817433,590
22195000,44390.00000812593,299.1443060736848,590
22200000,44400.000008127965,301.09679312836505,590
22205000,44410.00000813,297.30557284293087,590
22210000,44420.00000813204,299.54123055360174,590
22215000,44430.00000813408,299.8264758815847,590
22220000,44440.000008136114,299.12766455578793,590
22225000,44450.00000813815,301.0859342068727,590
22230000,44460.00000814019,299.74397456341694,590
22235000,44470.000008142226,300.6498999528003,590
22240000,44480.00000814426,298.0073858218231,590
22245000,44490.0000081463,297.864741086853,590
22250000,44500.00000814834,302.93949913527473,590
22255000,44510.000008150375,298.5774792001735,590
22260000,44520.00000815241,300.70701964552853,590
22265000,44530.00000815445,301.39898896794597,590
22270000,44540.00000815649,300.9610786806889,590
22275000,44550.000008158524,299.37572028475734,590
22280000,44560.00000816056,298.9961656650325,590
22285000,44570.0000081626,300.04080715518757,590
22290000,44580.000008164636,299.1087938690481,590
22295000,44590.00000816667,298.292145588276,590
22300000,44600.00000816871,300.7515588804302,590
22305000,44610.00000817075,299.3592994766469,590
22310000,44620.000008172785,303.102912661148,590
22315000,44630.00000817482,301.90317840406817,590
22320000,44640.00000817686,300.871845714035,590
22325000,44650.0000081789,301.80187261209653,590
22330000,44660.000008180934,303.0765599126482,590
22335000,44670.00000818297,299.6405940994528,590
22340000,44680.00000818501,299.30202528706815,590
22345000,44690.000008187046,302.426128172037,590
22350000,44700.00000818908,299.8599796271649,590
22355000,44710.00000819112,300.7116766220222,590
22360000,44720.00000819316,301.90609177324905,590
22365000,44730.000008195195,298.352929063459,590
22370000,44740.00000819723,301.0582571996543,590
22375000,44750.00000819927,299.7780962963991,590
22380000,44760.00000820131,299.3335867865277,590
22385000,44770.000008203344,299.09446980390874,590
22390000,44780.00000820538,297.10062173525137,590
22395000,44790.00000820742,301.14720324358586,590
22400000,44800.000008209456,299.71839429916963,590
22405000,44810.00000821149,299.7831284795297,590
22410000,44820.00000821353,300.2168011388874,590
22415000,44830.00000821557,299.4831838797705,590
22420000,44840.000008217605,300.9694656525732,590
22425000,44850.00000821964,300.16151333738645,590
22430000,44860.00000822168,299.80107218516656,590
22435000,44870.00000822372,302.3956702215096,590
22440000,44880.000008225754,301.2494360166605,590
22445000,44890.00000822779,301.3094911495483,590
22450000,44900.00000822983,301.6391653575398,590
22455000,44910.000008231866,300.6443822081395,590
22460000,44920.0000082339,300.53596956104474,590
22465000,44930.00000823594,300.4009393137065,590
22470000,44940.00000823798,299.43495879143535,590
22475000,44950.000008240015,300.951610230851,590
22480000,44960.00000824205,300.2831244297098,590
22485000,44970.00000824409,299.38836695551987,590
22490000,44980.00000824613,300.72344045363894,590
22495000,44990.000008248164,300.8304405581005,590
22500000,45000.0000082502,298.8279406658151,590
22505000,45010.00000825224,298.8924320654101,590
22510000,45020.000008254276,299.0738996518134,590
22515000,45030.00000825631,301.97393796159787,590
22520000,45040.00000825835,302.41445262433484,590
22525000,45050.00000826039,299.98754988372184,590
22530000,45060.000008262425,298.6451488206932,590
22535000,45070.00000826446,295.1532992895735,590
22540000,45080.0000082665,299.7301581307864,590
22545000,45090.00000826854,299.57385146003617,590
22550000,45100.000008270574,301.01647683708296,590
22555000,45110.00000827261,302.2373330207242,590
22560000,45120.00000827465,301.48325596440515,590
22565000,45130.000008276686,299.8127256618901,590
22570000,45140.00000827872,300.3136265221945,590
22575000,45150.00000828076,299.6705664884501,590
22580000,45160.0000082828,301.9585765604623,590
22585000,45170.000008284835,302.8250169690532,590
22590000,45180.00000828687,301.02303191773996,590
22595000,45190.00000828891,302.68824311440204,590
22600000,45200.00000829095,300.53303412088525,590
22605000,45210.000008292984,300.48644228496966,590
22610000,45220.00000829502,303.6442254833479,590
22615000,45230.00000829706,302.1094979124236,590
22620000,45240.000008299095,299.87196416856807,590
22625000,45250.00000830113,300.42826318526653,590
22630000,45260.00000830317,298.86599103299574,590
22635000,45270.00000830521,298.78417391516587,590
22640000,45280.000008307245,298.47405459425215,590
22645000,45290.00000830928,302.94823924281746,590
22650000,45300.00000831132,301.22175900944217,590
22655000,45310.00000831336,298.622217073883,590
22660000,45320.000008315394,301.27868006336263,590
22665000,45330.00000831743,300.70920467241416,590
22670000,45340.00000831947,299.088643065547,590
22675000,45350.000008321505,300.2747815997827,590
22680000,45360.00000832354,302.2942761456233,590
22685000,45370.00000832558,298.1464771292317,590
22690000,45380.00000832762,299.9296356357624,590
22695000,45390.000008329655,300.33322555122953,590
22700000,45400.00000833169,298.2274334788945,590
22705000,45410.00000833373,301.735306540509,590
22710000,45420.000008335766,301.773710043348,590
22715000,45430.0000083378,299.39397298409517,590
22720000,45440.00000833984,300.6783494442712,590
22725000,45450.00000834188,301.63382418070825,590
22730000,45460.000008343915,298.05717794964187,590
22735000,45470.00000834595,299.38863180726355,590
22740000,45480.00000834799,298.5404882399678,590
22745000,45490.00000835003,298.20977669598005,590
22750000,45500.000008352064,302.9092398235551,590
22755000,45510.0000083541,300.3095213201669,590
22760000,45520.00000835614,299.6382104337593,590
22765000,45530.000008358176,299.64209492600054,590
22770000,45540.00000836021,300.97105476303557,590
22775000,45550.00000836225,301.1110951225258,590
22780000,45560.00000836429,299.68297037844746,590
22785000,45570.000008366325,301.6342435293024,590
22790000,45580.00000836836,300.1433268509846,590
22795000,45590.0000083704,299.97501356785256,590
22800000,45600.00000837244,300.52930412549455,590
22805000,45610.000008374474,301.1057098037369,590
22810000,45620.00000837651,301.15656133853054,590
22815000,45630.00000837855,300.7994087621284,590
22820000,45640.000008380586,302.1751590738867,590
22825000,45650.00000838262,295.4034517615141,590
22830000,45660.00000838466,300.41060640235213,590
22835000,45670.0000083867,302.38492165491044,590
22840000,45680.000008388735,298.1289969141464,590
22845000,45690.00000839077,301.39108755759173,590
22850000,45700.00000839281,298.8399472781969,590
22855000,45710.00000839485,300.60401438820134,590
22860000,45720.000008396884,300.04352188556066,590
22865000,45730.00000839892,300.34743926147564,590
22870000,45740.00000840096,299.33744920779026,590
22875000,45750.000008402996,300.46942556043587,590
22880000,45760.00000840503,301.463480367541,590
22885000,45770.00000840707,298.4924176484832,590
22890000,45780.00000840911,302.58777601961884,590
22895000,45790.000008411145,300.321881068207,590
22900000,45800.00000841318,302.05125259978456,590
22905000,45810.00000841522,297.61357334989486,590
22910000,45820.00000841726,300.20079967937113,590
22915000,45830.000008419294,299.37128401805006,590
22920000,45840.00000842133,298.96398617817096,590
22925000,45850.00000842337,301.97645405316314,590
22930000,45860.000008425406,299.2894448292416,590
22935000,45870.00000842744,301.3427079724061,590
22940000,45880.00000842948,300.61551336807435,590
22945000,45890.00000843152,300.0712430347363,590
22950000,45900.000008433555,300.1273916044043,590
22955000,45910.00000843559,303.5224157522168,590
22960000,45920.00000843763,296.84455424103453,590
22965000,45930.00000843967,299.62569618886874,590
22970000,45940.000008441704,296.20853484947725,590
22975000,45950.00000844374,299.52884873458294,590
22980000,45960.00000844578,301.178235039558,590
22985000,45970.000008447816,300.37511626869406,590
22990000,45980.00000844985,298.9643393138292,590
22995000,45990.00000845189,297.91382694335516,590
23000000,46000.00000845393,300.4779228872135,590
23005000,46010.000008455965,298.67693102993917,590
23010000,46020.000008458,296.60598903288155,590
23015000,46030.00000846004,300.21786054586227,590
23020000,46040.00000846208,301.42309047662417,590
23025000,46050.000008464114,297.9974097394765,590
23030000,46060.00000846615,300.185283781385,590
23035000,46070.00000846819,297.25167551308454,590
23040000,46080.000008470226,299.8756058800442,590
23045000,46090.00000847226,300.27592929067214,590
23050000,46100.0000084743,301.82434086835514,590
23055000,46110.00000847634,298.40170592626015,590
23060000,46120.000008478375,302.9318405056856,590
23065000,46130.00000848041,299.3088452194689,590
23070000,46140.00000848245,300.97840439892366,590
23075000,46150.00000848449,301.79657557722214,590
23080000,46160.000008486524,302.9292582011844,590
23085000,46170.00000848856,296.30792046630694,590
23090000,46180.0000084906,302.436457390042,590
23095000,46190.000008492636,299.6785120407616,590
23100000,46200.00000849467,299.59521616736265,590
23105000,46210.00000849671,300.6050296532189,590
23110000,46220.00000849875,301.32355036294393,590
23115000,46230.000008500785,298.52115406267643,590
23120000,46240.00000850282,301.3539200295568,590
23125000,46250.00000850486,301.1159507378273,590
23130000,46260.0000085069,300.08530224813194,590
23135000,46270.000008508934,302.92411566316053,590
23140000,46280.00000851097,299.09861914789366,590
23145000,46290.00000851301,301.3868499296923,590
23150000,46300.000008515046,298.4850459416164,590
23155000,46310.00000851708,300.4199203553395,590
23160000,46320.00000851912,300.3800822388888,590
23165000,46330.00000852116,300.3384784441466,590
23170000,46340.000008523195,302.8696665588481,590
23175000,46350.00000852523,302.41986001410237,590
23180000,46360.00000852727,301.0207365359611,590
23185000,46370.00000852931,299.7614989204595,590
23190000,46380.000008531344,299.73644835969964,590
23195000,46390.00000853338,302.601062748762,590
23200000,46400.00000853542,303.0027104181085,590
23205000,46410.000008537456,301.29540986517407,590
23210000,46420.00000853949,299.6286757709856,590
23215000,46430.00000854153,301.6456100833036,590
23220000,46440.00000854357,300.74127380438256,590
23225000,46450.000008545605,298.3496184166625,590
23230000,46460.00000854764,301.3701642698381,590
23235000,46470.00000854968,302.30714352617224,590
23240000,46480.00000855172,299.4736712879753,590
23245000,46490.000008553754,297.877167047829,590
23250000,46500.00000855579,302.5646897759582,590
23255000,46510.00000855783,300.00233743941266,590
23260000,46520.000008559866,300.24154270594624,590
23265000,46530.0000085619,299.45457989144904,590
23270000,46540.00000856394,298.75490779748515,590
23275000,46550.00000856598,299.75587082090556,590
23280000,46560.000008568015,298.3169533682708,590
23285000,46570.00000857005,301.78549594594335,590
23290000,46580.00000857209,301.464098354943,590
23295000,46590.00000857413,300.0272114323434,590
23300000,46600.000008576164,300.83564930906033,590
23305000,46610.0000085782,301.07977640383126,590
23310000,46620.00000858024,300.7608286914603,590
23315000,46630.000008582276,299.29732416861714,590
23320000,46640.00000858431,299.6596192830431,590
23325000,46650.00000858635,303.0224860149727,590
23330000,46660.00000858839,303.32132706579984,590
23335000,46670.000008590425,300.21812539760595,590
23340000,46680.00000859246,301.04651543901616,590
23345000,46690.0000085945,301.81436478600847,590
23350000,46700.00000859654,300.3339759645034,590
23355000,46710.000008598574,300.0332368095129,590
23360000,46720.00000860061,302.070454351204,590
23365000,46730.00000860265,301.7903074192875,590
23370000,46740.000008604686,300.9290316196991,590
23375000,46750.00000860672,299.7225657141331,590
23380000,46760.00000860876,299.990198401159,590
23385000,46770.0000086108,300.0141454129867,590
23390000,46780.000008612835,302.85103865287334,590
23395000,46790.00000861487,299.62068607671677,590
23400000,46800.00000861691,298.6537123604067,590
23405000,46810.00000861895,300.37679366307094,590
23410000,46820.000008620984,300.66214934594717,590
23415000,46830.00000862302,299.822127898792,590
23420000,46840.00000862506,300.8151453699009,590
23425000,46850.000008627096,298.83546686953235,590
23430000,46860.00000862913,299.09283655148914,590
23435000,46870.00000863117,299.346432096098,590
23440000,46880.00000863321,300.4936374240074,590
23445000,46890.000008635245,298.47306140021317,590
23450000,46900.00000863728,301.63113152131376,590
23455000,46910.00000863932,302.80274735160236,590
23460000,46920.00000864136,300.11247162284155,590
23465000,46930.000008643394,298.9141057664376,590
23470000,46940.00000864543,299.4532997746877,590
23475000,46950.00000864747,299.0996344129112,590
23480000,46960.000008649506,301.0468244327172,590
23485000,46970.00000865154,299.58422481999844,590
23490000,46980.00000865358,300.4589418455804,590
23495000,46990.00000865562,301.45791848092296,590
23500000,47000.000008657655,302.76059178239404,590
23505000,47010.00000865969,299.8090618794353,590
23510000,47020.00000866173,301.9732316902813,590
23515000,47030.00000866377,298.7675544682477,590
23520000,47040.000008665804,297.9106266514519,590
23525000,47050.00000866784,300.87480322517314,590
23530000,47060.00000866988,301.9927865773591,590
23535000,47070.000008671916,299.2951832836888,590
23540000,47080.00000867395,302.61876367363374,590
23545000,47090.00000867599,300.7043269861341,590
23550000,47100.00000867803,298.88901106372043,590
23555000,47110.000008680065,301.33480656205194,590
23560000,47120.0000086821,299.7460492354094,590
23565000,47130.00000868414,300.6642460889182,590
23570000,47140.00000868618,303.6705340898904,590
23575000,47150.000008688214,301.0509737767021,590
23580000,47160.00000869025,299.3941936938816,590
23585000,47170.00000869229,302.0267758844694,590
23590000,47180.000008694326,298.8832063963373,590
23595000,47190.00000869636,300.2522692015668,590
23600000,47200.0000086984,300.94957970081583,590
23605000,47210.00000870044,300.3485869523651,590
23610000,47220.000008702475,301.9580689279535,590
23615000,47230.00000870451,299.8751644604713,590
23620000,47240.00000870655,302.51838486276506,590
23625000,47250.00000870859,300.08600851944857,590
23630000,47260.000008710624,299.44566321607726,590
23635000,47270.00000871266,301.74912297313955,590
23640000,47280.0000087147,298.52874647932964,590
23645000,47290.000008716735,299.82771185638876,590
23650000,47300.00000871877,297.675526586946,590
23655000,47310.00000872081,302.8480149287993,590
23660000,47320.00000872285,300.5563410743323,590
23665000,47330.000008724885,301.86634194071286,590
23670000,47340.00000872692,298.87645267687253,590
23675000,47350.00000872896,300.32770780656875,590
23680000,47360.000008730996,300.6140125415266,590
23685000,47370.00000873303,299.31751911407554,590
23690000,47380.00000873507,300.3439299758714,590
23695000,47390.00000873711,300.7004866358502,590
23700000,47400.000008739145,300.40405132169514,590
23705000,47410.00000874118,300.75107331890007,590
23710000,47420.00000874322,300.54826309614896,590
23715000,47430.00000874526,300.66327496585797,590
23720000,47440.000008747294,302.0028509436203,590
23725000,47450.00000874933,299.6275280800961,590
23730000,47460.00000875137,299.14832299179784,590
23735000,47470.000008753406,298.0371595720126,590
23740000,47480.00000875544,301.17346770817113,590
23745000,47490.00000875748,300.0142116259226,590
23750000,47500.00000875952,298.94363673586207,590
23755000,47510.000008761555,298.65563253554865,590
23760000,47520.00000876359,300.2524016274386,590
23765000,47530.00000876563,300.7438340379052,590
23770000,47540.00000876767,301.2794084056578,590
23775000,47550.000008769704,300.8306171259297,590
23780000,47560.00000877174,298.69827366628704,590
23785000,47570.00000877378,298.89468330523175,590
23790000,47580.000008775816,301.0743690140637,590
23795000,47590.00000877785,301.5170245617291,590
23800000,47600.00000877989,300.8119450779976,590
23805000,47610.00000878193,300.88954663890667,590
23810000,47620.000008783965,301.3524412739877,590
23815000,47630.000008786,298.4802344682722,590
23820000,47640.00000878804,298.8978615261563,590
23825000,47650.00000879008,300.09379957490955,590
23830000,47660.000008792114,299.62849920315637,590
23835000,47670.00000879415,301.5243300556599,590
23840000,47680.00000879619,298.61142436532657,590
23845000,47690.000008798226,298.7404954484312,590
23850000,47700.00000880026,298.29486031864906,590
23855000,47710.0000088023,300.4490540471483,590
23860000,47720.00000880434,298.68567113748185,590
23865000,47730.000008806375,297.0160678160698,590
23870000,47740.00000880841,302.65169357376914,590
23875000,47750.00000881045,300.43280980686706,590
23880000,47760.00000881249,300.1911546617041,590
23885000,47770.000008814524,304.4234855262987,590
23890000,47780.00000881656,300.27080882362696,590
23895000,47790.0000088186,300.9808763485317,590
23900000,47800.000008820636,298.20858486313335,590
23905000,47810.00000882267,301.4592868815988,590
23910000,47820.00000882471,300.12591284883524,590
23915000,47830.00000882675,299.9021793383304,590
23920000,47840.000008828785,301.59908446032404,590
23925000,47850.00000883082,300.5938396670469,590
23930000,47860.00000883286,300.46551899721607,590
23935000,47870.0000088349,300.93267333117524,590
23940000,47880.000008836934,299.678732750548,590
23945000,47890.00000883897,299.9448646110261,590
23950000,47900.00000884101,300.6856107962447,590
23955000,47910.000008843046,297.4766891403506,590
23960000,47920.00000884508,299.1091911466637,590
23965000,47930.00000884712,298.7234125109615,590
23970000,47940.00000884916,302.1122126427967,590
23975000,47950.000008851195,299.6576991079012,590
23980000,47960.00000885323,303.07697926124246,590
23985000,47970.00000885527,299.33917074412443,590
23990000,47980.00000885731,299.04900358790405,590
23995000,47990.000008859344,300.4533358170051,590
24000000,48000.00000886138,299.61953838582735,590
24005000,48010.00000886342,302.22111085142154,590
24010000,48020.000008865456,299.81393956571543,590
24015000,48030.00000886749,301.5520732758143,590
24020000,48040.00000886953,298.1234129565497,590
24025000,48050.00000887157,300.730547308762,590
24030000,48060.000008873605,298.20293469260065,590
24035000,48070.00000887564,301.5439511556736,590
24040000,48080.00000887768,299.61428549291026,590
24045000,48090.00000887972,303.12233512235395,590
24050000,48100.000008881754,300.25023867153163,590
24055000,48110.00000888379,299.7656482644444,590
24060000,48120.00000888583,298.94076750863843,590
24065000,48130.000008887866,299.5467482982625,590
24070000,48140.0000088899,297.984078868376,590
24075000,48150.00000889194,299.3653910667524,590
24080000,48160.00000889398,299.1688710729145,590
24085000,48170.000008896015,301.9307229854147,590
24090000,48180.00000889805,299.4882160629011,590
24095000,48190.00000890009,302.51763444949114,590
24100000,48200.00000890213,301.45849232636766,590
24105000,48210.000008904164,298.67415008663016,590
24110000,48220.0000089062,302.17456315746335,590
24115000,48230.00000890824,301.699132206513,590
24120000,48240.000008910276,297.9385685104141,590
24125000,48250.00000891231,299.4970665253369,590
24130000,48260.00000891435,304.6883372700155,590
24135000,48270.00000891639,301.6309770244632,590
24140000,48280.000008918425,300.74074410089514,590
24145000,48290.00000892046,301.25501997425727,590
24150000,48300.0000089225,298.8020072659094,590
24155000,48310.00000892454,301.16923008027163,590
24160000,48320.000008926574,300.6156237229676,590
24165000,48330.00000892861,299.10197393664737,590
24170000,48340.00000893065,300.10801328515566,590
24175000,48350.000008932686,297.97593467725676,590
24180000,48360.00000893472,300.9546780968824,590
24185000,48370.00000893676,300.3087267649357,590
24190000,48380.0000089388,299.3736897547222,590
24195000,48390.000008940835,303.85866711184394,590
24200000,48400.00000894287,302.2817177587754,590
24205000,48410.00000894491,298.989456087525,590
24210000,48420.00000894695,301.17117232639225,590
24215000,48430.000008948984,301.1126842329881,590
24220000,48440.00000895102,298.62076038929257,590
24225000,48450.00000895306,299.6501729041839,590
24230000,48460.000008955096,303.8228900554635,590
24235000,48470.00000895713,298.39994024796874,590
24240000,48480.00000895917,303.0834901999421,590
24245000,48490.00000896121,300.6191771505291,590
24250000,48500.000008963245,298.19468014658815,590
24255000,48510.00000896528,299.5959665806365,590
24260000,48520.00000896732,299.47495140473654,590
24265000,48530.00000896936,298.3885957649462,590
24270000,48540.000008971394,299.92098381213435,590
24275000,48550.00000897343,301.9236823432276,590
24280000,48560.00000897547,299.08400816003194,590
24285000,48570.000008977506,301.84883965464894,590
24290000,48580.00000897954,299.99086053051826,590
24295000,48590.00000898158,300.6168817687502,590
24300000,48600.00000898362,301.50131002493526,590
24305000,48610.000008985655,299.5981957494795,590
24310000,48620.00000898769,302.303634240568,590
24315000,48630.00000898973,298.2092028505353,590
24320000,48640.00000899177,299.58603464024714,590
24325000,48650.000008993804,298.82668262003244,590
24330000,48660.00000899584,303.73259768183476,590
24335000,48670.00000899788,301.722505372896,590
24340000,48680.000008999916,299.4913942838256,590
24345000,48690.00000900195,301.10968257989265,590
24350000,48700.00000900399,302.30217755597755,590
24355000,48710.00000900603,298.92708350187974,590
24360000,48720.000009008065,299.0358492846328,590
24365000,48730.0000090101,299.6956832621459,590
24370000,48740.00000901214,300.8019248536937,590
24375000,48750.00000901418,302.0609859013661,590
24380000,48760.000009016214,299.0231364009344,590
24385000,48770.00000901825,299.8195455942908,590
24390000,48780.00000902029,301.65516681705606,590
24395000,48790.000009022326,300.7492634986513,590
24400000,48800.00000902436,299.90089922156915,590
24405000,48810.0000090264,299.4343187330547,590
24410000,48820.00000902844,299.2668000051538,590
24415000,48830.000009030475,300.14089904333383,590
24420000,48840.00000903251,298.38596931848764,590
24425000,48850.00000903455,299.0936752486776,590
24430000,48860.00000903659,298.5669734143395,590
24435000,48870.000009038624,298.6336719117988,590
24440000,48880.00000904066,301.40252032452884,590
24445000,48890.0000090427,301.5355421128106,590
24450000,48900.000009044736,302.01748400246066,590
24455000,48910.00000904677,302.00185774958135,590
24460000,48920.00000904881,301.3988344710954,590
24465000,48930.00000905085,300.7081452654393,590
24470000,48940.000009052885,300.94679875750677,590
24475000,48950.00000905492,299.71612098836937,590
24480000,48960.00000905696,299.31299456345374,590
24485000,48970.000009059,303.15279307288137,590
24490000,48980.000009061034,300.8883989480172,590
24495000,48990.00000906307,300.4634884671809,590
24500000,49000.00000906511,300.7765873702115,590
24505000,49010.000009067146,300.8609867925425,590
24510000,49020.00000906918,302.36797114331256,590
24515000,49030.00000907122,301.5756450810051,590
24520000,49040.00000907326,301.0798867587245,590
24525000,49050.000009075295,299.7428489435061,590
24530000,49060.00000907733,299.7551866205676,590
24535000,49070.00000907937,299.7062331899373,590
24540000,49080.00000908141,300.4473104398355,590
24545000,49090.000009083444,302.4055580199417,590
24550000,49100.00000908548,299.9115595042537,590
24555000,49110.00000908752,302.0684458921475,590
24560000,49120.000009089556,302.6033360595622,590
24565000,49130.00000909159,298.5806574210981,590
24570000,49140.00000909363,300.0637389019977,590
24575000,49150.00000909567,299.95210389202106,590
24580000,49160.000009097705,302.072926300812,590
24585000,49170.00000909974,299.66988228811215,590
24590000,49180.00000910178,300.81225407169865,590
24595000,49190.00000910382,302.20137939651465,590
24600000,49200.000009105854,302.08647788169884,590
24605000,49210.00000910789,298.61433773450744,590
24610000,49220.00000910993,298.398748415122,590
24615000,49230.000009111965,299.48327216368506,590
24620000,49240.000009114,298.54446101612353,590
24625000,49250.00000911604,297.7570126400962,590
24630000,49260.00000911808,300.3787800511488,590
24635000,49270.000009120115,299.36033681264314,590
24640000,49280.00000912215,303.4737933862661,590
24645000,49290.00000912419,300.7775584932718,590
24650000,49300.000009126226,299.4843536416385,590
24655000,49310.00000912826,300.0766283535252,590
24660000,49320.0000091303,303.8905817469618,590
24665000,49330.00000913234,298.907219621101,590
24670000,49340.000009134375,301.29878672490645,590
24675000,49350.00000913641,301.9591283349284,590
24680000,49360.00000913845,298.8256452840362,590
24685000,49370.00000914049,299.828064992047,590
24690000,49380.000009142525,300.6299477881069,590
24695000,49390.00000914456,298.82251120506885,590
24700000,49400.0000091466,299.84947384133073,590
24705000,49410.000009148636,299.67200110206187,590
24710000,49420.00000915067,302.2354349165609,590
24715000,49430.00000915271,297.66961156466965,590
24720000,49440.00000915475,300.396635472871,590
24725000,49450.000009156785,301.5253673916561,590
24730000,49460.00000915882,300.7963629670757,590
24735000,49470.00000916086,303.1825888940495,590
24740000,49480.0000091629,298.78737420706915,590
24745000,49490.000009164934,301.46626131085003,590
24750000,49500.00000916697,300.6848162410136,590
24755000,49510.00000916901,299.7028784011835,590
24760000,49520.000009171046,300.8401076467462,590
24765000,49530.00000917308,299.44094002664764,590
24770000,49540.00000917512,300.3548771812784,590
24775000,49550.00000917716,301.10253158281233,590
24780000,49560.000009179195,300.87259612730884,590
24785000,49570.00000918123,298.79584946286803,590
24790000,49580.00000918327,297.7611178421238,590
24795000,49590.00000918531,297.7626186686715,590
24800000,49600.000009187344,302.8349709804212,590
24805000,49610.00000918938,300.88502208828487,590
24810000,49620.00000919142,300.05184264450907,590
24815000,49630.000009193456,302.736666841545,590
24820000,49640.00000919549,298.45997330987785,590
24825000,49650.00000919753,303.5139625673965,590
24830000,49660.00000919957,299.5282528181596,590
24835000,49670.000009201605,300.6489067587613,590
24840000,49680.00000920364,298.7517957894965,590
24845000,49690.00000920568,299.64589113432714,590
24850000,49700.00000920772,303.06673832715205,590
24855000,49710.000009209754,298.4334660645275,590
24860000,49720.00000921179,299.52600157833797,590
24865000,49730.00000921383,302.69248074230154,590
24870000,49740.000009215866,300.70304686937277,590
24875000,49750.0000092179,299.0954629979477,590
24880000,49760.00000921994,300.8860594242811,590
24885000,49770.00000922198,300.4379744158695,590
24890000,49780.000009224015,300.11617954725364,590
24895000,49790.00000922605,302.9485261655398,590
24900000,49800.00000922809,300.0598102677992,590
24905000,49810.00000923013,300.9829510205241,590
24910000,49820.000009232164,300.3155246263578,590
24915000,49830.0000092342,299.5157606442476,590
24920000,49840.00000923624,300.4009834556637,590
24925000,49850.000009238276,300.55380291178835,590
24930000,49860.00000924031,300.38054572944026,590
24935000,49870.00000924235,301.6379293827358,590
24940000,49880.00000924439,298.0958021622672,590
24945000,49890.000009246425,300.66168585539566,590
24950000,49900.00000924846,300.7116545510435,590
24955000,49910.0000092505,300.8772310328239,590
24960000,49920.00000925254,299.87050748397763,590
24965000,49930.000009254574,299.18590986842696,590
24970000,49940.00000925661,302.1420305349435,590
24975000,49950.00000925865,301.4865666112017,590
24980000,49960.000009260686,301.3884831821119,590
24985000,49970.00000926272,297.86754410114065,590
24990000,49980.00000926476,302.6606323201196,590
24995000,49990.0000092668,299.69497699082933,590
25000000,50000.000009268835,299.8679693214337,590
25005000,50010.00000927087,299.54114226968716,590
25010000,50020.00000927291,301.58231051655525,590
25015000,50030.00000927495,297.5776197256853,590
25020000,50040.000009276984,302.4185798973411,590
25025000,50050.00000927902,301.1808173440592,590
25030000,50060.00000928106,300.5782134141676,590
25035000,50070.000009283096,301.8950342129489,590
25040000,50080.00000928513,298.3978876469549,590
25045000,50090.00000928717,301.07990882970313,590
25050000,50100.00000928921,300.3888223464314,590
25055000,50110.000009291245,304.50126365503684,590
25060000,50120.00000929328,298.91234008814615,590
25065000,50130.00000929532,303.97158223858185,590
25070000,50140.00000929736,300.48026241094965,590
25075000,50150.000009299394,299.50852136325267,590
25080000,50160.00000930143,300.27826881440825,590
25085000,50170.00000930347,301.0681229271077,590
25090000,50180.000009305506,302.3615043465701,590
25095000,50190.00000930754,299.3041441010179,590
25100000,50200.00000930958,302.8147539639842,590
25105000,50210.00000931162,300.6704259629383,590
25110000,50220.000009313655,300.10324595376875,590
25115000,50230.00000931569,302.47177095587085,590
25120000,50240.00000931773,298.44553888984524,590
25125000,50250.00000931977,299.1163421437441,590
25130000,50260.000009321804,298.9446961428369,590
25135000,50270.00000932384,296.53392728761196,590
25140000,50280.00000932588,298.5162763763963,590
25145000,50290.000009327916,299.6186555466816,590
25150000,50300.00000932995,300.54334126791156,590
25155000,50310.00000933199,301.7987826750865,590
25160000,50320.00000933403,300.08305100831035,590
25165000,50330.000009336065,301.08023989438277,590
25170000,50340.0000093381,298.87499599228204,590
25175000,50350.00000934014,299.86161287958447,590
25180000,50360.00000934218,299.558776981623,590
25185000,50370.000009344214,299.06434291806096,590
25190000,50380.00000934625,301.49950020468646,590
25195000,50390.00000934829,298.8269474717761,590
25200000,50400.000009350326,301.8919001339816,590
25205000,50410.00000935236,299.9901101172444,590
25210000,50420.0000093544,300.9329381829189,590
25215000,50430.00000935644,298.7489707042302,590
25220000,50440.000009358475,300.93580741014256,590
25225000,50450.00000936051,299.659133721513,590
25230000,50460.00000936255,301.8730294472418,590
25235000,50470.00000936459,298.62985363249356,590
25240000,50480.000009366624,301.9419350425654,590
25245000,50490.00000936866,302.28361586293875,590
25250000,50500.0000093707,299.7001857417891,590
25255000,50510.000009372736,300.91362607660625,590
25260000,50520.00000937477,300.94662218967767,590
25265000,50530.00000937681,298.5249502710031,590
25270000,50540.00000937885,303.0332566525505,590
25275000,50550.000009380885,299.2930203277818,590
25280000,50560.00000938292,299.18109839508276,590
25285000,50570.00000938496,301.21655025848236,590
25290000,50580.000009387,299.08497928309225,590
25295000,50590.000009389034,301.9839361149232,590
25300000,50600.00000939107,299.8651442361674,590
25305000,50610.00000939311,298.5005839105811,590
25310000,50620.000009395146,300.10841056277127,590
25315000,50630.00000939718,299.7273330455201,590
25320000,50640.00000939922,299.98988940745795,590
25325000,50650.00000940126,299.18244472478,590
25330000,50660.000009403295,299.70905827520363,590
25335000,50670.00000940533,299.9180925139321,590
25340000,50680.00000940737,299.97552120036136,590
25345000,50690.00000940941,300.8518273364057,590
25350000,50700.000009411444,300.4514818547991,590
25355000,50710.00000941348,300.91468548358114,590
25360000,50720.00000941552,300.89504231258877,590
25365000,50730.000009417556,302.377218883364,590
25370000,50740.00000941959,298.84409662218184,590
25375000,50750.00000942163,298.6952058002557,590
25380000,50760.00000942367,301.46016972074455,590
25385000,50770.000009425705,299.62827849337,590
25390000,50780.00000942774,299.7694003308137,590
25395000,50790.00000942978,301.912713066842,590
25400000,50800.00000943182,302.1277064698041,590
25405000,50810.000009433854,301.72676507177414,590
25410000,50820.00000943589,298.5516340841825,590
25415000,50830.00000943793,301.0964399927068,590
25420000,50840.000009439966,300.54947699997433,590
25425000,50850.000009442,299.1181298930141,590
25430000,50860.00000944404,299.9280906672574,590
25435000,50870.00000944608,300.5981655788609,590
25440000,50880.000009448115,300.4893997961079,590
25445000,50890.00000945015,301.8142765020939,590
25450000,50900.00000945219,303.0142535399388,590
25455000,50910.00000945423,299.57226234957386,590
25460000,50920.000009456264,299.09822187027805,590
25465000,50930.0000094583,301.18326722268864,590
25470000,50940.00000946034,300.46666668810553,590
25475000,50950.000009462376,301.68198305610736,590
25480000,50960.00000946441,301.9998934324821,590
25485000,50970.00000946645,301.6799525260722,590
25490000,50980.00000946849,300.01866996360855,590
25495000,50990.000009470525,300.5872625154112,590
25500000,51000.00000947256,299.18443111285785,590
25505000,51010.0000094746,299.1845856097084,590
25510000,51020.00000947664,299.3276276222941,590
25515000,51030.000009478674,301.88097499955325,590
25520000,51040.00000948071,297.91702723525844,590
25525000,51050.00000948275,301.68851606578573,590
25530000,51060.000009484786,297.87001605074863,590
25535000,51070.00000948682,302.0282325690598,590
25540000,51080.00000948886,297.369313829252,590
25545000,51090.0000094909,299.19902002974095,590
25550000,51100.000009492935,301.20520577545983,590
25555000,51110.00000949497,300.4991993106254,590
25560000,51120.00000949701,301.4239291738126,590
25565000,51130.00000949905,298.20984290891596,590
25570000,51140.000009501084,297.3285928736556,590
25575000,51150.00000950312,297.36481134960883,590
25580000,51160.00000950516,300.55854817219665,590
25585000,51170.000009507196,301.8615083963901,590
25590000,51180.00000950923,300.1028045341959,590
25595000,51190.00000951127,299.2380415199819,590
25600000,51200.00000951331,302.62039692605333,590
25605000,51210.000009515345,298.64572266613794,590
25610000,51220.00000951738,301.8636272103398,590
25615000,51230.00000951942,300.9889322557364,590
25620000,51240.00000952146,302.9407351100788,590
25625000,51250.000009523494,299.8976547877086,590
25630000,51260.00000952553,302.8714984500755,590
25635000,51270.00000952757,302.4102149964354,590
25640000,51280.000009529605,300.0121369539302,590
25645000,51290.00000953164,299.27430413789244,590
25650000,51300.00000953368,298.0825154331241,590
25655000,51310.00000953572,300.52722945350206,590
25660000,51320.000009537755,298.6095704031206,590
25665000,51330.00000953979,299.7578792799621,590
25670000,51340.00000954183,302.24104094513626,590
25675000,51350.000009543866,301.2336552669307,590
25680000,51360.0000095459,300.064092037656,590
25685000,51370.00000954794,299.2608849828774,590
25690000,51380.00000954998,301.63682583380364,590
25695000,51390.000009552015,299.5792367788251,590
25700000,51400.00000955405,299.91899742405644,590
25705000,51410.00000955609,300.62738755458435,590
25710000,51420.00000955813,298.6171186778165,590
25715000,51430.000009560164,299.37971513189177,590
25720000,51440.0000095622,298.9584242915529,590
25725000,51450.00000956424,299.26267273214756,590
25730000,51460.000009566276,300.1549803277081,590
25735000,51470.00000956831,301.0392099450853,590
25740000,51480.00000957035,298.01559622587837,590
25745000,51490.00000957239,298.66006880225586,590
25750000,51500.000009574425,302.041828291904,590
25755000,51510.00000957646,299.47104484151674,590
25760000,51520.0000095785,301.06008909088166,590
25765000,51530.00000958054,302.4209856340132,590
25770000,51540.000009582574,299.33513175503276,590
25775000,51550.00000958461,298.19351038472007,590
25780000,51560.00000958665,299.8626722865593,590
25785000,51570.000009588686,300.2117027428208,590
25790000,51580.00000959072,300.7413400173185,590
25795000,51590.00000959276,299.80021141699945,590
25800000,51600.0000095948,297.8411030687262,590
25805000,51610.000009596835,301.4490018055512,590
25810000,51620.00000959887,299.1932595043151,590
25815000,51630.00000960091,300.99528869758564,590
25820000,51640.00000960295,299.1648541548015,590
25825000,51650.000009604984,298.84970265075714,590
25830000,51660.00000960702,299.98871964558987,590
25835000,51670.00000960906,298.78468154767467,590
25840000,51680.000009611096,300.9708781952064,590
25845000,51690.00000961313,302.1907411848087,590
25850000,51700.00000961517,299.28350773598663,590
25855000,51710.00000961721,299.37953856406256,590
25860000,51720.000009619245,301.8086484025399,590
25865000,51730.00000962128,300.80558863614846,590
25870000,51740.00000962332,297.8923960230928,590
25875000,51750.00000962536,299.7032756787991,590
25880000,51760.000009627394,299.25075440368033,590
25885000,51770.00000962943,301.4004897944937,590
25890000,51780.00000963147,300.5988718501775,590
25895000,51790.000009633506,298.9839162718856,590
25900000,51800.00000963554,300.96480867607954,590
25905000,51810.00000963758,299.9522583888716,590
25910000,51820.00000963962,299.83157427765127,590
25915000,51830.000009641655,300.6119599405128,590
25920000,51840.00000964369,303.8098240361068,590
25925000,51850.00000964573,302.4047634647105,590
25930000,51860.00000964777,298.51342922015135,590
25935000,51870.000009649804,299.64158729349174,590
25940000,51880.00000965184,301.0313526766884,590
25945000,51890.00000965388,300.71907039986763,590
25950000,51900.000009655916,299.5743590925449,590
25955000,51910.00000965795,301.2294838519672,590
25960000,51920.00000965999,300.4354141823469,590
25965000,51930.00000966203,301.3175470567531,590
25970000,51940.000009664065,300.8440362809447,590
25975000,51950.0000096661,300.543186771061,590
25980000,51960.00000966814,301.26784321284885,590
25985000,51970.00000967018,297.307294379265,590
25990000,51980.000009672214,301.13356337878446,590
25995000,51990.00000967425,302.6463523969376,590
26000000,52000.00000967629,298.8460388683024,590
26005000,52010.000009678326,301.8893840424163,590
26010000,52020.00000968036,300.25452044138837,590
26015000,52030.0000096824,296.5936513558201,590
26020000,52040.00000968444,301.21915463396226,590
26025000,52050.000009686475,301.5023473609315,590
26030000,52060.00000968851,303.4258110786961,590
26035000,52070.00000969055,302.2415044356878,590
26040000,52080.00000969259,300.2888187421997,590
26045000,52090.000009694624,300.7634109959615,590
26050000,52100.00000969666,303.86648023828354,590
26055000,52110.0000096987,300.6173673302804,590
26060000,52120.000009700736,300.49003985448854,590
26065000,52130.00000970277,302.125609726833,590
26070000,52140.00000970481,301.4058089003467,590
26075000,52150.00000970685,298.99839483387547,590
26080000,52160.000009708885,300.6348475453657,590
26085000,52170.00000971092,299.3316886823644,590
26090000,52180.00000971296,298.9447402847942,590
26095000,52190.000009715,299.584931091315,590
26100000,52200.000009717034,303.0352430406284,590
26105000,52210.00000971907,297.8572148831357,590
26110000,52220.00000972111,299.7277965360716,590
26115000,52230.000009723146,298.13681004058606,590
26120000,52240.00000972518,297.8913366161179,590
26125000,52250.00000972722,298.7909717765879,590
26130000,52260.00000972926,298.14956706624173,590
26135000,52270.000009731295,300.75080846715633,590
26140000,52280.00000973333,301.25234938584146,590
26145000,52290.00000973537,297.7703214402179,590
26150000,52300.00000973741,299.3830699206455,590
26155000,52310.000009739444,301.748107708122,590
26160000,52320.00000974148,301.0820497146315,590
26165000,52330.00000974352,298.78958130493345,590
26170000,52340.000009745556,300.60412474309453,590
26175000,52350.00000974759,300.6075898867415,590
26180000,52360.00000974963,300.2635254006747,590
26185000,52370.00000975167,302.0659518715608,590
26190000,52380.000009753705,302.21267973757995,590
26195000,52390.00000975574,298.58518197172,590
26200000,52400.00000975778,299.3311369078984,590
26205000,52410.00000975982,302.170502097393,590
26210000,52420.000009761854,299.3774638920701,590
26215000,52430.00000976389,301.5857094472663,590
26220000,52440.00000976593,300.4855153038667,590
26225000,52450.000009767966,301.58789447415194,590
26230000,52460.00000977,300.3298266205185,590
26235000,52470.00000977204,301.6547033265045,590
26240000,52480.00000977408,299.7388099544144,590
26245000,52490.000009776115,301.676686021233,590
26250000,52500.00000977815,299.49000381217115,590
26255000,52510.00000978019,300.5175182228991,590
26260000,52520.00000978223,299.48547926154936,590
26265000,52530.000009784264,302.4549970121022,590
26270000,52540.0000097863,301.78328884807905,590
26275000,52550.00000978834,297.9016216921656,590
26280000,52560.000009790376,301.3780215382351,590
26285000,52570.00000979241,301.50936593213993,590
26290000,52580.00000979445,299.5288928765402,590
26295000,52590.00000979649,300.5761828841324,590
26300000,52600.000009798525,300.2844045464711,590
26305000,52610.00000980056,299.36024852872856,590
26310000,52620.0000098026,301.17037777116104,590
26315000,52630.00000980464,299.7486977528465,590
26320000,52640.000009806674,298.80044022642585,590
26325000,52650.00000980871,299.9669797316265,590
26330000,52660.00000981075,300.15974765909505,590
26335000,52670.000009812786,301.2222887129295,590
26340000,52680.00000981482,301.92346163344115,590
26345000,52690.00000981686,298.54432859025167,590
26350000,52700.0000098189,302.1243516810503,590
26355000,52710.000009820935,300.99617153673137,590
26360000,52720.00000982297,299.8865972274084,590
26365000,52730.00000982501,304.2987182840294,590
26370000,52740.00000982705,299.42182655914274,590
26375000,52750.000009829084,301.4525110911554,590
26380000,52760.00000983112,301.6535556356151,590
26385000,52770.00000983316,302.67504466917353,590
26390000,52780.000009835196,298.4693755467798,590
26395000,52790.00000983723,298.77391091009684,590
26400000,52800.00000983927,300.0814398268694,590
26405000,52810.00000984131,299.8134540041853,590
26410000,52820.000009843345,299.01523499058015,590
26415000,52830.00000984538,299.2562942193197,590
26420000,52840.00000984742,302.8225670904238,590
26425000,52850.00000984946,299.977397233546,590
26430000,52860.000009851494,301.5477032220429,590
26435000,52870.00000985353,299.39565037847206,590
26440000,52880.00000985557,299.80003484917034,590
26445000,52890.000009857606,299.9419291708666,590
26450000,52900.00000985964,302.2317932050848,590
26455000,52910.00000986168,300.1855486331288,590
26460000,52920.00000986372,301.2778634371528,590
26465000,52930.000009865755,299.1840117642637,590
26470000,52940.00000986779,303.2942018330475,590
26475000,52950.00000986983,303.10960016767683,590
26480000,52960.00000987187,299.50476929688335,590
26485000,52970.000009873904,299.71281034157295,590
26490000,52980.00000987594,300.6424399620189,590
26495000,52990.00000987798,302.1899687005562,590
26500000,53000.000009880016,298.70072354491646,590
26505000,53010.00000988205,299.7686719885185,590
26510000,53020.00000988409,301.67622253068157,590
26515000,53030.00000988613,298.73257196709835,590
26520000,53040.000009888165,302.5410517578315,590
26525000,53050.0000098902,299.18712377225233,590
26530000,53060.00000989224,299.2327224141289,590
26535000,53070.00000989428,300.84412456485927,590
26540000,53080.000009896314,300.59681924916373,590
26545000,53090.00000989835,300.63226524086446,590
26550000,53100.00000990039,299.8342007241098,590
26555000,53110.000009902426,299.48170512420137,590
26560000,53120.00000990446,300.89025291022324,590
26565000,53130.0000099065,300.95666448496024,590
26570000,53140.00000990854,299.54668208532655,590
26575000,53150.000009910575,299.8264538106061,590
26580000,53160.00000991261,300.7923901909199,590
26585000,53170.00000991465,297.4349749907152,590
26590000,53180.00000991669,301.1912127750001,590
26595000,53190.000009918724,300.4777463193843,590
26600000,53200.00000992076,300.48825210521846,590
26605000,53210.0000099228,298.86215068271184,590
26610000,53220.000009924835,300.92053429292156,590
26615000,53230.00000992687,299.3055566436511,590
26620000,53240.00000992891,301.9270371319813,590
26625000,53250.00000993095,300.41281350021643,590
26630000,53260.000009932985,302.9816326335044,590
26635000,53270.00000993502,300.6712205181695,590
26640000,53280.00000993706,300.98877775888593,590
26645000,53290.000009939096,300.32104237101856,590
26650000,53300.00000994113,298.46425507973464,590
26655000,53310.00000994317,300.5411562410258,590
26660000,53320.00000994521,300.045353776788,590
26665000,53330.000009947245,302.0272173040422,590
26670000,53340.00000994928,300.45481457257415,590
26675000,53350.00000995132,302.26946836562854,590
26680000,53360.00000995336,301.29463738092153,590
26685000,53370.000009955394,299.4510485348662,590
26690000,53380.00000995743,298.189250685842,590
26695000,53390.00000995947,299.5121630747288,590
26700000,53400.000009961506,299.37823637632266,590
26705000,53410.00000996354,301.36972285026525,590
26710000,53420.00000996558,301.8359943450787,590
26715000,53430.00000996762,300.7941558692113,590
26720000,53440.000009969655,299.4102172243764,590
26725000,53450.00000997169,301.69941912923537,590
26730000,53460.00000997373,300.8506134325803,590
26735000,53470.00000997577,300.8512093490037,590
26740000,53480.000009977804,299.4886133405166,590
26745000,53490.00000997984,299.2788286885143,590
26750000,53500.00000998188,300.9104699266603,590
26755000,53510.000009983916,302.1492477449597,590
26760000,53520.00000998595,299.7912505996704,590
26765000,53530.00000998799,301.60740521927244,590
26770000,53540.00000999003,299.84196970859216,590
26775000,53550.000009992065,299.97975882826086,590
26780000,53560.0000099941,301.50009612110983,590
26785000,53570.00000999614,302.8848955341118,590
26790000,53580.00000999818,300.51334680793565,590
26795000,53590.000010000214,301.5290973870469,590
26800000,53600.00001000225,300.8085461472866,590
26805000,53610.00001000429,298.7132157188284,590
26810000,53620.000010006326,302.52182793543335,590
26815000,53630.00001000836,300.6555942652902,590
26820000,53640.0000100104,302.7573252775549,590
26825000,53650.00001001244,299.8669540564161,590
26830000,53660.000010014475,300.1394423587434,590
26835000,53670.00001001651,299.5928325016692,590
26840000,53680.00001001855,299.15836528708047,590
26845000,53690.00001002059,298.2934698469946,590
26850000,53700.000010022624,299.7068732483179,590
26855000,53710.00001002466,300.8767234003151,590
26860000,53720.0000100267,298.97171102069603,590
26865000,53730.000010028736,300.68967185631504,590
26870000,53740.00001003077,300.4502017380378,590
26875000,53750.00001003281,303.39901691062346,590
26880000,53760.00001003485,300.2337295795066,590
26885000,53770.000010036885,301.24661093139423,590
26890000,53780.00001003892,300.1823483412255,590
26895000,53790.00001004096,298.92002078871394,590
26900000,53800.000010043,301.5758216488342,590
26905000,53810.000010045034,300.46293669271483,590
26910000,53820.00001004707,302.4236120804717,590
26915000,53830.00001004911,298.3594400021587,590
26920000,53840.000010051146,297.6399923113307,590
26925000,53850.00001005318,298.9021212250344,590
26930000,53860.00001005522,301.0276888942336,590
26935000,53870.00001005726,299.4919681292704,590
26940000,53880.000010059295,299.73574208838306,590
26945000,53890.00001006133,299.3469176576282,590
26950000,53900.00001006337,300.04700910018624,590
26955000,53910.00001006541,298.4551839075123,590
26960000,53920.000010067444,302.504656714049,590
26965000,53930.00001006948,300.59041866535716,590
26970000,53940.00001007152,297.95944765621033,590
26975000,53950.000010073556,298.6674405091227,590
26980000,53960.00001007559,303.2991678032422,590
26985000,53970.00001007763,300.8287190217664,590
26990000,53980.00001007967,301.64671363223573,590
26995000,53990.000010081705,300.83602451569726,590
27000000,54000.00001008374,299.2527187207795,590
27005000,54010.00001008578,301.5122130883849,590
27010000,54020.00001008782,302.0740077787655,590
27015000,54030.000010089854,299.8048683934931,590
27020000,54040.00001009189,297.637189297043,590
27025000,54050.00001009393,300.5335858953513,590
27030000,54060.000010095966,298.79077313778015,590
27035000,54070.000010098,297.74173952287515,590
27040000,54080.00001010004,301.30293606889137,590
27045000,54090.00001010208,300.7207477942445,590
27050000,54100.000010104115,299.99858537304334,590
27055000,54110.00001010615,301.7938387758704,590
27060000,54120.00001010819,300.42248058886213,590
27065000,54130.00001011023,300.8362452254837,590
27070000,54140.000010112264,300.3576801955661,590
27075000,54150.0000101143,299.9214252317072,590
27080000,54160.00001011634,301.4094064698655,590
27085000,54170.000010118376,299.66429833051546,590
27090000,54180.00001012041,299.2915636431913,590
27095000,54190.00001012245,300.27049982992594,590
27100000,54200.00001012449,302.68153353689456,590
27105000,54210.000010126525,302.22779835795046,590
27110000,54220.00001012856,298.90377654843263,590
27115000,54230.0000101306,300.80172621488595,590
27120000,54240.00001013264,303.71076948395677,590
27125000,54250.000010134674,300.1616899052156,590
27130000,54260.00001013671,299.9824956296126,590
27135000,54270.00001013875,301.9023838488371,590
27140000,54280.000010140786,300.41769118649654,590
27145000,54290.00001014282,301.02029511638824,590
27150000,54300.00001014486,300.5618588189931,590
27155000,54310.0000101469,301.0639073701869,590
27160000,54320.000010148935,304.51015825943,590
27165000,54330.00001015097,300.9558037167931,590
27170000,54340.00001015301,301.30479003109735,590
27175000,54350.00001015505,300.86235519321843,590
27180000,54360.000010157084,299.26086291189887,590
27185000,54370.00001015912,299.31069918167486,590
27190000,54380.00001016116,300.75976928448546,590
27195000,54390.000010163196,299.0233129687635,590
27200000,54400.00001016523,299.6003807763651,590
27205000,54410.00001016727,299.41529354946437,590
27210000,54420.00001016931,305.1348110969861,590
27215000,54430.000010171345,300.8934752731052,590
27220000,54440.00001017338,300.2044193198686,590
27225000,54450.00001017542,299.9494112326266,590
27230000,54460.00001017746,298.2504755805979,590
27235000,54470.000010179494,302.5967147659693,590
27240000,54480.00001018153,299.81581559890014,590
27245000,54490.00001018357,301.60879569092697,590
27250000,54500.000010185606,298.59690166137943,590
27255000,54510.00001018764,302.1983556724406,590
27260000,54520.00001018968,299.4250489220246,590
27265000,54530.00001019172,296.52024328085326,590
27270000,54540.000010193755,301.19805477837946,590
27275000,54550.00001019579,299.92866451270214,590
27280000,54560.00001019783,301.2764950364769,590
27285000,54570.00001019987,301.5578779431974,590
27290000,54580.000010201904,299.45318941979457,590
27295000,54590.00001020394,299.72311748859926,590
27300000,54600.00001020598,300.08898810156535,590
27305000,54610.000010208016,301.9049661533383,590
27310000,54620.00001021005,297.45987105462456,590
27315000,54630.00001021209,300.4854270199521,590
27320000,54640.00001021413,300.78912368608076,590
27325000,54650.000010216165,299.43882121269786,590
27330000,54660.0000102182,301.4555789571868,590
27335000,54670.00001022024,298.0422358971005,590
27340000,54680.00001022228,298.5295851765181,590
27345000,54690.000010224314,300.7793021005846,590
27350000,54700.00001022635,299.1402891555718,590
27355000,54710.00001022839,300.9164732328512,590
27360000,54720.000010230426,301.29931642839387,590
27365000,54730.00001023246,300.29755884974236,590
27370000,54740.0000102345,301.8161746062572,590
27375000,54750.00001023654,298.90741825990875,590
27380000,54760.000010238575,301.73117926750274,590
27385000,54770.00001024061,299.38916151075097,590
27390000,54780.00001024265,300.3540605550686,590
27395000,54790.00001024469,298.5694232929688,590
27400000,54800.000010246724,300.57733057502185,590
27405000,54810.00001024876,296.5031603433835,590
27410000,54820.0000102508,298.37014442680055,590
27415000,54830.000010252836,299.007510148055,590
27420000,54840.00001025487,301.06768150753487,590
27425000,54850.00001025691,302.3335404166294,590
27430000,54860.00001025895,299.93504302553,590
27435000,54870.000010260985,300.7494400664805,590
27440000,54880.00001026302,299.82301073793775,590
27445000,54890.00001026506,298.92006493067123,590
27450000,54900.0000102671,302.0632150702091,590
27455000,54910.000010269134,301.15342725956316,590
27460000,54920.00001027117,299.7437979955878,590
27465000,54930.00001027321,301.89028895254063,590
27470000,54940.000010275246,298.02815461272627,590
27475000,54950.00001027728,300.4521439841584,590
27480000,54960.00001027932,299.5620214154835,590
27485000,54970.00001028136,300.0920780385754,590
27490000,54980.000010283395,301.521482899415,590
27495000,54990.00001028543,301.2617074807861,590
27500000,55000.00001028747,299.74741763608523,590
27505000,55010.00001028951,296.92144953062694,590
27510000,55020.000010291544,299.47899039382827,590
27515000,55030.00001029358,300.35812161513894,590
27520000,55040.00001029562,300.3635952178424,590
27525000,55050.000010297656,299.7524939611732,590
27530000,55060.00001029969,300.8777607363113,590
27535000,55070.00001030173,301.6252606409947,590
27540000,55080.00001030377,300.16742835966284,590
27545000,55090.000010305805,299.92592771135037,590
27550000,55100.00001030784,300.39467115577185,590
27555000,55110.00001030988,297.51429808795837,590
27560000,55120.00001031192,297.1915100253035,590
27565000,55130.000010313954,299.4632317150771,590
27570000,55140.00001031599,301.63415524538783,590
27575000,55150.00001031803,299.15657753781034,590
27580000,55160.000010320065,301.95235254448494,590
27585000,55170.0000103221,299.8026833666075,590
27590000,55180.00001032414,303.854517767859,590
27595000,55190.00001032618,302.5936910418952,590
27600000,55200.000010328215,299.92453723969584,590
27605000,55210.00001033025,298.6205617504848,590
27610000,55220.00001033229,298.61266034013056,590
27615000,55230.000010334326,299.3041441010179,590
27620000,55240.00001033636,299.8330088912631,590
27625000,55250.0000103384,300.17585947350443,590
27630000,55260.00001034044,300.55225794328334,590
27635000,55270.000010342475,299.6898565237841,590
27640000,55280.00001034451,301.96819950715064,590
27645000,55290.00001034655,299.08069751323546,590
27650000,55300.00001034859,299.78718953960004,590
27655000,55310.000010350625,301.5310837751247,590
27660000,55320.00001035266,301.385878806632,590
27665000,55330.0000103547,301.6556082366289,590
27670000,55340.000010356736,299.53911173965196,590
27675000,55350.00001035877,301.3064894964529,590
27680000,55360.00001036081,298.96784859943347,590
27685000,55370.00001036285,298.34648433769524,590
27690000,55380.000010364885,300.14242194086023,590
27695000,55390.00001036692,298.98027456040955,590
27700000,55400.00001036896,300.5110734971353,590
27705000,55410.000010371,300.8239075484222,590
27710000,55420.000010373034,298.1837770831385,590
27715000,55430.00001037507,297.4657640059222,590
27720000,55440.00001037711,298.6754302033915,590
27725000,55450.000010379146,301.9814420943365,590
27730000,55460.00001038118,303.1574941913323,590
27735000,55470.00001038322,299.9011640733128,590
27740000,55480.00001038526,300.25301961484064,590
27745000,55490.000010387295,301.57041425906664,590
27750000,55500.00001038933,303.7107032710208,590
27755000,55510.00001039137,299.5230440671998,590
27760000,55520.00001039341,300.79197084232567,590
27765000,55530.000010395444,300.69872095755875,590
27770000,55540.00001039748,300.5981214369036,590
27775000,55550.00001039952,300.21982486296145,590
27780000,55560.000010401556,298.4687575593778,590
27785000,55570.00001040359,301.76216692151763,590
27790000,55580.00001040563,301.83550878354856,590
27795000,55590.00001040767,298.93849419783817,590
27800000,55600.000010409705,300.854343427971,590
27805000,55610.00001041174,300.76422762217135,590
27810000,55620.00001041378,300.36295515946176,590
27815000,55630.00001041582,299.90420986836557,590
27820000,55640.000010417854,294.8739248419096,590
27825000,55650.00001041989,300.68638328049724,590
27830000,55660.00001042193,301.4872066695823,590
27835000,55670.000010423966,301.2658788957496,590
27840000,55680.000010426,300.3805678004189,590
27845000,55690.00001042804,299.7059683381936,590
27850000,55700.00001043008,300.7719524646964,590
27855000,55710.000010432115,298.8030004599484,590
27860000,55720.00001043415,300.4845441808064,590
27865000,55730.00001043619,300.0019622327758,590
27870000,55740.00001043823,297.57600854424436,590
27875000,55750.000010440264,300.22949195160714,590
27880000,55760.0000104423,299.68076328058316,590
27885000,55770.00001044434,300.28464732723614,590
27890000,55780.000010446376,301.4172416672838,590
27895000,55790.00001044841,299.93318906332394,590
27900000,55800.00001045045,300.44331559270114,590
27905000,55810.00001045249,298.9067782015281,590
27910000,55820.000010454525,300.5558334418235,590
27915000,55830.00001045656,298.75868193483313,590
27920000,55840.0000104586,300.87634819367815,590
27925000,55850.00001046064,299.63437008347546,590
27930000,55860.000010462674,299.1567541056395,590
27935000,55870.00001046471,298.4885772981993,590
27940000,55880.00001046675,300.4604206011495,590
27945000,55890.000010468786,297.6978624173328,590
27950000,55900.00001047082,298.20275812477155,590
27955000,55910.00001047286,301.00718495507425,590
27960000,55920.0000104749,299.3033716167654,590
27965000,55930.000010476935,302.41531339250196,590
27970000,55940.00001047897,298.7659212158281,590
27975000,55950.00001048101,299.5202631238908,590
27980000,55960.00001048305,298.2428390219873,590
27985000,55970.000010485084,299.7943626076591,590
27990000,55980.00001048712,299.48896647617494,590
27995000,55990.00001048916,297.4867535066118,590
28000000,56000.000010491196,300.3600638612595,590
28005000,56010.00001049323,299.5572761550752,590
28010000,56020.00001049527,300.78969753152546,590
28015000,56030.00001049731,299.6614291032919,590
28020000,56040.000010499345,298.957673878279,590
28025000,56050.00001050138,300.8132031237803,590
28030000,56060.00001050342,300.5218882766705,590
28035000,56070.00001050546,300.67572299781267,590
28040000,56080.000010507494,301.8041679938754,590
28045000,56090.00001050953,301.47473656664897,590
28050000,56100.00001051157,300.63120583388957,590
28055000,56110.000010513606,299.58047275362907,590
28060000,56120.00001051564,301.1287960473975,590
28065000,56130.00001051768,298.48992362789653,590
28070000,56140.00001051972,297.6232845804978,590
28075000,56150.000010521755,301.0132986161584,590
28080000,56160.00001052379,300.00110146460867,590
28085000,56170.00001052583,302.04315255062255,590
28090000,56180.00001052787,302.0984403521234,590
28095000,56190.000010529904,298.82979462802103,590
28100000,56200.00001053194,301.3916614030365,590
28105000,56210.00001053398,299.3747712326757,590
28110000,56220.000010536016,301.11206624558605,590
28115000,56230.00001053805,301.5825974392776,590
28120000,56240.00001054009,299.55041208071725,590
28125000,56250.00001054213,300.1034445925765,590
28130000,56260.000010544165,298.3645163272466,590
28135000,56270.0000105462,301.97504151053,590
28140000,56280.00001054824,301.5569288911157,590
28145000,56290.00001055028,301.49345275653826,590
28150000,56300.000010552314,298.95994718907923,590
28155000,56310.00001055435,301.38400277344726,590
28160000,56320.00001055639,301.09997134928966,590
28165000,56330.000010558426,300.09216632248996,590
28170000,56340.00001056046,300.14994814457754,590
28175000,56350.0000105625,298.8003078005539,590
28180000,56360.00001056454,302.96051070694296,590
28185000,56370.000010566575,300.3675017810622,590
28190000,56380.00001056861,301.6027703137574,590
28195000,56390.00001057065,299.3120675823507,590
28200000,56400.00001057269,304.1669545415303,590
28205000,56410.000010574724,302.0625970828071,590
28210000,56420.00001057676,300.35383984528215,590
28215000,56430.0000105788,300.6866702032196,590
28220000,56440.000010580836,301.9837374761154,590
28225000,56450.00001058287,297.4608642486635,590
28230000,56460.00001058491,299.15885084861054,590
28235000,56470.00001058695,299.83393587236606,590
28240000,56480.000010588985,298.8110342961745,590
28245000,56490.00001059102,298.4825298500511,590
28250000,56500.00001059306,301.0122392091835,590
28255000,56510.0000105951,300.95266963782586,590
28260000,56520.000010597134,300.47434738867327,590
28265000,56530.00001059917,298.5377293676374,590
28270000,56540.00001060121,299.7824222082132,590
28275000,56550.000010603246,300.13039325749975,590
28280000,56560.00001060528,299.65460917089115,590
28285000,56570.00001060732,299.9579527013614,590
28290000,56580.00001060936,297.96342043236615,590
28295000,56590.000010611395,302.5640276465989,590
28300000,56600.00001061343,298.0260137277979,590
28305000,56610.00001061547,300.21706599063106,590
28310000,56620.00001061751,299.8453465683245,590
28315000,56630.000010619544,299.2198108916227,590
28320000,56640.00001062158,299.16355196706155,590
28325000,56650.00001062362,298.71714435302687,590
28330000,56660.000010625656,300.43391335579923,590
28335000,56670.00001062769,298.82242292115427,590
28340000,56680.00001062973,299.2151318441504,590
28345000,56690.00001063177,299.1644789481646,590
28350000,56700.000010633805,298.63702670055255,590
28355000,56710.00001063584,302.2292329715622,590
28360000,56720.00001063788,303.1885922002404,590
28365000,56730.00001063992,300.80989247698386,590
28370000,56740.000010641954,302.30972583067353,590
28375000,56750.00001064399,298.1096185948978,590
28380000,56760.00001064603,300.29755884974236,590
28385000,56770.000010648066,299.51893886517223,590
28390000,56780.0000106501,299.61538904184243,590
28395000,56790.00001065214,300.07161824137324,590
28400000,56800.00001065418,304.53666550478033,590
28405000,56810.000010656215,299.13424170742354,590
28410000,56820.00001065825,296.44573165695425,590
28415000,56830.00001066029,298.6571995750323,590
28420000,56840.00001066233,301.3601219745555,590
28425000,56850.000010664364,298.98206230967963,590
28430000,56860.0000106664,300.8042202354726,590
28435000,56870.00001066844,302.12843481209933,590
28440000,56880.000010670476,303.4607052959308,590
28445000,56890.00001067251,299.498545280906,590
28450000,56900.00001067455,301.7971494226669,590
28455000,56910.00001067659,300.6915699604784,590
28460000,56920.000010678625,299.39785747633636,590
28465000,56930.00001068066,298.493477055458,590
28470000,56940.0000106827,299.9400310667033,590
28475000,56950.00001068474,300.5982317917968,590
28480000,56960.000010686774,301.46780627935505,590
28485000,56970.00001068881,300.41124646073274,590
28490000,56980.00001069085,303.03235174242616,590
28495000,56990.000010692886,302.14295751604647,590
28500000,57000.00001069492,301.3662356356396,590
28505000,57010.00001069696,300.15648115425586,590
28510000,57020.000010699,301.3018325199592,590
28515000,57030.000010701035,299.1132742777126,590
28520000,57040.00001070307,298.6544186317233,590
28525000,57050.00001070511,297.792701412562,590
28530000,57060.00001070715,300.44808292408806,590
28535000,57070.000010709184,299.886994505024,590
28540000,57080.00001071122,301.8417769414832,590
28545000,57090.00001071326,299.5959665806365,590
28550000,57100.000010715296,300.77402713668886,590
28555000,57110.00001071733,300.4969480708038,590
28560000,57120.00001071937,301.3891011695138,590
28565000,57130.00001072141,296.93124904514445,590
28570000,57140.000010723445,297.36267046468043,590
28575000,57150.00001072548,300.96714819981565,590
28580000,57160.00001072752,298.5878967020931,590
28585000,57170.00001072956,301.7111388188948,590
28590000,57180.000010731594,302.8795102153229,590
28595000,57190.00001073363,301.8087146154759,590
28600000,57200.00001073567,301.1465852561838,590
28605000,57210.000010737705,299.2852954852567,590
28610000,57220.00001073974,300.26076652834433,590
28615000,57230.00001074178,299.7000091739599,590
28620000,57240.00001074382,299.2624740933398,590
28625000,57250.000010745855,301.3660590678105,590
28630000,57260.00001074789,301.1774846262841,590
28635000,57270.00001074993,300.45624918618597,590
28640000,57280.000010751966,300.9755351717001,590
28645000,57290.000010754,298.6831109039593,590
28650000,57300.00001075604,298.4495999499156,590
28655000,57310.00001075808,299.77482979155997,590
28660000,57320.000010760115,298.463548808418,590
28665000,57330.00001076215,302.18219971607385,590
28670000,57340.00001076419,301.7590990554863,590
28675000,57350.00001076623,302.33334177782154,590
28680000,57360.000010768264,301.91809838563086,590
28685000,57370.0000107703,296.06573561765657,590
28690000,57380.00001077234,300.2281456219099,590
28695000,57390.000010774376,302.14247195451634,590
28700000,57400.00001077641,299.0260939120725,590
28705000,57410.00001077845,299.44369889897797,590
28710000,57420.00001078049,303.56106203582084,590
28715000,57430.000010782525,298.6636443007961,590
28720000,57440.00001078456,299.95695950732255,590
28725000,57450.0000107866,297.9807240796223,590
28730000,57460.00001078864,299.3050710821209,590
28735000,57470.000010790674,298.8662779557181,590
28740000,57480.00001079271,300.4992434525827,590
28745000,57490.00001079475,298.81588991147595,590
28750000,57500.000010796786,302.83638352305434,590
28755000,57510.00001079882,298.9762797132751,590
28760000,57520.00001080086,301.6523638027684,590
28765000,57530.0000108029,299.29873671125034,590
28770000,57540.000010804935,303.1932491767341,590
28775000,57550.00001080697,299.50684396887584,590
28780000,57560.00001080901,299.85296105595637,590
28785000,57570.00001081105,303.02853346312094,590
28790000,57580.000010813084,299.4429705566828,590
28795000,57590.00001081512,300.1421350181379,590
28800000,57600.00001081716,299.9811934418726,590
28805000,57610.000010819196,297.6968030103579,590
28810000,57620.00001082123,300.00198430375434,590
28815000,57630.00001082327,301.5172232005369,590
28820000,57640.00001082531,301.6463163546202,590
28825000,57650.000010827345,301.38387034757545,590
28830000,57660.00001082938,297.81563315937217,590
28835000,57670.00001083142,301.2642677143087,590
28840000,57680.00001083346,300.35993143538764,590
28845000,57690.000010835494,300.37251189321415,590
28850000,57700.00001083753,300.02886675574166,590
28855000,57710.00001083957,301.49989748230206,590
28860000,57720.000010841606,302.3626299664809,590
28865000,57730.00001084364,298.90417382604824,590
28870000,57740.00001084568,298.6642181462408,590
28875000,57750.00001084772,299.1579900804435,590
28880000,57760.000010849755,301.3763662148368,590
28885000,57770.00001085179,301.19143348478656,590
28890000,57780.00001085383,300.0025140072418,590
28895000,57790.00001085587,300.2369740133671,590
28900000,57800.000010857904,301.348093291195,590
28905000,57810.00001085994,301.3660590678105,590
28910000,57820.00001086198,298.3888164747326,590
28915000,57830.000010864016,300.7536335524227,590
28920000,57840.00001086605,302.5431264298239,590
28925000,57850.00001086809,301.9422440362664,590
28930000,57860.00001087013,300.24366151989597,590
28935000,57870.000010872165,299.76580276129494,590
28940000,57880.0000108742,300.3258538443627,590
28945000,57890.00001087624,300.29151140159416,590
28950000,57900.00001087828,301.1141629885572,590
28955000,57910.000010880314,297.60445803571525,590
28960000,57920.00001088235,303.2243030436849,590
28965000,57930.00001088439,299.2702210068435,590
28970000,57940.000010886426,299.54736628566445,590
28975000,57950.00001088846,299.29547020641115,590
28980000,57960.0000108905,302.18272941956127,590
28985000,57970.00001089254,298.72809155843385,590
28990000,57980.000010894575,298.78335728895604,590
28995000,57990.00001089661,300.71072756994056,590
29000000,58000.00001089865,298.94346016803286,590
29005000,58010.00001090069,297.7892362689151,590
29010000,58020.000010902724,299.37018046911794,590
29015000,58030.00001090476,301.19390543439454,590
29020000,58040.0000109068,303.4472861409158,590
29025000,58050.000010908836,299.7203806872475,590
29030000,58060.00001091087,298.3764125847352,590
29035000,58070.00001091291,302.5978845278374,590
29040000,58080.00001091495,298.4220553685691,590
29045000,58090.000010916985,299.52803210837317,590
29050000,58100.00001091902,300.1597918010523,590
29055000,58110.00001092106,301.97618920141946,590
29060000,58120.0000109231,300.7525741454478,590
29065000,58130.000010925134,303.6078083685868,590
29070000,58140.00001092717,300.42808661743743,590
29075000,58150.00001092921,301.77088495808164,590
29080000,58160.000010931246,301.5628439133921,590
29085000,58170.00001093328,300.62116353860694,590
29090000,58180.00001093532,299.44155801404963,590
29095000,58190.00001093736,298.7337858709237,590
29100000,58200.000010939395,297.2491594215192,590
29105000,58210.00001094143,299.2695809484628,590
29110000,58220.00001094347,298.99625394894707,590
29115000,58230.00001094551,301.5306202845732,590
29120000,58240.000010947544,299.4293969048173,590
29125000,58250.00001094958,298.73202019263226,590
29130000,58260.00001095162,301.19531797702774,590
29135000,58270.000010953656,301.54028737321886,590
29140000,58280.00001095569,300.160740853134,590
29145000,58290.00001095773,299.4988984165643,590
29150000,58300.00001095977,302.43639117710603,590
29155000,58310.000010961805,297.8580094383668,590
29160000,58320.00001096384,300.8255408008418,590
29165000,58330.00001096588,299.7797074778401,590
29170000,58340.00001096792,301.619610470462,590
29175000,58350.000010969954,300.7460411357695,590
29180000,58360.00001097199,301.99051326655876,590
29185000,58370.00001097403,299.4314053638738,590
29190000,58380.000010976066,299.47799719978934,590
29195000,58390.0000109781,301.07141150292557,590
29200000,58400.00001098014,298.7574018180718,590
29205000,58410.00001098218,301.59859889879385,590
29210000,58420.000010984215,300.10421707682906,590
29215000,58430.00001098625,300.5454380108826,590
29220000,58440.00001098829,299.4849495580619,590
29225000,58450.00001099033,298.3089195320447,590
29230000,58460.000010992364,300.73480700764014,590
29235000,58470.0000109944,300.133902543104,590
29240000,58480.00001099644,300.6452209053279,590
29245000,58490.000010998476,300.3699516596916,590
29250000,58500.00001100051,300.71408235869427,590
29255000,58510.00001100255,298.4781597962797,590
29260000,58520.00001100459,296.77101374019577,590
29265000,58530.000011006625,301.1640213293119,590
29270000,58540.00001100866,301.0711907931391,590
29275000,58550.0000110107,300.47169887123613,590
29280000,58560.00001101274,298.56198537316607,590
29285000,58570.000011014774,300.24966482608687,590
29290000,58580.00001101681,299.11954243564725,590
29295000,58590.00001101885,301.0887151501817,590
29300000,58600.000011020886,300.4589418455804,590
29305000,58610.00001102292,298.50861774680715,590
29310000,58620.00001102496,301.10537873905724,590
29315000,58630.000011027,299.23382596306107,590
29320000,58640.000011029035,297.90184240195197,590
29325000,58650.00001103107,299.9633821621077,590
29330000,58660.00001103311,300.0270127935356,590
29335000,58670.00001103515,302.0006879877132,590
29340000,58680.000011037184,299.2877895058434,590
29345000,58690.00001103922,303.2492653205302,590
29350000,58700.00001104126,300.0902682183266,590
29355000,58710.000011043296,301.88075428976686,590
29360000,58720.00001104533,300.904179697747,590
29365000,58730.00001104737,298.88642875921914,590
29370000,58740.00001104941,302.03163149977087,590
29375000,58750.000011051445,296.821953558904,590
29380000,58760.00001105348,299.19612873153875,590
29385000,58770.00001105552,300.9994601125491,590
29390000,58780.00001105756,299.45338805860234,590
29395000,58790.000011059594,300.98818184246255,590
29400000,58800.00001106163,299.0631290142356,590
29405000,58810.00001106367,298.982349232402,590
29410000,58820.000011065706,301.5580545110265,590
29415000,58830.00001106774,301.0155719269586,590
29420000,58840.00001106978,304.28735173002826,590
29425000,58850.00001107182,300.3216162164633,590
29430000,58860.000011073855,296.7594926893441,590
29435000,58870.00001107589,300.374873487929,590
29440000,58880.00001107793,298.7631844144763,590
29445000,58890.00001107997,298.9758162227236,590
29450000,58900.000011082004,301.8242084424833,590
29455000,58910.00001108404,297.8671688945037,590
29460000,58920.00001108608,301.01945641919974,590
29465000,58930.000011088116,298.2795430594708,590
29470000,58940.00001109015,300.378581412341,590
29475000,58950.00001109219,300.0805569877237,590
29480000,58960.00001109423,299.0865904645332,590
29485000,58970.000011096265,299.294057663778,590
29490000,58980.0000110983,299.08440543764755,590
29495000,58990.00001110034,298.51640880226813,590
29500000,59000.00001110238,300.4163889987566,590
29505000,59010.000011104414,300.62932980070497,590
29510000,59020.00001110645,300.3124788313051,590
29515000,59030.00001110849,301.42112615952493,590
29520000,59040.000011110526,301.15384660815744,590
29525000,59050.00001111256,299.4020288912999,590
29530000,59060.0000111146,299.94201745478114,590
29535000,59070.00001111664,299.53509482153896,590
29540000,59080.000011118675,299.49218883905684,590
29545000,59090.00001112071,300.349337365639,590
29550000,59100.00001112275,300.3392729993777,590
29555000,59110.00001112479,300.12940006346076,590
29560000,59120.000011126824,299.0559559461766,590
29565000,59130.00001112886,302.21870511474947,590
29570000,59140.0000111309,299.8209802079026,590
29575000,59150.000011132935,299.1093015015569,590
29580000,59160.00001113497,299.08568555440877,590
29585000,59170.00001113701,298.81317518110285,590
29590000,59180.00001113905,300.5878805028133,590
29595000,59190.000011141085,299.763882586153,590
29600000,59200.00001114312,299.2038094321065,590
29605000,59210.00001114516,299.57762559738416,590
29610000,59220.000011147196,299.74035492291944,590
29615000,59230.00001114923,299.72358097915077,590
29620000,59240.00001115127,302.14785727330525,590
29625000,59250.00001115331,300.86023637926866,590
29630000,59260.000011155345,299.5905371198903,590
29635000,59270.00001115738,298.76506044766097,590
29640000,59280.00001115942,300.95324348327057,590
29645000,59290.00001116146,300.55316285340774,590
29650000,59300.000011163494,297.82686728750144,590
29655000,59310.00001116553,303.4533998019999,590
29660000,59320.00001116757,299.3699597593315,590
29665000,59330.000011169606,299.20352250938413,590
29670000,59340.00001117164,300.4100325569074,590
29675000,59350.00001117368,299.4743996302705,590
29680000,59360.00001117572,301.50270049658974,590
29685000,59370.000011177755,301.2713083564958,590
29690000,59380.00001117979,299.3830257786882,590
29695000,59390.00001118183,303.44770548951,590
29700000,59400.00001118387,302.7726425367332,590
29705000,59410.000011185904,298.76530322842603,590
29710000,59420.00001118794,300.68900972695576,590
29715000,59430.00001118998,301.08626527155235,590
29720000,59440.000011192016,298.00120594780304,590
29725000,59450.00001119405,301.9930293581241,590
29730000,59460.00001119609,298.19295861025404,590
29735000,59470.00001119813,298.25908326226863,590
29740000,59480.000011200165,303.6716376388226,590
29745000,59490.0000112022,299.6095843744593,590
29750000,59500.00001120424,303.42616421435434,590
29755000,59510.00001120628,298.9770521975276,590
29760000,59520.000011208314,298.8858990557318,590
29765000,59530.00001121035,299.80294821835116,590
29770000,59540.00001121239,298.6651451273438,590
29775000,59550.000011214426,301.94999094977015,590
29780000,59560.00001121646,300.43512725962455,590
29785000,59570.0000112185,299.1066529841197,590
29790000,59580.00001122054,301.3557298498055,590
29795000,59590.000011222575,302.75714870972575,590
29800000,59600.00001122461,299.84115308238233,590
29805000,59610.00001122665,301.0609719300274,590
29810000,59620.00001122869,300.2936743575012,590
29815000,59630.000011230724,300.34902837193795,590
29820000,59640.00001123276,299.26009042764633,590
29825000,59650.0000112348,299.07851248634984,590
29830000,59660.000011236836,297.4470478160329,590
29835000,59670.00001123887,301.2315585239597,590
29840000,59680.00001124091,300.245515482102,590
29845000,59690.00001124295,301.2223990678228,590
29850000,59700.000011244985,299.737353269824,590
29855000,59710.00001124702,299.49384416245505,590
29860000,59720.00001124906,300.54128866689774,590
29865000,59730.0000112511,300.6206338351196,590
29870000,59740.000011253134,299.9825618425485,590
29875000,59750.00001125517,299.3890732268364,590
29880000,59760.00001125721,299.27876247557833,590
29885000,59770.000011259246,297.7179911498552,590
29890000,59780.00001126128,299.86907287036587,590
29895000,59790.00001126332,299.32113875457304,590
29900000,59800.00001126536,300.661972778118,590
29905000,59810.000011267395,297.1680927169632,590
29910000,59820.00001126943,300.56466183328075,590
29915000,59830.00001127147,298.72001358025045,590
29920000,59840.00001127351,299.43339175195166,590
29925000,59850.000011275544,300.58911647761727,590
29930000,59860.00001127758,298.5941648600277,590
29935000,59870.00001127962,300.4472000849424,590
29940000,59880.000011281656,301.17571894799266,590
29945000,59890.00001128369,299.27346544070406,590
29950000,59900.00001128573,299.57711796487536,590
29955000,59910.00001128777,298.0021549998847,590
29960000,59920.000011289805,300.1583351164619,590
29965000,59930.00001129184,301.10109696920046,590
29970000,59940.00001129388,302.11051317744113,590
29975000,59950.00001129592,301.33964010637476,590
29980000,59960.000011297954,300.5557010159516,590
29985000,59970.00001129999,300.08823768829154,590
29990000,59980.00001130203,301.571628162892,590
29995000,59990.000011304066,302.02139056568046,590
30000000,60000.0000113061,301.18949123866594,590
30005000,60010.00001130814,300.77431405941127,590
30010000,60020.00001131018,302.0966967448106,590
30015000,60030.000011312215,301.17514510254796,590
30020000,60040.00001131425,297.44963012053415,590
30025000,60050.00001131629,297.834746626877,590
30030000,60060.00001131833,299.8319053423309,590
30035000,60070.000011320364,299.9319751594986,590
30040000,60080.0000113224,298.70467425009355,590
30045000,60090.00001132444,301.63678169184635,590
30050000,60100.000011326476,296.5443006475742,590
30055000,60110.00001132851,303.59321945170376,590
30060000,60120.00001133055,300.6284690325378,590
30065000,60130.00001133259,300.92384493971804,590
30070000,60140.000011334625,300.3290320652873,590
30075000,60150.00001133666,299.6330016827996,590
30080000,60160.0000113387,302.388475082472,590
30085000,60170.00001134074,299.3005686024777,590
30090000,60180.000011342774,298.2231517090377,590
30095000,60190.00001134481,299.8396743268132,590
30100000,60200.00001134685,300.6078768094639,590
30105000,60210.000011348886,299.1676571690892,590
30110000,60220.00001135092,300.5596296501501,590
30115000,60230.00001135296,300.15486997281494,590
30120000,60240.000011355,301.49371760828205,590
30125000,60250.000011357035,301.74183955018736,590
30130000,60260.00001135907,298.30428462652964,590
30135000,60270.00001136111,297.6330178820794,590
30140000,60280.00001136315,302.2309324369177,590
30145000,60290.000011365184,301.05346779728876,590
30150000,60300.00001136722,301.77872015549997,590
30155000,60310.00001136926,301.1497193351512,590
30160000,60320.000011371296,302.49679944565213,590
30165000,60330.00001137333,299.43445115892655,590
30170000,60340.00001137537,300.406655697175,590
30175000,60350.00001137741,303.088875518731,590
30180000,60360.000011379445,300.4429183150856,590
30185000,60370.00001138148,300.66614419308155,590
30190000,60380.00001138352,299.3708867404345,590
30195000,60390.00001138556,301.68295417916767,590
30200000,60400.000011387594,302.4877503444084,590
30205000,60410.00001138963,300.7288919853638,590
30210000,60420.00001139167,301.09515987594546,590
30215000,60430.000011393706,300.41537373373905,590
30220000,60440.00001139574,301.08690532993296,590
30225000,60450.00001139778,301.62545927980244,590
30230000,60460.00001139982,301.0340674070615,590
30235000,60470.000011401855,299.91025731651376,590
30240000,60480.00001140389,299.8510408808144,590
30245000,60490.00001140593,301.8071475759922,590
30250000,60500.00001140797,304.3144548918019,590
30255000,60510.000011410004,300.3933468970533,590
30260000,60520.00001141204,297.9314175133337,590
30265000,60530.00001141408,298.6705304461327,590
30270000,60540.000011416116,302.3624533986518,590
30275000,60550.00001141815,302.56107013546074,590
30280000,60560.00001142019,303.03363185918744,590
30285000,60570.00001142223,298.80266939526877,590
30290000,60580.000011424265,297.78212941379195,590
30295000,60590.0000114263,301.34425294091113,590
30300000,60600.00001142834,302.0117234770348,590
30305000,60610.00001143038,303.695297727928,590
30310000,60620.000011432414,302.6576968799601,590
30315000,60630.00001143445,301.2125774823266,590
30320000,60640.00001143649,298.6018455605955,590
30325000,60650.000011438526,299.0722443284152,590
30330000,60660.00001144056,299.45605864701815,590
30335000,60670.0000114426,301.46175883120685,590
30340000,60680.00001144464,297.89544181814546,590
30345000,60690.000011446675,300.22790284114484,590
30350000,60700.00001144871,298.89199064583727,590
30355000,60710.00001145075,303.3465321234102,590
30360000,60720.00001145279,302.01375400706996,590
30365000,60730.000011454824,300.47306727191204,590
30370000,60740.00001145686,301.65907338027586,590
30375000,60750.0000114589,298.9364857387817,590
30380000,60760.000011460936,297.8875404077913,590
30385000,60770.00001146297,300.24909098064217,590
30390000,60780.00001146501,300.7829438120607,590
30395000,60790.00001146705,300.87701032303744,590
30400000,60800.000011469085,303.42298599342973,590
30405000,60810.00001147112,302.17661575847717,590
30410000,60820.00001147316,300.68366855012414,590
30415000,60830.0000114752,302.3139193166157,590
30420000,60840.000011477234,299.2477306796062,590
30425000,60850.00001147927,301.8043666326832,590
30430000,60860.00001148131,299.47863725816995,590
30435000,60870.000011483346,300.52372016789786,590
30440000,60880.00001148538,303.2305712016195,590
30445000,60890.00001148742,299.1650527936093,590
30450000,60900.00001148946,299.6174195718776,590
30455000,60910.000011491495,300.01800783424926,590
30460000,60920.00001149353,299.7668180263125,590
30465000,60930.00001149557,300.17945704302326,590
30470000,60940.00001149761,299.06776391975063,590
30475000,60950.000011499644,299.3642213048843,590
30480000,60960.00001150168,299.5967611358677,590
30485000,60970.00001150372,302.24130579687994,590
30490000,60980.000011505756,301.4713817778952,590
30495000,60990.00001150779,298.734448000283,590
30500000,61000.00001150983,300.049436907837,590
30505000,61010.00001151187,299.46676307165995,590
30510000,61020.000011513905,299.6884881231083,590
30515000,61030.00001151594,300.4997510850915,590
30520000,61040.00001151798,300.4424327535554,590
30525000,61050.00001152002,298.04373672364824,590
30530000,61060.000011522054,297.6237922130066,590
30535000,61070.00001152409,300.45170256458556,590
30540000,61080.00001152613,301.4157629117147,590
30545000,61090.000011528165,300.56355828434863,590
30550000,61100.0000115302,300.1938252501199,590
30555000,61110.00001153224,299.5463510206469,590
30560000,61120.00001153428,299.651585446817,590
30565000,61130.000011536315,302.04977384421545,590
30570000,61140.00001153835,300.19258927531587,590
30575000,61150.00001154039,302.2992200448394,590
30580000,61160.00001154243,301.2342291123755,590
30585000,61170.00001154446,303.7410729376337,590
30590000,61180.0000115465,302.29204697678034,590
30595000,61190.00001154854,299.60408870077714,590
30600000,61200.000011550575,301.9144566741548,590
30605000,61210.00001155261,299.38534323144575,590
30610000,61220.00001155465,299.66014898653054,590
30615000,61230.00001155669,299.67144932759584,590
30620000,61240.000011558725,298.5137161428737,590
30625000,61250.00001156076,300.43104412857565,590
30630000,61260.0000115628,300.42914602441226,590
30635000,61270.000011564836,300.07155202843734,590
30640000,61280.00001156687,301.40413150596976,590
30645000,61290.00001156891,300.20124109894397,590
30650000,61300.00001157095,299.97443972240785,590
30655000,61310.000011572985,302.9298761885864,590
30660000,61320.00001157502,299.741679181638,590
30665000,61330.00001157706,300.87712067793063,590
30670000,61340.0000115791,302.22051493499816,590
30675000,61350.000011581134,298.49528687570677,590
30680000,61360.00001158317,301.3705174054964,590
30685000,61370.00001158521,298.00425174285584,590
30690000,61380.000011587246,300.3023261811292,590
30695000,61390.00001158928,299.85406460488855,590
30700000,61400.00001159132,300.86637211133143,590
30705000,61410.00001159336,300.77391678179566,590
30710000,61420.000011595395,301.4415418147698,590
30715000,61430.00001159743,298.7303869402127,590
30720000,61440.00001159947,300.45726445120357,590
30725000,61450.00001160151,297.992245130474,590
30730000,61460.000011603544,300.55609829356723,590
30735000,61470.00001160558,301.1803759244864,590
30740000,61480.00001160762,298.17344786513354,590
30745000,61490.000011609656,299.14785950124633,590
30750000,61500.00001161169,299.6407265253246,590
30755000,61510.00001161373,302.17621848086156,590
30760000,61520.00001161577,300.3622268171665,590
30765000,61530.000011617805,301.95714194685047,590
30770000,61540.00001161984,301.6969913215847,590
30775000,61550.00001162188,301.82634932741166,590
30780000,61560.00001162392,300.21541066723285,590
30785000,61570.000011625954,298.0912555406668,590
30790000,61580.00001162799,298.77108582483055,590
30795000,61590.00001163003,300.91598767132103,590
30800000,61600.000011632066,299.4664982199163,590
30805000,61610.0000116341,299.6524241440055,590
30810000,61620.00001163614,299.95881346952854,590
30815000,61630.00001163818,301.9591945478643,590
30820000,61640.000011640215,299.71305312233795,590
30825000,61650.00001164225,300.33834601827476,590
30830000,61660.00001164429,299.5249863133204,590
30835000,61670.00001164633,298.01771503982803,590
30840000,61680.000011648364,298.62120180886546,590
30845000,61690.0000116504,300.5416197315774,590
30850000,61700.00001165244,303.369485941199,590
30855000,61710.000011654476,300.74184764982726,590
30860000,61720.00001165651,300.28895116807155,590
30865000,61730.00001165855,302.0802317947429,590
30870000,61740.00001166059,298.3377663011312,590
30875000,61750.000011662625,300.98652651906434,590
30880000,61760.00001166466,299.4648649674967,590
30885000,61770.0000116667,296.914210249632,590
30890000,61780.00001166874,302.6043954665371,590
30895000,61790.000011670774,301.07719409933003,590
30900000,61800.00001167281,303.33814515152585,590
30905000,61810.00001167485,300.5350425799417,590
30910000,61820.000011676886,298.04795228056906,590
30915000,61830.00001167892,300.85167283955514,590
30920000,61840.00001168096,301.1606665405581,590
30925000,61850.000011683,300.3999240486889,590
30930000,61860.000011685035,299.393178428864,590
30935000,61870.00001168707,301.99903266431505,590
30940000,61880.00001168911,296.8106090758815,590
30945000,61890.00001169115,299.3215801741459,590
30950000,61900.000011693184,301.4425129378301,590
30955000,61910.00001169522,298.95476050909815,590
30960000,61920.00001169726,303.0039463929125,590
30965000,61930.000011699296,301.33595425294135,590
30970000,61940.00001170133,301.9513814214246,590
30975000,61950.00001170337,300.02145090691755,590
30980000,61960.00001170541,300.87096287488924,590
30985000,61970.000011707445,299.86216465405056,590
30990000,61980.00001170948,301.12767042748675,590
30995000,61990.00001171152,301.98987320817815,590
31000000,62000.00001171356,301.18785798624634,590
31005000,62010.000011715594,299.4739582106977,590
31010000,62020.00001171763,302.31868664800254,590
31015000,62030.00001171967,301.92555837641225,590
31020000,62040.000011721706,301.3557077788269,590
31025000,62050.00001172374,302.11051317744113,590
31030000,62060.00001172578,299.8784309653105,590
31035000,62070.00001172782,298.44995308557395,590
31040000,62080.000011729855,299.57654411943065,590
31045000,62090.00001173189,300.8036905319851,590
31050000,62100.00001173393,297.92058066281993,590
31055000,62110.00001173597,301.2120036368819,590
31060000,62120.000011738004,299.81243873916776,590
31065000,62130.00001174004,300.8417850411231,590
31070000,62140.00001174208,300.3088150488503,590
31075000,62150.000011744116,304.6883593409941,590
31080000,62160.00001174615,301.4020347629987,590
31085000,62170.00001174819,299.39320049984264,590
31090000,62180.00001175023,297.7516935342432,590
31095000,62190.000011752265,298.1914577837063,590
31100000,62200.0000117543,300.7540308300383,590
31105000,62210.00001175634,299.1604620300515,590
31110000,62220.00001175838,302.0563068538938,590
31115000,62230.000011760414,300.2576986623129,590
31120000,62240.00001176245,300.2154989511474,590
31125000,62250.00001176449,301.2690791876529,590
31130000,62260.000011766526,301.33471827813736,590
31135000,62270.00001176856,300.05855222201654,590
31140000,62280.0000117706,300.26171558042597,590
31145000,62290.00001177264,300.3634627919705,590
31150000,62300.000011774675,301.12835462782465,590
31155000,62310.00001177671,301.07472214972205,590
31160000,62320.00001177875,301.49177536216143,590
31165000,62330.00001178079,301.2626786038464,590
31170000,62340.000011782824,298.9697687745754,590
31175000,62350.00001178486,299.66072283197525,590
31180000,62360.0000117869,301.0054634187401,590
31185000,62370.000011788936,302.06853417606203,590
31190000,62380.00001179097,303.42541380108054,590
31195000,62390.00001179301,298.32699566355336,590
31200000,62400.00001179505,299.9825618425485,590
31205000,62410.000011797085,297.5423503018137,590
31210000,62420.00001179912,301.31282386732346,590
31215000,62430.00001180116,300.69872095755875,590
31220000,62440.0000118032,301.1175619192682,590
31225000,62450.000011805234,298.44578167061036,590
31230000,62460.00001180727,300.1898524739642,590
31235000,62470.00001180931,300.1306139672862,590
31240000,62480.000011811346,298.50795561744786,590
31245000,62490.00001181338,299.5136639012765,590
31250000,62500.00001181542,299.9470054959545,590
31255000,62510.00001181746,301.1504476774464,590
31260000,62520.000011819495,303.56062061624795,590
31265000,62530.00001182153,298.6210252410363,590
31270000,62540.00001182357,298.6388144498226,590
31275000,62550.00001182561,301.21474043823366,590
31280000,62560.000011827644,300.3217927842924,590
31285000,62570.00001182968,299.4884809146448,590
31290000,62580.00001183172,300.7528831391488,590
31295000,62590.000011833756,300.1591076007144,590
31300000,62600.00001183579,303.2518255540528,590
31305000,62610.00001183783,298.2210770370453,590
31310000,62620.00001183987,303.76376190367876,590
31315000,62630.000011841905,300.5170768033263,590
31320000,62640.00001184394,302.2959535400002,590
31325000,62650.00001184598,300.86451814912544,590
31330000,62660.00001184802,302.17072280717946,590
31335000,62670.000011850054,300.01001813998045,590
31340000,62680.00001185209,298.435165529883,590
31345000,62690.00001185413,301.388041762539,590
31350000,62700.000011856166,297.951678671728,590
31355000,62710.0000118582,300.0646879540793,590
31360000,62720.00001186024,300.89012048435137,590
31365000,62730.00001186228,300.9519854374879,590
31370000,62740.000011864315,301.910859104636,590
31375000,62750.00001186635,302.39648684771936,590
31380000,62760.00001186839,300.8061624815932,590
31385000,62770.00001187043,299.3457478957601,590
31390000,62780.000011872464,301.8374951716264,590
31395000,62790.0000118745,299.37335869004255,590
31400000,62800.00001187654,301.3731217809763,590
31405000,62810.000011878576,299.5978426138212,590
31410000,62820.00001188061,300.06173044294115,590
31415000,62830.00001188265,298.30900781595926,590
31420000,62840.00001188469,298.7602710452954,590
31425000,62850.000011886725,302.8305788556712,590
31430000,62860.00001188876,299.83751137090627,590
31435000,62870.0000118908,299.82453363546415,590
31440000,62880.00001189284,300.2895029425376,590
31445000,62890.000011894874,298.609482119206,590
31450000,62900.00001189691,300.2387617626372,590
31455000,62910.00001189895,299.8706840518068,590
31460000,62920.000011900986,301.1464086883547,590
31465000,62930.00001190302,300.45799279349876,590
31470000,62940.00001190506,302.2014014674933,590
31475000,62950.0000119071,299.34603481848245,590
31480000,62960.000011909135,299.94239266141807,590
31485000,62970.00001191117,302.7902110357331,590
31490000,62980.00001191321,300.06738061347374,590
31495000,62990.00001191525,301.9989002384432,590
31500000,63000.000011917284,299.9236323295715,590
31505000,63010.00001191932,297.571704703409,590
31510000,63020.00001192136,303.01626199899533,590
31515000,63030.000011923396,300.0637389019977,590
31520000,63040.00001192543,299.41079106982113,590
31525000,63050.00001192747,299.21281439139284,590
31530000,63060.00001192951,300.32945141388154,590
31535000,63070.000011931545,299.86646849488596,590
31540000,63080.00001193358,300.4667108300628,590
31545000,63090.00001193562,300.26663740866337,590
31550000,63100.00001193766,301.6976755219226,590
31555000,63110.000011939694,299.8360988282731,590
31560000,63120.00001194173,297.1030054009448,590
31565000,63130.00001194377,300.01145275359227,590
31570000,63140.000011945805,299.83347238181454,590
31575000,63150.00001194784,300.4931518624772,590
31580000,63160.00001194988,299.47047099607204,590
31585000,63170.00001195192,301.54946890033443,590
31590000,63180.000011953955,301.2129747599422,590
31595000,63190.00001195599,302.5350705226192,590
31600000,63200.00001195803,301.51146267511103,590
31605000,63210.000011960066,301.41077487054133,590
31610000,63220.0000119621,299.9978349597695,590
31615000,63230.00001196414,301.3698994180944,590
31620000,63240.00001196618,300.96675092220016,590
31625000,63250.000011968215,300.9497783396236,590
31630000,63260.00001197025,299.9306950427373,590
31635000,63270.00001197229,301.58875524231905,590
31640000,63280.00001197433,301.79141096821974,590
31645000,63290.000011976364,301.5542362317213,590
31650000,63300.0000119784,301.2220680031431,590
31655000,63310.00001198044,296.88549590641736,590
31660000,63320.000011982476,302.4756113061548,590
31665000,63330.00001198451,300.274207754338,590
31670000,63340.00001198655,301.6788269061614,590
31675000,63350.00001198859,301.9979291153829,590
31680000,63360.000011990625,298.8598994428902,590
31685000,63370.00001199266,299.17401361093835,590
31690000,63380.0000119947,300.498360613437,590
31695000,63390.00001199674,301.94416421140835,590
31700000,63400.000011998774,299.2732668018962,590
31705000,63410.00001200081,298.04737843512436,590
31710000,63420.00001200285,298.98049527019595,590
31715000,63430.000012004886,300.2369960843458,590
31720000,63440.00001200692,301.66741621020293,590
31725000,63450.00001200896,299.9477117672711,590
31730000,63460.000012011,300.55060261988507,590
31735000,63470.000012013035,299.33680914940965,590
31740000,63480.00001201507,298.7006794029591,590
31745000,63490.00001201711,299.105770144974,590
31750000,63500.00001201915,299.9115374332751,590
31755000,63510.000012021184,299.34671901882035,590
31760000,63520.00001202322,297.9811654991952,590
31765000,63530.00001202526,302.30069880040844,590
31770000,63540.000012027296,300.5640659168574,590
31775000,63550.00001202933,300.97065748541996,590
31780000,63560.00001203137,298.24255209926497,590
31785000,63570.00001203341,298.88113172434487,590
31790000,63580.000012035445,302.73490116325354,590
31795000,63590.00001203748,299.40123433606874,590
31800000,63600.00001203952,301.62148650364674,590
31805000,63610.00001204156,300.6031977619915,590
31810000,63620.000012043594,300.4592508392814,590
31815000,63630.00001204563,301.16150523774655,590
31820000,63640.00001204767,298.32364087479965,590
31825000,63650.000012049706,297.86482937076755,590
31830000,63660.00001205174,302.06456139990627,590
31835000,63670.00001205378,300.8722429916505,590
31840000,63680.00001205582,296.25380242667416,590
31845000,63690.000012057855,301.6097006010513,590
31850000,63700.00001205989,302.22378143983735,590
31855000,63710.00001206193,299.3305630624536,590
31860000,63720.00001206397,301.6532024999568,590
31865000,63730.000012066004,301.93001671409814,590
31870000,63740.00001206804,300.6612444358228,590
31875000,63750.00001207008,301.47383165652457,590
31880000,63760.000012072116,301.8218468477685,590
31885000,63770.00001207415,300.18327532232854,590
31890000,63780.00001207619,300.53420388275333,590
31895000,63790.00001207823,300.2974043528918,590
31900000,63800.000012080265,299.06209167823937,590
31905000,63810.0000120823,303.658439193594,590
31910000,63820.00001208434,298.72535475708213,590
31915000,63830.00001208638,301.614048583844,590
31920000,63840.000012088414,299.1262078711975,590
31925000,63850.00001209045,301.78805617946597,590
31930000,63860.00001209249,302.67914987120116,590
31935000,63870.000012094526,299.02205492298083,590
31940000,63880.00001209656,299.031876508477,590
31945000,63890.0000120986,300.1715777036477,590
31950000,63900.00001210064,301.72292472149024,590
31955000,63910.000012102675,301.33211390265745,590
31960000,63920.00001210471,299.1321891064098,590
31965000,63930.00001210675,300.6178087498532,590
31970000,63940.00001210879,302.07723014164736,590
31975000,63950.000012110824,298.8832726092732,590
31980000,63960.00001211286,299.2895993260921,590
31985000,63970.0000121149,298.8194212680588,590
31990000,63980.000012116936,301.31445711974305,590
31995000,63990.00001211897,301.72947980214724,590
32000000,64000.00001212101,300.537006897041,590
32005000,64010.00001212305,300.42462147379047,590
32010000,64020.000012125085,298.9144147601386,590
32015000,64030.00001212712,299.2653212495847,590
32020000,64040.00001212916,301.3703187666886,590
32025000,64050.0000121312,299.6249016336376,590
32030000,64060.000012133234,301.2801146769744,590
32035000,64070.00001213527,297.5266357650198,590
32040000,64080.00001213731,300.6381802631408,590
32045000,64090.000012139346,299.3830257786882,590
32050000,64100.00001214138,297.3779215109229,590
32055000,64110.00001214342,300.5376910973789,590
32060000,64120.00001214546,300.46291462173616,590
32065000,64130.000012147495,299.39576073336525,590
32070000,64140.00001214953,299.7187032928706,590
32075000,64150.00001215157,299.55120663594835,590
32080000,64160.00001215361,300.0984786223819,590
32085000,64170.000012155644,298.7704678374285,590
32090000,64180.00001215768,299.5288708055616,590
32095000,64190.00001215972,299.6068917150648,590
32100000,64200.000012161756,299.7322328027788,590
32105000,64210.00001216379,298.38654316393234,590
32110000,64220.00001216583,302.68142318200137,590
32115000,64230.00001216787,297.84247146940214,590
32120000,64240.000012169905,299.12157296568245,590
32125000,64250.00001217194,300.7394639841338,590
32130000,64260.00001217398,301.2887002876666,590
32135000,64270.00001217602,299.1049755897429,590
32140000,64280.000012178054,301.3233075821789,590
32145000,64290.00001218009,302.4150926827155,590
32150000,64300.00001218213,302.87869358911314,590
32155000,64310.000012184166,300.1061593229496,590
32160000,64320.0000121862,297.8225634466661,590
32165000,64330.00001218824,302.8398707376799,590
32170000,64340.00001219028,300.9533096962065,590
32175000,64350.000012192315,300.5020243958917,590
32180000,64360.00001219435,298.09284465112904,590
32185000,64370.00001219639,301.39810612880024,590
32190000,64380.00001219843,299.5735203953565,590
32195000,64390.000012200464,300.07269971932675,590
32200000,64400.0000122025,299.6664612864225,590
32205000,64410.00001220454,302.4189330329994,590
32210000,64420.000012206576,302.7995912016563,590
32215000,64430.00001220861,300.2640992461195,590
32220000,64440.00001221065,301.06165613036535,590
32225000,64450.00001221269,298.02508674669485,590
32230000,64460.000012214725,299.62902890664384,590
32235000,64470.00001221676,299.9175628104446,590
32240000,64480.0000122188,301.00846507183553,590
32245000,64490.00001222084,298.5344849337768,590
32250000,64500.000012222874,302.8208455540896,590
32255000,64510.00001222491,300.1509192676378,590
32260000,64520.00001222695,302.8740366126194,590
32265000,64530.000012228986,300.4639298867538,590
32270000,64540.00001223102,300.68181458791815,590
32275000,64550.00001223306,298.12383230514394,590
32280000,64560.0000122351,301.702906343861,590
32285000,64570.000012237135,299.3639123111833,590
32290000,64580.00001223917,300.65590325899115,590
32295000,64590.00001224121,299.4969561704437,590
32300000,64600.00001224325,303.6313801737776,590
32305000,64610.000012245284,300.0292640333572,590
32310000,64620.00001224732,300.9638816949765,590
32315000,64630.00001224936,300.18371674190143,590
32320000,64640.000012251396,299.85004768677555,590
32325000,64650.00001225343,301.0948950242018,590
32330000,64660.00001225547,300.02577681873163,590
32335000,64670.00001225751,299.93797846568947,590
32340000,64680.000012259545,298.48072002980234,590
32345000,64690.00001226158,300.28855389045594,590
32350000,64700.00001226362,301.02417960862937,590
32355000,64710.00001226566,301.95954768352254,590
32360000,64720.000012267694,300.4283073272239,590
32365000,64730.00001226973,302.31166807679404,590
32370000,64740.00001227177,299.77516085623955,590
32375000,64750.000012273806,300.87985747928235,590
32380000,64760.00001227584,301.2392171535488,590
32385000,64770.00001227788,299.5024739151045,590
32390000,64780.00001227992,299.3594098315401,590
32395000,64790.000012281955,300.9165173748085,590
32400000,64800.00001228399,303.34414845771676,590
32405000,64810.00001228603,301.584120336804,590
32410000,64820.00001228807,298.5161218795458,590
32415000,64830.000012290104,302.90932810746966,590
32420000,64840.00001229214,299.75995395195446,590
32425000,64850.00001229418,300.4053093674778,590
32430000,64860.000012296216,300.71238289333877,590
32435000,64870.00001229825,301.0855810712144,590
32440000,64880.00001230029,298.2115423742715,590
32445000,64890.00001230233,300.9277956448951,590
32450000,64900.000012304365,302.2641271887969,590
32455000,64910.0000123064,300.30795428068325,590
32460000,64920.00001230844,299.1725127843906,590
32465000,64930.00001231048,299.97843456954223,590
32470000,64940.000012312514,300.7540087590596,590
32475000,64950.00001231455,302.1491815320238,590
32480000,64960.00001231659,301.7029946277756,590
32485000,64970.000012318626,299.9681936354518,590
32490000,64980.00001232066,300.67982819984024,590
32495000,64990.0000123227,301.22966041979635,590
32500000,65000.00001232474,299.8591630009551,590
32505000,65010.000012326775,300.0195969447115,590
32510000,65020.00001232881,302.41281937191525,590
32515000,65030.00001233085,299.1990421007196,590
32520000,65040.00001233289,299.9484842515236,590
32525000,65050.000012334924,297.9328300559668,590
32530000,65060.00001233696,300.28204295175624,590
32535000,65070.000012339,299.8482820084841,590
32540000,65080.000012341035,300.4439335801032,590
32545000,65090.00001234307,301.20560305307544,590
32550000,65100.00001234511,299.8535349014011,590
32555000,65110.00001234715,299.60874567727086,590
32560000,65120.000012349185,300.0021829425622,590
32565000,65130.00001235122,300.0243642760985,590
32570000,65140.00001235326,299.326457860426,590
32575000,65150.000012355296,301.5546997222728,590
32580000,65160.00001235733,301.05640323744825,590
32585000,65170.00001235937,300.0667846970504,590
32590000,65180.00001236141,304.1718101568318,590
32595000,65190.000012363445,302.0037999957019,590
32600000,65200.00001236548,299.28123442518637,590
32605000,65210.00001236752,298.8995830624905,590
32610000,65220.00001236956,299.84395609667,590
32615000,65230.000012371594,301.69504907546406,590
32620000,65240.00001237363,298.5316157065532,590
32625000,65250.00001237567,300.86222276734657,590
32630000,65260.000012377706,298.241867898927,590
32635000,65270.00001237974,297.46530051537076,590
32640000,65280.00001238178,298.6950292324265,590
32645000,65290.00001238382,300.608053377293,590
32650000,65300.000012385855,302.97668873428836,590
32655000,65310.00001238789,301.00458057959435,590
32660000,65320.00001238993,299.25130617814636,590
32665000,65330.00001239197,301.61667503030253,590
32670000,65340.000012394004,299.3658545573039,590
32675000,65350.00001239604,302.1900128425135,590
32680000,65360.00001239808,298.5228755990106,590
32685000,65370.000012400116,302.67325691990345,590
32690000,65380.00001240215,302.50653274723373,590
32695000,65390.00001240419,301.09154023544806,590
32700000,65400.00001240623,299.631986417782,590
32705000,65410.000012408265,297.20424497998056,590
32710000,65420.0000124103,299.36572213143205,590
32715000,65430.00001241234,301.76046745616213,590
32720000,65440.00001241438,298.09862724753356,590
32725000,65450.000012416414,298.2212756758531,590
32730000,65460.00001241845,298.9812456834698,590
32735000,65470.00001242049,300.3978052347391,590
32740000,65480.000012422526,296.79886731524334,590
32745000,65490.00001242456,301.63675962086774,590
32750000,65500.0000124266,299.1178650412704,590
32755000,65510.00001242864,303.00032675241505,590
32760000,65520.000012430675,303.02425169326415,590
32765000,65530.00001243271,298.18872098235454,590
32770000,65540.00001242019,301.6549902492269,590
32775000,65550.00001238585,302.54846760665555,590
32780000,65560.0000123515,301.44319713816805,590
32785000,65570.00001231716,301.56149758369486,590
32790000,65580.00001228282,299.3938847001806,590
32795000,65590.00001224848,303.0604701692174,590
32800000,65600.00001221414,302.57896969914026,590
32805000,65610.0000121798,298.7965557341846,590
32810000,65620.00001214545,299.5495292415715,590
32815000,65630.00001211111,299.07491491683095,590
32820000,65640.00001207677,298.13850950594156,590
32825000,65650.00001204242,301.58398791093214,590
32830000,65660.00001200808,299.7851590095649,590
32835000,65670.00001197374,302.2963066756585,590
32840000,65680.0000119394,299.01585297798215,590
32845000,65690.00001190505,298.30340178738396,590
32850000,65700.00001187071,298.91066269376927,590
32855000,65710.00001183637,302.53153916603634,590
32860000,65720.00001180203,300.56713378288873,590
32865000,65730.00001176768,301.5922645279233,590
32870000,65740.00001173334,298.80066093621224,590
32875000,65750.000011699,301.6311535922924,590
32880000,65760.00001166466,301.2395923601857,590
32885000,65770.00001163031,298.71184731815254,590
32890000,65780.00001159597,297.9535547049127,590
32895000,65790.00001156163,301.7432079508632,590
32900000,65800.00001152729,299.0952643591399,590
32905000,65810.00001149294,303.23626551410945,590
32910000,65820.0000114586,301.22372332654135,590
32915000,65830.00001142426,301.29768317597427,590
32920000,65840.00001138992,300.3539060582181,590
32925000,65850.00001135557,300.70935916926464,590
32930000,65860.00001132123,299.14499027402275,590
32935000,65870.00001128689,301.50910108039625,590
32940000,65880.00001125254,301.4058089003467,590
32945000,65890.0000112182,300.8079723018419,590
32950000,65900.00001118386,299.6620029487366,590
32955000,65910.00001114952,298.78591752247866,590
32960000,65920.00001111517,299.86819003122014,590
32965000,65930.00001108083,301.0404238489107,590
32970000,65940.00001104649,299.43343589390895,590
32975000,65950.00001101215,297.756836072267,590
32980000,65960.0000109778,302.20515353386264,590
32985000,65970.00001094346,300.78003044287976,590
32990000,65980.00001090912,299.5076164531283,590
32995000,65990.00001087478,300.0462586869124,590
33000000,66000.00001084043,299.1154372336197,590
33005000,66010.00001080609,298.84628164906746,590
33010000,66020.00001077175,301.6521872349393,590
33015000,66030.0000107374,300.46187728574,590
33020000,66040.00001070306,298.21573586021367,590
33025000,66050.00001066872,298.91487825069015,590
33030000,66060.00001063438,300.92000458943414,590
33035000,66070.00001060004,300.7275015137093,590
33040000,66080.0000105657,301.12778078237994,590
33045000,66090.00001053135,301.0894214214983,590
33050000,66100.00001049701,299.48066778820515,590
33055000,66110.00001046267,302.4574468907315,590
33060000,66120.00001042832,301.56465373364085,590
33065000,66130.00001039398,301.62797537136777,590
33070000,66140.00001035964,300.33360075786646,590
33075000,66150.0000103253,298.7599179096371,590
33080000,66160.00001029095,301.9632997498919,590
33085000,66170.00001025661,300.79534770205805,590
33090000,66180.00001022227,298.3383180755972,590
33095000,66190.00001018793,300.92554440507354,590
33100000,66200.00001015358,298.4618714140412,590
33105000,66210.00001011924,301.1020239503035,590
33110000,66220.0000100849,301.5602395379122,590
33115000,66230.00001005056,300.91576696153464,590
33120000,66240.00001001621,300.8888845095474,590
33125000,66250.00000998187,298.7157980233296,590
33130000,66260.00000994753,301.19465584766846,590
33135000,66270.00000991319,300.34834417160005,590
33140000,66280.00000987884,298.83239900350094,590
33145000,66290.0000098445,298.3245678559026,590
33150000,66300.00000981016,299.42800643316275,590
33155000,66310.00000977582,300.65246018632286,590
33160000,66320.00000974147,301.15506051198275,590
33165000,66330.00000970713,299.7305112664447,590
33170000,66340.00000967279,300.1333728396165,590
33175000,66350.00000963845,298.5255020454691,590
33180000,66360.0000096041,302.23298503793154,590
33185000,66370.00000956976,301.56661805074003,590
33190000,66380.00000953542,300.6510035017324,590
33195000,66390.00000950108,299.00728943826863,590
33200000,66400.00000946673,301.5303112908722,590
33205000,66410.00000943239,299.7012010068066,590
33210000,66420.00000939805,301.0238706149284,590
33215000,66430.0000093637,298.5387225616763,590
33220000,66440.00000932936,300.441594056367,590
33225000,66450.00000929502,299.20332387057636,590
33230000,66460.00000926068,298.6258146434019,590
33235000,66470.00000922634,300.7717538258886,590
33240000,66480.000009192,301.6395626351554,590
33245000,66490.00000915765,301.5792867924812,590
33250000,66500.00000912331,300.65265882513063,590
33255000,66510.00000908897,301.4027851762726,590
33260000,66520.00000905462,299.93058468784403,590
33265000,66530.00000902028,303.3633943510935,590
33270000,66540.00000898594,298.5923108978217,590
33275000,66550.0000089516,301.53997837951783,590
33280000,66560.00000891725,301.2702268785423,590
33285000,66570.00000888291,299.9691868294908,590
33290000,66580.00000884857,300.0220688943196,590
33295000,66590.00000881423,300.03191255079435,590
33300000,66600.00000877988,300.4128355711951,590
33305000,66610.00000874554,300.59328789258075,590
33310000,66620.0000087112,300.5155097638426,590
33315000,66630.00000867686,303.2186528731522,590
33320000,66640.00000864251,298.15168588019145,590
33325000,66650.00000860817,297.5910168097217,590
33330000,66660.00000857383,299.0826176883774,590
33335000,66670.00000853949,300.3665968709379,590
33340000,66680.00000850514,303.3335985299254,590
33345000,66690.0000084708,300.0314711312215,590
33350000,66700.00000843646,300.7209243620737,590
33355000,66710.00000840212,300.31733444660654,590
33360000,66720.00000836777,299.63982161520033,590
33365000,66730.00000833343,301.11347878821925,590
33370000,66740.00000829909,300.58765979302683,590
33375000,66750.00000826475,301.92873659733687,590
33380000,66760.0000082304,298.8090479080966,590
33385000,66770.00000819606,298.70970643322414,590
33390000,66780.00000816172,302.8822470166747,590
33395000,66790.00000812738,299.102371214263,590
33400000,66800.00000809303,299.18963986381766,590
33405000,66810.00000805869,301.2403869154169,590
33410000,66820.00000802435,295.9069569972984,590
33415000,66830.00000799,302.7279708759596,590
33420000,66840.00000795566,302.87445596121364,590
33425000,66850.00000792132,299.5017676437879,590
33430000,66860.00000788698,297.6572959585868,590
33435000,66870.00000785264,299.17350597842955,590
33440000,66880.0000078183,301.49071595518654,590
33445000,66890.00000778395,300.2676085317237,590
33450000,66900.00000774961,298.1527232161877,590
33455000,66910.00000771527,299.9458357340864,590
33460000,66920.00000768092,300.5034810804821,590
33465000,66930.00000764658,298.988904313059,590
33470000,66940.00000761224,299.75982152608265,590
33475000,66950.0000075779,301.34094229411465,590
33480000,66960.00000754355,300.32664839959386,590
33485000,66970.00000750921,299.91630476466196,590
33490000,66980.00000747487,298.9556874902011,590
33495000,66990.00000744053,301.98673912921083,590
33500000,67000.00000740618,302.05209129697295,590
33505000,67010.00000737184,298.8139035233981,590
33510000,67020.0000073375,299.3920969509105,590
33515000,67030.00000730316,301.37232722574515,590
33520000,67040.00000726881,302.41204688766277,590
33525000,67050.00000723447,300.2175736231399,590
33530000,67060.00000720013,299.72717854866954,590
33535000,67070.00000716579,296.6813614249477,590
33540000,67080.00000713144,299.7189460736357,590
33545000,67090.0000070971,299.73638214676373,590
33550000,67100.00000706276,300.31775379520076,590
33555000,67110.00000702841,300.8896349228213,590
33560000,67120.00000699407,300.0052508085936,590
33565000,67130.00000695973,298.97510995140703,590
33570000,67140.00000692539,301.33542454945393,590
33575000,67150.00000689104,298.9806939090037,590
33580000,67160.0000068567,300.72948790178714,590
33585000,67170.00000682236,301.46111877282624,590
33590000,67180.00000678802,297.50074650707154,590
33595000,67190.00000675367,300.2576103783984,590
33600000,67200.00000671933,297.9871908763647,590
33605000,67210.00000668499,300.4038085409301,590
33610000,67220.00000665065,300.1994312786953,590
33615000,67230.0000066163,298.8173024541091,590
33620000,67240.00000658196,301.14574655899537,590
33625000,67250.00000654762,300.516414673967,590
33630000,67260.00000651328,299.0876278005294,590
33635000,67270.00000647893,301.9416260488644,590
33640000,67280.00000644459,299.6361799037242,590
33645000,67290.00000641025,300.2222526706122,590
33650000,67300.0000063759,298.5158570278021,590
33655000,67310.00000634156,299.2188176975838,590
33660000,67320.00000630722,301.5743208222865,590
33665000,67330.00000627288,296.73009414579155,590
33670000,67340.00000623854,300.42254680179803,590
33675000,67350.0000062042,301.05408578469076,590
33680000,67360.00000616985,298.8475396948501,590
33685000,67370.00000613551,302.0129594518388,590
33690000,67380.00000610117,301.3503003890593,590
33695000,67390.00000606682,298.60623768534543,590
33700000,67400.00000603248,298.9653104368895,590
33705000,67410.00000599814,298.1314688637545,590
33710000,67420.0000059638,299.74618166128124,590
33715000,67430.00000592945,299.0553158877959,590
33720000,67440.00000589511,300.9677661872177,590
33725000,67450.00000586077,298.9534362503796,590
33730000,67460.00000582643,297.4596282738595,590
33735000,67470.00000579208,301.9033991138546,590
33740000,67480.00000575774,299.99862951500063,590
33745000,67490.0000057234,302.424892197233,590
33750000,67500.00000568906,302.0796138073409,590
33755000,67510.00000565471,299.9918978665145,590
33760000,67520.00000562037,299.9486828903314,590
33765000,67530.00000558603,298.6414188253025,590
33770000,67540.00000555169,301.04490425757524,590
33775000,67550.00000551734,299.57246098838164,590
33780000,67560.000005483,299.8166322251099,590
33785000,67570.00000544866,298.75210478319747,590
33790000,67580.00000541432,297.8819785211732,590
33795000,67590.00000537997,302.82384720718505,590
33800000,67600.00000534563,298.8805137369429,590
33805000,67610.00000531129,299.6228048906665,590
33810000,67620.00000527695,300.3236026045412,590
33815000,67630.0000052426,301.40611789404767,590
33820000,67640.00000520826,301.58372305918846,590
33825000,67650.00000517392,300.00838488756085,590
33830000,67660.00000513958,298.90148116665375,590
33835000,67670.00000510523,299.80343377988135,590
33840000,67680.00000507089,302.9219527072535,590
33845000,67690.00000503655,299.63278097301315,590
33850000,67700.0000050022,298.32505341743274,590
33855000,67710.00000496786,299.116651137445,590
33860000,67720.00000493352,298.7208522774389,590
33865000,67730.00000489918,300.6391293152225,590
33870000,67740.00000486484,299.22234905416667,590
33875000,67750.0000048305,299.57830979772206,590
33880000,67760.00000479615,299.54778563425873,590
33885000,67770.00000476181,301.92871452635825,590
33890000,67780.00000472747,300.0305441501185,590
33895000,67790.00000469312,301.50214872212365,590
33900000,67800.00000465878,301.1853418946811,590
33905000,67810.00000462444,302.73342240768443,590
33910000,67820.0000045901,297.4097257911475,590
33915000,67830.00000455575,300.5726515275495,590
33920000,67840.00000452141,302.12097482131793,590
33925000,67850.00000448707,300.5998871151951,590
33930000,67860.00000445273,300.24970896804416,590
33935000,67870.00000441838,299.71788666666083,590
33940000,67880.00000438404,300.65131249543344,590
33945000,67890.0000043497,299.81323329439886,590
33950000,67900.00000431536,301.20028394722243,590
33955000,67910.00000428101,300.99308159972134,590
33960000,67920.00000424667,299.8417048568484,590
33965000,67930.00000421233,300.88102724115043,590
33970000,67940.00000417799,297.00938030954086,590
33975000,67950.00000414364,302.32120273956787,590
33980000,67960.0000041093,300.2603251087715,590
33985000,67970.00000407496,301.95983460624495,590
33990000,67980.00000404062,301.25733742701476,590
33995000,67990.00000400627,298.0858260799206,590
34000000,68000.00000397193,300.1795232559592,590
34005000,68010.00000393759,300.4686972181407,590
34010000,68020.00000390325,299.70210591693103,590
34015000,68030.0000038689,303.0165489217177,590
34020000,68040.00000383456,302.8935914996972,590
34025000,68050.00000380022,300.09662466017585,590
34030000,68060.00000376588,300.0778422573506,590
34035000,68070.00000373153,299.5550249152536,590
34040000,68080.00000369719,299.64167557740626,590
34045000,68090.00000366285,297.285223400622,590
34050000,68100.0000036285,301.30147938430093,590
34055000,68110.00000359416,298.88757645010867,590
34060000,68120.00000355982,301.3776242606195,590
34065000,68130.00000352548,299.43012524711247,590
34070000,68140.00000349114,302.0293581889706,590
34075000,68150.0000034568,301.20502920763073,590
34080000,68160.00000342245,302.1178628133293,590
34085000,68170.00000338811,299.2227463317823,590
34090000,68180.00000335377,301.8750599772769,590
34095000,68190.00000331942,299.3598071091557,590
34100000,68200.00000328508,299.49375587854047,590
34105000,68210.00000325074,299.47117726738867,590
34110000,68220.0000032164,302.26776890027304,590
34115000,68230.00000318205,301.67224975452575,590
34120000,68240.00000314771,301.3045472503323,590
34125000,68250.00000311337,300.48578015561037,590
34130000,68260.00000307903,301.5084168800583,590
34135000,68270.00000304468,298.5185055452393,590
34140000,68280.00000301034,299.99357526089136,590
34145000,68290.000002976,299.35596675887183,590
34150000,68300.00000294166,299.7420764592536,590
34155000,68310.00000290731,300.8771648198879,590
34160000,68320.00000287297,299.1507507994486,590
34165000,68330.00000283863,301.9759243496757,590
34170000,68340.00000280429,302.57466585830485,590
34175000,68350.00000276994,299.0607453485422,590
34180000,68360.0000027356,299.8991335432777,590
34185000,68370.00000270126,301.5647420175554,590
34190000,68380.00000266691,299.3028198422993,590
34195000,68390.00000263257,300.34015583852346,590
34200000,68400.00000259823,301.2436092782987,590
34205000,68410.00000256389,297.9763319548723,590
34210000,68420.00000252954,299.8456334910469,590
34215000,68430.0000024952,300.065261799524,590
34220000,68440.00000246086,300.3928613355231,590
34225000,68450.00000242652,298.05744280138555,590
34230000,68460.00000239217,299.84415473547784,590
34235000,68470.00000235783,300.4514818547991,590
34240000,68480.00000232349,298.3647811789903,590
34245000,68490.00000228915,302.4075885499768,590
34250000,68500.0000022548,299.3517953439083,590
34255000,68510.00000222046,300.8071556756321,590
34260000,68520.00000218612,299.55765136171215,590
34265000,68530.00000215178,299.30915421316985,590
34270000,68540.00000211743,300.23968874374026,590
34275000,68550.00000208309,300.69059883741807,590
34280000,68560.00000204875,297.22918518584726,590
34285000,68570.0000020144,300.0165070077015,590
34290000,68580.00000198006,298.11385622279727,590
34295000,68590.00000194572,301.67993045509354,590
34300000,68600.00000191138,300.45234262296617,590
34305000,68610.00000187704,302.41032535132854,590
34310000,68620.0000018427,298.13530921403833,590
34315000,68630.00000180835,303.5416175036363,590
34320000,68640.00000177401,302.06231016008473,590
34325000,68650.00000173967,301.81348194686274,590
34330000,68660.00000170532,299.25580865778954,590
34335000,68670.00000167098,302.3019568461911,590
34340000,68680.00000163664,303.5482608682079,590
34345000,68690.0000016023,298.7981889866042,590
34350000,68700.00000156795,300.00975328823677,590
34355000,68710.00000153361,298.06967012355386,590
34360000,68720.00000149927,301.32809698454446,590
34365000,68730.00000146493,299.7434890018868,590
34370000,68740.00000143058,298.05607440070975,590
34375000,68750.00000139624,299.2886502740105,590
34380000,68760.0000013619,299.48616346188726,590
34385000,68770.00000132756,301.83595020312146,590
34390000,68780.00000129321,299.7921555097948,590
34395000,68790.00000125887,300.216823209866,590
34400000,68800.00000122453,301.9830974177347,590
34405000,68810.00000119019,301.74294309911954,590
34410000,68820.00000115584,301.28406538215154,590
34415000,68830.0000011215,299.8513278035368,590
34420000,68840.00000108716,301.3543173071724,590
34425000,68850.00000105282,301.08805302082243,590
34430000,68860.00000101847,302.4029977864191,590
34435000,68870.00000098413,300.57017957794153,590
34440000,68880.00000094979,299.0532853577608,590
34445000,68890.00000091545,298.17889939685836,590
34450000,68900.0000008811,299.633531386287,590
34455000,68910.00000084676,300.2183240364137,590
34460000,68920.00000081242,302.3905938964217,590
34465000,68930.00000077808,301.313221144939,590
34470000,68940.00000074373,297.0978628629209,590
34475000,68950.00000070939,301.59784848552,590
34480000,68960.00000067505,303.84714606099226,590
34485000,68970.0000006407,299.9251331561192,590
34490000,68980.00000060636,302.32830959469095,590
34495000,68990.00000057202,298.88563420398805,590
34500000,69000.00000053768,302.25684376584474,590
34505000,69010.00000050334,300.83346428217465,590
34510000,69020.000000469,298.9459762595982,590
34515000,69030.00000043465,299.70089201310566,590
34520000,69040.00000040031,301.51547959322403,590
34525000,69050.00000036597,299.73046712448735,590
34530000,69060.00000033162,298.4712295089858,590
34535000,69070.00000029728,301.6022185392913,590
34540000,69080.00000026294,301.36804545588836,590
34545000,69090.0000002286,298.6410656896442,590
34550000,69100.00000019425,300.58163441585725,590
34555000,69110.00000015991,299.71779838274625,590
34560000,69120.00000012557,300.35745948577966,590
34565000,69130.00000009123,299.7917361612005,590
34570000,69140.00000005688,299.74931574024856,590
34575000,69150.00000002254,297.86043724601757,590
34580000,69159.9999999882,298.6155516383328,590
34585000,69169.99999995386,297.90890511511776,590
34590000,69179.99999991951,297.71547505828994,590
34595000,69189.99999988517,299.369805262481,590
34600000,69199.99999985083,300.4412409207087,590
34605000,69209.99999981649,300.2058539334804,590
34610000,69219.99999978214,299.31727633331053,590
34615000,69229.9999997478,299.3688120684421,590
34620000,69239.99999971346,300.99954839646375,590
34625000,69249.99999967912,298.88519278441515,590
34630000,69259.99999964477,300.92243239708483,590
34635000,69269.99999961043,300.17740444200945,590
34640000,69279.99999957609,300.76036520090884,590
34645000,69289.99999954175,299.1938774917171,590
34650000,69299.9999995074,300.97911067024023,590
34655000,69309.99999947306,298.68982048146677,590
34660000,69319.99999943872,298.2275659047663,590
34665000,69329.99999940438,299.3213153224022,590
34670000,69339.99999937003,301.8838883687341,590
34675000,69349.99999933569,303.2738082487813,590
34680000,69359.99999930135,301.1519264330155,590
34685000,69369.999999267,301.90304597819636,590
34690000,69379.99999923266,300.8055003522339,590
34695000,69389.99999919832,300.36427941818033,590
34700000,69399.99999916398,299.2019333989218,590
34705000,69409.99999912964,296.39280545016817,590
34710000,69419.9999990953,298.83615106987025,590
34715000,69429.99999906095,300.4957120959998,590
34720000,69439.99999902661,299.2069876530311,590
34725000,69449.99999899227,299.97477078708744,590
34730000,69459.99999895792,300.8576761457461,590
34735000,69469.99999892358,298.13619205318406,590
34740000,69479.99999888924,298.37793548226153,590
34745000,69489.9999988549,300.5683256157355,590
34750000,69499.99999882055,300.1654861135422,590
34755000,69509.99999878621,300.8029842606686,590
34760000,69519.99999875187,300.71463413316036,590
34765000,69529.99999871753,300.3574153438223,590
34770000,69539.99999868318,299.615477325757,590
34775000,69549.99999864884,302.7814929991691,590
34780000,69559.9999986145,302.0185213384569,590
34785000,69569.99999858016,300.31601018788797,590
34790000,69579.99999854581,298.22787489846735,590
34795000,69589.99999851147,301.39358157817844,590
34800000,69599.99999847713,297.52036760708523,590
34805000,69609.99999844278,299.1558271245365,590
34810000,69619.99999840844,301.57284206671744,590
34815000,69629.9999983741,301.6372231114192,590
34820000,69639.99999833976,302.4821443158331,590
34825000,69649.99999830541,298.60612733045224,590
34830000,69659.99999827107,299.6657770860846,590
34835000,69669.99999823673,298.57664050298513,590
34840000,69679.99999820239,299.0592445219944,590
34845000,69689.99999816804,300.93421829968025,590
34850000,69699.9999981337,299.20879747327984,590
34855000,69709.99999809936,301.0841023156453,590
34860000,69719.99999806502,301.09337212667543,590
34865000,69729.99999803067,298.0678161613478,590
34870000,69739.99999799633,299.75664330515804,590
34875000,69749.99999796199,299.64851758078566,590
34880000,69759.99999792765,301.8859188987693,590
34885000,69769.9999978933,300.22423905869005,590
34890000,69779.99999785896,296.59665300891555,590
34895000,69789.99999782462,303.0224198020368,590
34900000,69799.99999779028,298.84153638865916,590
34905000,69809.99999775593,300.81353418846,590
34910000,69819.99999772159,299.45943550675054,590
34915000,69829.99999768725,299.34448984997744,590
34920000,69839.9999976529,300.07711391505535,590
34925000,69849.99999761856,300.5543546862544,590
34930000,69859.99999758422,298.8544479111654,590
34935000,69869.99999754988,300.18490857474814,590
34940000,69879.99999751554,300.97981694155686,590
34945000,69889.9999974812,300.9920442637251,590
34950000,69899.99999744685,301.1616597345971,590
34955000,69909.99999741251,299.8775481261648,590
34960000,69919.99999737817,299.31932893432435,590
34965000,69929.99999734382,302.1596652468793,590
34970000,69939.99999730948,302.07069713196904,590
34975000,69949.99999727514,301.08575763904355,590
34980000,69959.9999972408,302.05054632846793,590
34985000,69969.99999720645,301.2304770460061,590
34990000,69979.99999717211,300.0614876621761,590
34995000,69989.99999713777,300.334064248418,590
35000000,69999.99999710343,298.05556676820095,590
35005000,70009.99999706908,302.25640234627184,590
35010000,70019.99999703474,300.1241471705438,590
35015000,70029.9999970004,301.6216851424545,590
35020000,70039.99999696606,302.92259276563414,590
35025000,70049.99999693171,300.9024360904342,590
35030000,70059.99999689737,302.24331425593647,590
35035000,70069.99999686303,301.8758766034867,590
35040000,70079.99999682869,301.6053526182587,590
35045000,70089.99999679434,298.2243214709058,590
35050000,70099.99999676,300.8142625307552,590
35055000,70109.99999672566,301.9023617778584,590
35060000,70119.99999669132,300.0604723971585,590
35065000,70129.99999665697,301.5927280184748,590
35070000,70139.99999662263,301.8438957554329,590
35075000,70149.99999658829,302.77471720872563,590
35080000,70159.99999655395,299.734572326515,590
35085000,70169.9999965196,299.5029153346773,590
35090000,70179.99999648526,298.25802385529374,590
35095000,70189.99999645092,300.0297937368446,590
35100000,70199.99999641658,302.7929919790421,590
35105000,70209.99999638223,299.3250011758356,590
35110000,70219.99999634789,302.72051088517827,590
35115000,70229.99999631355,303.05073686763586,590
35120000,70239.9999962792,298.4657559062823,590
35125000,70249.99999624486,300.561616038228,590
35130000,70259.99999621052,300.5762490970684,590
35135000,70269.99999617618,301.7236972057428,590
35140000,70279.99999614184,300.12827444355,590
35145000,70289.9999961075,302.60680120320916,590
35150000,70299.99999607315,301.57103224646863,590
35155000,70309.99999603881,299.3371622850679,590
35160000,70319.99999600447,299.97477078708744,590
35165000,70329.99999597012,300.8277258277274,590
35170000,70339.99999593578,299.7910519608626,590
35175000,70349.99999590144,297.1466617967008,590
35180000,70359.9999958671,300.9371758108184,590
35185000,70369.99999583275,299.2861562534238,590
35190000,70379.99999579841,299.89644088388326,590
35195000,70389.99999576407,299.7569302278804,590
35200000,70399.99999572973,301.8514440301288,590
35205000,70409.99999569538,302.03604569549947,590
35210000,70419.99999566104,303.3743856984578,590
35215000,70429.9999956267,300.11553948887297,590
35220000,70439.99999559236,301.9700534693567,590
35225000,70449.99999555801,300.66071473233535,590
35230000,70459.99999552367,301.5924852377097,590
35235000,70469.99999548933,298.46891205622825,590
35240000,70479.99999545499,298.77929622888576,590
35245000,70489.99999542064,299.27973359863864,590
35250000,70499.9999953863,300.728009146218,590
35255000,70509.99999535196,298.10886818162396,590
35260000,70519.99999531762,299.076526098272,590
35265000,70529.99999528327,301.6102523755174,590
35270000,70539.99999524893,299.6809398484123,590
35275000,70549.99999521459,298.9485364931208,590
35280000,70559.99999518025,304.1219738870557,590
35285000,70569.9999951459,297.41400756100427,590
35290000,70579.99999511156,298.66883098077716,590
35295000,70589.99999507722,300.718121347786,590
35300000,70599.99999504288,298.91273736576176,590
35305000,70609.99999500853,299.88434598758687,590
35310000,70619.99999497419,300.7444078833499,590
35315000,70629.99999493985,299.97845664052085,590
35320000,70639.9999949055,300.55781982990135,590
35325000,70649.99999487116,300.11088251237925,590
35330000,70659.99999483682,301.02872623022984,590
35335000,70669.99999480248,301.804808052256,590
35340000,70679.99999476814,301.97362896789684,590
35345000,70689.9999947338,299.3889628719432,590
35350000,70699.99999469945,297.4433398916209,590
35355000,70709.99999466511,298.9361326031234,590
35360000,70719.99999463077,301.8992497698697,590
35365000,70729.99999459642,299.7259205028869,590
35370000,70739.99999456208,300.02036942896405,590
35375000,70749.99999452774,300.24931169042856,590
35380000,70759.9999944934,301.8715727626513,590
35385000,70769.99999445905,299.29154157221274,590
35390000,70779.99999442471,301.1940599312451,590
35395000,70789.99999439037,301.22259770663055,590
35400000,70799.99999435603,299.73053333742325,590
35405000,70809.99999432168,301.62007396101353,590
35410000,70819.99999428734,299.8776805520366,590
35415000,70829.999994253,298.8221359984319,590
35420000,70839.99999421866,300.45203362926515,590
35425000,70849.99999418431,302.4088465957595,590
35430000,70859.99999414997,301.4523345233263,590
35435000,70869.99999411563,300.5553037383361,590
35440000,70879.99999408128,299.3061967020317,590
35445000,70889.99999404694,301.2460812279068,590
35450000,70899.9999940126,300.9121693920158,590
35455000,70909.99999397826,299.3110302463545,590
35460000,70919.99999394391,301.90489994040234,590
35465000,70929.99999390957,301.0490315305815,590
35470000,70939.99999387523,303.62250764036315,590
35475000,70949.99999384089,300.9476153837166,590
35480000,70959.99999380654,298.997622349623,590
35485000,70969.9999937722,300.3580774731816,590
35490000,70979.99999373786,300.90223745162643,590
35495000,70989.99999370352,297.3642595751428,590
35500000,70999.99999366917,298.61848707849236,590
35505000,71009.99999363483,299.9992475024026,590
35510000,71019.99999360049,299.9023117642023,590
35515000,71029.99999356615,301.2472289187962,590
35520000,71039.9999935318,300.0160214461714,590
35525000,71049.99999349746,300.92243239708483,590
35530000,71059.99999346312,299.73521238489565,590
35535000,71069.99999342878,297.66027554070365,590
35540000,71079.99999339443,302.5379176788642,590
35545000,71089.99999336009,299.8797552240291,590
35550000,71099.99999332575,303.51427156109753,590
35555000,71109.9999932914,297.3598674503928,590
35560000,71119.99999325706,300.74696811687244,590
35565000,71129.99999322272,299.4222679787156,590
35570000,71139.99999318838,300.08413248626385,590
35575000,71149.99999315404,297.6519768527338,590
35580000,71159.9999931197,302.28249024302795,590
35585000,71169.99999308535,300.42418005421763,590
35590000,71179.99999305101,299.03476780667927,590
35595000,71189.99999301667,297.92236841209,590
35600000,71199.99999298232,301.7982529715991,590
35605000,71209.99999294798,300.3782062057041,590
35610000,71219.99999291364,300.5573784103285,590
35615000,71229.9999928793,301.09668277347185,590
35620000,71239.99999284495,301.6533790677859,590
35625000,71249.99999281061,299.62148063194786,590
35630000,71259.99999277627,301.2145197284472,590
35635000,71269.99999274193,300.612997276509,590
35640000,71279.99999270758,298.5218382630144,590
35645000,71289.99999267324,301.87152862069405,590
35650000,71299.9999926389,299.3655014216456,590
35655000,71309.99999260456,297.3226557804006,590
35660000,71319.99999257021,300.670690814682,590
35665000,71329.99999253587,298.75219306711205,590
35670000,71339.99999250153,300.1536339980109,590
35675000,71349.99999246719,299.60647236647065,590
35680000,71359.99999243284,301.3098884271639,590
35685000,71369.9999923985,300.6880827458528,590
35690000,71379.99999236416,302.574533432433,590
35695000,71389.99999232982,300.4314855481485,590
35700000,71399.99999229547,300.65427000657155,590
35705000,71409.99999226113,301.06328938278494,590
35710000,71419.99999222679,301.65927201908363,590
35715000,71429.99999219245,298.877225161125,590
35720000,71439.9999921581,301.8886336291424,590
35725000,71449.99999212376,301.63960677711265,590
35730000,71459.99999208942,302.8022617900722,590
35735000,71469.99999205508,300.8522908269572,590
35740000,71479.99999202073,300.9377496562631,590
35745000,71489.99999198639,298.48738546535253,590
35750000,71499.99999195205,301.95323538363067,590
35755000,71509.9999919177,300.4013807332793,590
35760000,71519.99999188336,300.11900463251993,590
35765000,71529.99999184902,300.5941045187906,590
35770000,71539.99999181468,301.1578855972491,590
35775000,71549.99999178034,301.0188384317978,590
35780000,71559.999991746,299.08904034316254,590
35785000,71569.99999171165,301.52227745464614,590
35790000,71579.99999167731,299.6881791294073,590
35795000,71589.99999164297,297.8090118657792,590
35800000,71599.99999160862,302.06822518236106,590
35805000,71609.99999157428,300.77570453106574,590
35810000,71619.99999153994,301.52613987590865,590
35815000,71629.9999915056,301.7477104305064,590
35820000,71639.99999147125,299.4909528642528,590
35825000,71649.99999143691,301.04426419919463,590
35830000,71659.99999140257,297.7734334482066,590
35835000,71669.99999136823,300.0930050196784,590
35840000,71679.99999133388,299.01867806324844,590
35845000,71689.99999129954,302.2613462454879,590
35850000,71699.9999912652,300.31181670194576,590
35855000,71709.99999123086,301.2019613415993,590
35860000,71719.99999119651,301.7307378479299,590
35865000,71729.99999116217,301.3026712171476,590
35870000,71739.99999112783,300.0016753100534,590
35875000,71749.99999109349,301.2838667433437,590
35880000,71759.99999105914,299.92336747782775,590
35885000,71769.9999910248,301.2591472472635,590
35890000,71779.99999099046,298.9986155436619,590
35895000,71789.99999095612,300.46242906020603,590
35900000,71799.99999092177,301.5350786222591,590
35905000,71809.99999088743,301.83347825351336,590
35910000,71819.99999085309,298.9043945358347,590
35915000,71829.99999081875,299.5169524770943,590
35920000,71839.9999907844,300.832515230093,590
35925000,71849.99999075006,299.6559555005884,590
35930000,71859.99999071572,299.3871751226731,590
35935000,71869.99999068138,298.15760090246783,590
35940000,71879.99999064703,299.0087019809018,590
35945000,71889.99999061269,300.0678661750039,590
35950000,71899.99999057835,301.1913010589147,590
35955000,71909.999990544,297.7354272229832,590
35960000,71919.99999050966,296.69760566522893,590
35965000,71929.99999047532,298.712619802405,590
35970000,71939.99999044098,301.3133094288536,590
35975000,71949.99999040664,298.25625817700234,590
35980000,71959.9999903723,300.91475169651704,590
35985000,71969.99999033795,298.866962156056,590
35990000,71979.99999030361,301.10590844254466,590
35995000,71989.99999026927,300.57075342338624,590
36000000,71999.99999023492,297.3881624450132,590
36005000,72009.99999020058,300.5595413662355,590
36010000,72019.99999016624,299.82265760227943,590
36015000,72029.9999901319,299.43383317152455,590
36020000,72039.99999009755,298.4851121545523,590
36025000,72049.99999006321,300.5120004782384,590
36030000,72059.99999002887,302.6981529838128,590
36035000,72069.99998999453,299.02295983310523,590
36040000,72079.99998996018,300.96864902636344,590
36045000,72089.99998992584,300.4472000849424,590
36050000,72099.9999898915,300.5039004290764,590
36055000,72109.99998985716,300.84536053966326,590
36060000,72119.99998982281,300.03548804933456,590
36065000,72129.99998978847,300.0789237353041,590
36070000,72139.99998975413,302.038296935321,590
36075000,72149.99998971978,300.6598760351469,590
36080000,72159.99998968544,298.54227598923785,590
36085000,72169.9999896511,301.7455474745994,590
36090000,72179.99998961676,299.8173826383838,590
36095000,72189.99998958241,302.2145116288073,590
36100000,72199.99998954807,301.1570027581034,590
36105000,72209.99998951373,299.8861116658783,590
36110000,72219.99998947939,300.46013367842716,590
36115000,72229.99998944504,302.07652387033085,590
36120000,72239.9999894107,298.38577067967987,590
36125000,72249.99998937636,302.1069597498796,590
36130000,72259.99998934202,300.4156165145041,590
36135000,72269.99998930767,300.5693850227104,590
36140000,72279.99998927333,300.48962050589427,590
36145000,72289.99998923899,301.12718486595656,590
36150000,72299.99998920465,301.3998497361131,590
36155000,72309.9999891703,297.1571234405776,590
36160000,72319.99998913596,301.44604429441296,590
36165000,72329.99998910162,299.07034622425186,590
36170000,72339.99998906728,302.20135732553604,590
36175000,72349.99998903293,299.48020429765364,590
36180000,72359.99998899859,300.73112115420673,590
36185000,72369.99998896425,299.4537191232819,590
36190000,72379.9999889299,299.86130388588344,590
36195000,72389.99998889556,299.93140131405386,590
36200000,72399.99998886122,298.853543001041,590
36205000,72409.99998882688,299.90162756386434,590
36210000,72419.99998879254,300.5427894934454,590
36215000,72429.9999887582,300.0689917949148,590
36220000,72439.99998872385,302.1945153221567,590
36225000,72449.99998868951,297.24024274614743,590
36230000,72459.99998865517,301.54289174869876,590
36235000,72469.99998862082,302.6440570151587,590
36240000,72479.99998858648,299.31524580327533,590
36245000,72489.99998855214,299.21855284584007,590
36250000,72499.9999885178,299.65732390126425,590
36255000,72509.99998848345,297.8795065715652,590
36260000,72519.99998844911,301.8463897760196,590
36265000,72529.99998841477,302.2816294748609,590
36270000,72539.99998838043,299.7283041685804,590
36275000,72549.99998834608,301.17567480603543,590
36280000,72559.99998831174,300.90799797705233,590
36285000,72569.9999882774,299.87699635169866,590
36290000,72579.99998824306,299.0131161766304,590
36295000,72589.99998820871,302.29555626238465,590
36300000,72599.99998817437,300.16597167507234,590
36305000,72609.99998814003,300.4910109775488,590
36310000,72619.99998810569,300.517650648771,590
36315000,72629.99998807134,299.1891984442448,590
36320000,72639.999988037,299.66394519485715,590
36325000,72649.99998800266,301.1164362993574,590
36330000,72659.99998796832,301.7993565205312,590
36335000,72669.99998793397,302.3969061963136,590
36340000,72679.99998789963,302.909615030192,590
36345000,72689.99998786529,298.52592139406335,590
36350000,72699.99998783095,301.5580324400479,590
36355000,72709.9999877966,301.0042274439361,590
36360000,72719.99998776226,301.32842804922404,590
36365000,72729.99998772792,304.6171142219343,590
36370000,72739.99998769358,300.2964553008102,590
36375000,72749.99998765923,299.55120663594835,590
36380000,72759.99998762489,299.1596454038417,590
36385000,72769.99998759055,300.53729381976336,590
36390000,72779.9999875562,301.9614016457286,590
36395000,72789.99998752186,300.0186478926299,590
36400000,72799.99998748752,303.2179466018357,590
36405000,72809.99998745318,301.95122692457414,590
36410000,72819.99998741884,301.01111358927267,590
36415000,72829.9999873845,298.8748856373889,590
36420000,72839.99998735015,301.40468328043585,590
36425000,72849.99998731581,301.58398791093214,590
36430000,72859.99998728147,299.0269546802396,590
36435000,72869.99998724712,298.0953166007371,590
36440000,72879.99998721278,299.2271605275109,590
36445000,72889.99998717844,297.8186348124676,590
36450000,72899.9999871441,301.4206847399521,590
36455000,72909.99998710975,299.6995236124298,590
36460000,72919.99998707541,300.92064464781475,590
36465000,72929.99998704107,300.9874314291887,590
36470000,72939.99998700673,300.8990813016805,590
36475000,72949.99998697238,297.5688354761854,590
36480000,72959.99998693804,299.6812929840706,590
36485000,72969.9999869037,299.1632650443392,590
36490000,72979.99998686936,301.2222224999936,590
36495000,72989.99998683501,301.65902923831857,590
36500000,72999.99998680067,300.3565325046766,590
36505000,73009.99998676633,298.51625430541765,590
36510000,73019.99998673199,301.8114072748703,590
36515000,73029.99998669764,299.0588472443788,590
36520000,73039.9999866633,300.45677888967344,590
36525000,73049.99998662896,299.4668954975319,590
36530000,73059.99998659462,301.47385372750324,590
36535000,73069.99998656027,301.6111131436845,590
36540000,73079.99998652593,300.143856554472,590
36545000,73089.99998649159,298.3780016951975,590
36550000,73099.99998645725,300.4755833634773,590
36555000,73109.9999864229,299.4586188805407,590
36560000,73119.99998638856,301.96758151974865,590
36565000,73129.99998635422,301.7813907439157,590
36570000,73139.99998631988,299.9136783182035,590
36575000,73149.99998628553,302.07775984513484,590
36580000,73159.99998625119,299.9512651948326,590
36585000,73169.99998621685,300.97564552659327,590
36590000,73179.9999861825,301.1237417932883,590
36595000,73189.99998614816,299.73254179647984,590
36600000,73199.99998611382,300.29009885896096,590
36605000,73209.99998607948,300.7179668509355,590
36610000,73219.99998604514,299.04516323762016,590
36615000,73229.9999860108,297.45905442841473,590
36620000,73239.99998597645,300.3670382905107,590
36625000,73249.99998594211,299.5987475239456,590
36630000,73259.99998590777,299.1141350458797,590
36635000,73269.99998587342,300.9900578756472,590
36640000,73279.99998583908,300.3050188405237,590
36645000,73289.99998580474,297.5991168588837,590
36650000,73299.9999857704,301.29719761444414,590
36655000,73309.99998573605,299.08252940446283,590
36660000,73319.99998570171,298.6642622881981,590
36665000,73329.99998566737,299.2169195934205,590
36670000,73339.99998563303,298.385947247509,590
36675000,73349.99998559868,300.7464384133851,590
36680000,73359.99998556434,298.0116455207013,590
36685000,73369.99998553,301.9707818116519,590
36690000,73379.99998549565,301.21112079773616,590
36695000,73389.99998546131,301.54971168109944,590
36700000,73399.99998542697,300.90976365534374,590
36705000,73409.99998539263,301.5238224231511,590
36710000,73419.99998535828,299.8451258585381,590
36715000,73429.99998532394,297.7780021407857,590
36720000,73439.9999852896,301.30693091602575,590
36725000,73449.99998525526,299.0875395166148,590
36730000,73459.99998522091,297.63297374012217,590
36735000,73469.99998518657,299.8198545879918,590
36740000,73479.99998515223,298.7232359431324,590
36745000,73489.99998511789,299.5235737706873,590
36750000,73499.99998508354,298.4143746680013,590
36755000,73509.9999850492,299.32608265378906,590
36760000,73519.99998501486,299.62079643161,590
36765000,73529.99998498052,300.66537170882907,590
36770000,73539.99998494617,301.2054044142676,590
36775000,73549.99998491183,300.2188978818585,590
36780000,73559.99998487749,300.89828674644934,590
36785000,73569.99998484315,300.2198027919828,590
36790000,73579.9999848088,300.4902826352536,590
36795000,73589.99998477446,300.05568299479296,590
36800000,73599.99998474012,300.8052134295115,590
36805000,73609.99998470578,299.7725344097811,590
36810000,73619.99998467143,298.69222621813884,590
36815000,73629.99998463709,299.118262318886,590
36820000,73639.99998460275,302.9080038487511,590
36825000,73649.9999845684,297.9371338968022,590
36830000,73659.99998453406,302.2669081321059,590
36835000,73669.99998449972,298.6021104123392,590
36840000,73679.99998446538,299.497309306102,590
36845000,73689.99998443104,301.47987910467276,590
36850000,73699.9999843967,302.1212396730617,590
36855000,73709.99998436235,299.92268327748985,590
36860000,73719.99998432801,299.8254826875458,590
36865000,73729.99998429367,299.6694629395179,590
36870000,73739.99998425932,299.8574193936423,590
36875000,73749.99998422498,299.1921118134257,590
36880000,73759.99998419064,300.5225724770084,590
36885000,73769.9999841563,300.9914704182804,590
36890000,73779.99998412195,298.2520646910601,590
36895000,73789.99998408761,300.3047098468227,590
36900000,73799.99998405327,300.8513638458542,590
36905000,73809.99998401893,299.69775793413834,590
36910000,73819.99998398458,299.3748815875689,590
36915000,73829.99998395024,297.4630272045705,590
36920000,73839.9999839159,299.448091023728,590
36925000,73849.99998388156,302.06127282408846,590
36930000,73859.99998384721,300.9825758138872,590
36935000,73869.99998381287,300.849951303221,590
36940000,73879.99998377853,299.38046554516563,590
36945000,73889.99998374419,296.2350641658062,590
36950000,73899.99998370984,302.68263708582674,590
36955000,73909.9999836755,302.15986388568706,590
36960000,73919.99998364116,300.93936083770404,590
36965000,73929.99998360682,300.6867143451769,590
36970000,73939.99998357247,302.1509472103153,590
36975000,73949.99998353813,300.35763605360876,590
36980000,73959.99998350379,301.71038840562096,590
36985000,73969.99998346945,299.7514345541983,590
36990000,73979.9999834351,299.4619074563585,590
36995000,73989.99998340076,302.6213018361776,590
37000000,73999.99998336642,300.89252622102345,590
37005000,74009.99998333208,300.0195969447115,590
37010000,74019.99998329773,299.6084587545485,590
37015000,74029.99998326339,301.01559399793723,590
37020000,74039.99998322905,300.6919230961367,590
37025000,74049.9999831947,300.54826309614896,590
37030000,74059.99998316036,298.67852014040153,590
37035000,74069.99998312602,301.97080388263055,590
37040000,74079.99998309168,299.5092276345693,590
37045000,74089.99998305734,302.6862125843669,590
37050000,74099.999983023,299.43120672506603,590
37055000,74109.99998298865,302.41493818586497,590
37060000,74119.99998295431,302.6082578877996,590
37065000,74129.99998291997,298.31042035859247,590
37070000,74139.99998288562,298.189868673244,590
37075000,74149.99998285128,301.27892284412764,590
37080000,74159.99998281694,299.9159516290037,590
37085000,74169.9999827826,301.8871107316161,590
37090000,74179.99998274825,300.95050668191885,590
37095000,74189.99998271391,299.4706254929225,590
37100000,74199.99998267957,302.3761153344318,590
37105000,74209.99998264523,301.5966787236519,590
37110000,74219.99998261088,302.11962849162074,590
37115000,74229.99998257654,300.7808029271323,590
37120000,74239.9999825422,299.6122991048324,590
37125000,74249.99998250786,300.4582355742639,590
37130000,74259.99998247351,298.53583126347405,590
37135000,74269.99998243917,301.4561969445888,590
37140000,74279.99998240483,301.0877881690787,590
37145000,74289.99998237049,301.55436865759316,590
37150000,74299.99998233614,300.95280206369773,590
37155000,74309.9999823018,300.87610541291303,590
37160000,74319.99998226746,300.0058025830596,590
37165000,74329.99998223312,302.58517164413894,590
37170000,74339.99998219877,298.6415953931317,590
37175000,74349.99998216443,303.4671279507159,590
37180000,74359.99998213009,300.68684677104875,590
37185000,74369.99998209575,301.5596215505102,590
37190000,74379.9999820614,300.9552298713484,590
37195000,74389.99998202706,301.72396205748646,590
37200000,74399.99998199272,299.3127076407314,590
37205000,74409.99998195838,299.9857400634731,590
37210000,74419.99998192403,302.41588723794666,590
37215000,74429.99998188969,300.98670308689344,590
37220000,74439.99998185535,303.22708398699393,590
37225000,74449.999981821,300.88998805847956,590
37230000,74459.99998178666,299.03673212377845,590
37235000,74469.99998175232,301.2975948920597,590
37240000,74479.99998171798,299.39200866699593,590
37245000,74489.99998168364,300.22785869918755,590
37250000,74499.9999816493,302.70819527909543,590
37255000,74509.99998161495,302.16789772191316,590
37260000,74519.99998158061,305.73127929481495,590
37265000,74529.99998154627,299.275694609547,590
37270000,74539.99998151192,299.992670350767,590
37275000,74549.99998147758,301.74091256908434,590
37280000,74559.99998144324,302.0108406378891,590
37285000,74569.9999814089,303.6130612615039,590
37290000,74579.99998137455,299.721771158902,590
37295000,74589.99998134021,299.98359917854475,590
37300000,74599.99998130587,299.81040820913256,590
37305000,74609.99998127153,301.92072483208943,590
37310000,74619.99998123718,298.9288050382139,590
37315000,74629.99998120284,300.5566942099906,590
37320000,74639.9999811685,300.0041693306401,590
37325000,74649.99998113415,301.7591652684222,590
37330000,74659.99998109981,300.6183384533407,590
37335000,74669.99998106547,301.1784998913017,590
37340000,74679.99998103113,301.3040175468448,590
37345000,74689.99998099678,300.0394608254903,590
37350000,74699.99998096244,300.0363708884803,590
37355000,74709.9999809281,301.4066034555778,590
37360000,74719.99998089376,300.6775990309973,590
37365000,74729.99998085941,300.6979705442849,590
37370000,74739.99998082507,301.1127725169027,590
37375000,74749.99998079073,299.9638897946165,590
37380000,74759.99998075639,300.00754619037247,590
37385000,74769.99998072204,300.0981475577022,590
37390000,74779.9999806877,297.54535195490917,590
37395000,74789.99998065336,299.4571621959503,590
37400000,74799.99998061902,301.65902923831857,590
37405000,74809.99998058467,302.09612289936587,590
37410000,74819.99998055033,300.38454057657464,590
37415000,74829.99998051599,300.0825433758016,590
37420000,74839.99998048165,300.20344819680827,590
37425000,74849.9999804473,299.22629975934376,590
37430000,74859.99998041296,298.3823276070116,590
37435000,74869.99998037862,302.17409966691184,590
37440000,74879.99998034428,297.30879520581277,590
37445000,74889.99998030993,302.14214088983664,590
37450000,74899.99998027559,299.61446206073936,590
37455000,74909.99998024125,298.14872836905334,590
37460000,74919.9999802069,301.2458384471417,590
37465000,74929.99998017256,300.5166353837534,590
37470000,74939.99998013822,299.5176587484109,590
37475000,74949.99998010388,298.9113248231286,590
37480000,74959.99998006954,300.179103907365,590
37485000,74969.9999800352,300.25703653295363,590
37490000,74979.99998000085,299.84166071489113,590
37495000,74989.99997996651,299.50860964716725,590
37500000,74999.99997993217,300.40303605667754,590
37505000,75009.99997989782,301.8838000848196,590
37510000,75019.99997986348,300.28912773590065,590
37515000,75029.99997982914,295.6824289315624,590
37520000,75039.9999797948,299.34833020026133,590
37525000,75049.99997976045,300.78691658821646,590
37530000,75059.99997972611,299.47528246941624,590
37535000,75069.99997969177,298.69012947516774,590
37540000,75079.99997965743,301.6226562655148,590
37545000,75089.99997962308,298.25140256170084,590
37550000,75099.99997958874,299.29723588470256,590
37555000,75109.9999795544,298.89700075798925,590
37560000,75119.99997952006,302.01234146443676,590
37565000,75129.99997948571,300.89442432518683,590
37570000,75139.99997945137,298.0792268573063,590
37575000,75149.99997941703,300.68777375215177,590
37580000,75159.99997938269,301.83612677095056,590
37585000,75169.99997934834,303.59266767723767,590
37590000,75179.999979314,300.51469313763283,590
37595000,75189.99997927966,299.2668882890684,590
37600000,75199.99997924532,301.9487770459447,590
37605000,75209.99997921097,302.2139377833626,590
37610000,75219.99997917663,301.4751338442646,590
37615000,75229.99997914229,299.10866144317623,590
37620000,75239.99997910795,301.902692842538,590
37625000,75249.9999790736,299.30626291496765,590
37630000,75259.99997903926,298.75698246947763,590
37635000,75269.99997900492,301.3619538657829,590
37640000,75279.99997897058,304.0873665925434,590
37645000,75289.99997893623,301.7712380937399,590
37650000,75299.99997890189,302.6713808867188,590
37655000,75309.99997886755,300.243970513597,590
37660000,75319.9999788332,303.25522448476386,590
37665000,75329.99997879886,300.36628787723686,590
37670000,75339.99997876452,300.52698667273705,590
37675000,75349.99997873018,303.5787850316712,590
37680000,75359.99997869584,299.671250688788,590
37685000,75369.9999786615,299.41758893124324,590
37690000,75379.99997862715,303.5589432218711,590
37695000,75389.99997859281,300.53270305620555,590
37700000,75399.99997855847,300.30378286571965,590
37705000,75409.99997852412,296.432886347384,590
37710000,75419.99997848978,299.813476075164,590
37715000,75429.99997845544,298.9061160721688,590
37720000,75439.9999784211,302.2505756079101,590
37725000,75449.99997838675,301.0097451885968,590
37730000,75459.99997835241,299.43224406106225,590
37735000,75469.99997831807,304.0873003796075,590
37740000,75479.99997828373,298.4815145850335,590
37745000,75489.99997824938,300.38438607972415,590
37750000,75499.99997821504,299.0546096164794,590
37755000,75509.9999781807,302.3985835906905,590
37760000,75519.99997814636,300.69622693697204,590
37765000,75529.99997811201,299.91140500740323,590
37770000,75539.99997807767,301.09882365840025,590
37775000,75549.99997804333,297.44250119443245,590
37780000,75559.99997800899,299.3055566436511,590
37785000,75569.99997797464,298.0678603033051,590
37790000,75579.9999779403,300.90755655747944,590
37795000,75589.99997790596,301.4755752638374,590
37800000,75599.99997787162,298.50265858257353,590
37805000,75609.99997783727,301.3930077327337,590
37810000,75619.99997780293,302.9466501323551,590
37815000,75629.99997776859,301.45650593828975,590
37820000,75639.99997773425,298.25616989308776,590
37825000,75649.9999776999,299.0170668818075,590
37830000,75659.99997766556,300.472758278211,590
37835000,75669.99997763122,300.70860875599084,590
37840000,75679.99997759688,299.1991303846342,590
37845000,75689.99997756253,301.4385843036316,590
37850000,75699.99997752819,299.67804855021006,590
37855000,75709.99997749385,298.0471577253379,590
37860000,75719.9999774595,298.3891254684336,590
37865000,75729.99997742516,299.8157493859642,590
37870000,75739.99997739082,300.5133026659783,590
37875000,75749.99997735648,299.64814237414873,590
37880000,75759.99997732214,300.1702975868864,590
37885000,75769.99997728779,303.19689088821025,590
37890000,75779.99997725345,300.6203027704399,590
37895000,75789.99997721911,299.0042877851732,590
37900000,75799.99997718477,301.2767819591993,590
37905000,75809.99997715042,301.3473428779212,590
37910000,75819.99997711608,299.0999654775909,590
37915000,75829.99997708174,301.4136440977649,590
37920000,75839.9999770474,302.49737329109684,590
37925000,75849.99997701305,298.82306297953494,590
37930000,75859.99997697871,300.01827268599294,590
37935000,75869.99997694437,299.64578077943395,590
37940000,75879.99997691002,298.2951913833287,590
37945000,75889.99997687568,300.3706579310082,590
37950000,75899.99997684134,297.966024807846,590
37955000,75909.999976807,300.58576168886356,590
37960000,75919.99997677265,299.8930419531722,590
37965000,75929.99997673831,301.12076221117144,590
37970000,75939.99997670397,299.4543150397053,590
37975000,75949.99997666963,303.17896925355205,590
37980000,75959.99997663528,300.73045902484745,590
37985000,75969.99997660094,298.62947842585663,590
37990000,75979.9999765666,295.6604903787912,590
37995000,75989.99997653226,298.1470509746764,590
38000000,75999.99997649791,301.0653199128201,590
38005000,76009.99997646357,299.0732816644114,590
38010000,76019.99997642923,302.6728375713092,590
38015000,76029.99997639489,300.52546377521065,590
38020000,76039.99997636054,300.1856810590006,590
38025000,76049.9999763262,302.15831891718204,590
38030000,76059.99997629186,300.8747370122372,590
38035000,76069.99997625752,300.56647165352945,590
38040000,76079.99997622317,299.51721732883806,590
38045000,76089.99997618883,300.56483840110985,590
38050000,76099.99997615449,298.69449952893905,590
38055000,76109.99997612015,299.55707751626744,590
38060000,76119.9999760858,297.7432403494229,590
38065000,76129.99997605146,301.24325614264046,590
38070000,76139.99997601712,301.2093330484661,590
38075000,76149.99997598278,303.3219891951591,590
38080000,76159.99997594843,302.3720101324042,590
38085000,76169.99997591409,297.05272771159594,590
38090000,76179.99997587975,301.10215637617534,590
38095000,76189.9999758454,300.3526038704781,590
38100000,76199.99997581106,302.2689386621411,590
38105000,76209.99997577672,300.47818773895716,590
38110000,76219.99997574238,299.96093228347826,590
38115000,76229.99997570804,298.85018821228726,590
38120000,76239.9999756737,299.89979567263697,590
38125000,76249.99997563935,300.85588839647596,590
38130000,76259.99997560501,298.31114870088766,590
38135000,76269.99997557067,300.13701455109265,590
38140000,76279.99997553632,299.4355547078587,590
38145000,76289.99997550198,299.08453786351936,590
38150000,76299.99997546764,299.84150621804065,590
38155000,76309.9999754333,303.3640564804528,590
38160000,76319.99997539895,299.4032207241466,590
38165000,76329.99997536461,298.40647325764706,590
38170000,76339.99997533027,301.0189046447337,590
38175000,76349.99997529593,300.75586272126566,590
38180000,76359.99997526158,300.7766535831474,590
38185000,76369.99997522724,301.028284810657,590
38190000,76379.9999751929,299.6700809269199,590
38195000,76389.99997515856,302.00082041358513,590
38200000,76399.99997512421,301.0127909836496,590
38205000,76409.99997508987,301.8559906517293,590
38210000,76419.99997505553,299.45457989144904,590
38215000,76429.99997502119,299.497927293504,590
38220000,76439.99997498684,298.7028423588662,590
38225000,76449.9999749525,298.84630372004614,590
38230000,76459.99997491816,299.65282142162107,590
38235000,76469.99997488382,299.1947824018415,590
38240000,76479.99997484947,301.7210707592842,590
38245000,76489.99997481513,304.66271286381084,590
38250000,76499.99997478079,301.16914179635705,590
38255000,76509.99997474645,300.17144527777583,590
38260000,76519.9999747121,299.7332480677964,590
38265000,76529.99997467776,299.4993398361372,590
38270000,76539.99997464342,300.970966479121,590
38275000,76549.99997460908,301.51799568478935,590
38280000,76559.99997457473,301.6308004566341,590
38285000,76569.99997454039,298.2853035848966,590
38290000,76579.99997450605,300.6174776851736,590
38295000,76589.9999744717,297.8923960230928,590
38300000,76599.99997443736,297.5798268235496,590
38305000,76609.99997440302,302.75878196214535,590
38310000,76619.99997436868,299.5008848046422,590
38315000,76629.99997433434,300.1351164469294,590
38320000,76639.9999743,300.2772535493907,590
38325000,76649.99997426565,299.2870390925695,590
38330000,76659.99997423131,301.47482485056355,590
38335000,76669.99997419697,301.2996254220949,590
38340000,76679.99997416262,301.2448011111455,590
38345000,76689.99997412828,303.23456604875395,590
38350000,76699.99997409394,301.06982239246327,590
38355000,76709.9999740596,297.6604300375541,590
38360000,76719.99997402525,300.4391441777376,590
38365000,76729.99997399091,298.6400504246267,590
38370000,76739.99997395657,300.1851734264918,590
38375000,76749.99997392223,303.0370970028344,590
38380000,76759.99997388788,297.32638577579127,590
38385000,76769.99997385354,299.43118465408736,590
38390000,76779.9999738192,300.63952659283797,590
38395000,76789.99997378486,301.70974834724035,590
38400000,76799.99997375051,301.2311171043868,590
38405000,76809.99997371617,299.800299700914,590
38410000,76819.99997368183,300.367082432468,590
38415000,76829.99997364749,301.0916726613199,590
38420000,76839.99997361314,300.74295119875944,590
38425000,76849.9999735788,300.7455997161966,590
38430000,76859.99997354446,300.0504080308973,590
38435000,76869.99997351012,302.0145927042584,590
38440000,76879.99997347577,299.9524570276794,590
38445000,76889.99997344143,297.45331597396756,590
38450000,76899.99997340709,301.11166896797056,590
38455000,76909.99997337275,302.99105694138495,590
38460000,76919.9999733384,300.2112613232479,590
38465000,76929.99997330406,298.410247394995,590
38470000,76939.99997326972,300.52879649298575,590
38475000,76949.99997323538,301.00899477532295,590
38480000,76959.99997320103,296.8428327047003,590
38485000,76969.99997316669,301.39057992508293,590
38490000,76979.99997313235,301.0542182105626,590
38495000,76989.999973098,301.09723454793794,590
38500000,76999.99997306366,299.34524026325124,590
38505000,77009.99997302932,299.12280894048644,590
38510000,77019.99997299498,299.1656928519899,590
38515000,77029.99997296064,300.8015937890141,590
38520000,77039.99997292629,300.2989713923755,590
38525000,77049.99997289195,298.1807312880858,590
38530000,77059.99997285761,300.7693922311738,590
38535000,77069.99997282327,299.1032540534087,590
38540000,77079.99997278892,297.69049071046595,590
38545000,77089.99997275458,302.2915614152502,590
38550000,77099.99997272024,299.92775960257774,590
38555000,77109.9999726859,299.3830257786882,590
38560000,77119.99997265155,302.23669296234357,590
38565000,77129.99997261721,299.34537268912317,590
38570000,77139.99997258287,299.8952269800579,590
38575000,77149.99997254852,300.89283521472447,590
38580000,77159.99997251418,302.6114802506815,590
38585000,77169.99997247984,302.139955862951,590
38590000,77179.9999724455,299.81168832589384,590
38595000,77189.99997241115,299.2391671398927,590
38600000,77199.99997237681,298.6152205736532,590
38605000,77209.99997234247,297.7861021899477,590
38610000,77219.99997230813,299.0330021283878,590
38615000,77229.99997227378,300.2306617134752,590
38620000,77239.99997223944,301.0249300219033,590
38625000,77249.9999722051,302.15454477983405,590
38630000,77259.99997217076,301.3907344219334,590
38635000,77269.99997213641,298.98223887750873,590
38640000,77279.99997210207,300.7563041408385,590
38645000,77289.99997206773,300.0868692876156,590
38650000,77299.99997203339,300.5677517702908,590
38655000,77309.99997199904,297.88096325615567,590
38660000,77319.9999719647,301.5116392429402,590
38665000,77329.99997193036,300.06543836735324,590
38670000,77339.99997189602,298.3091843837884,590
38675000,77349.99997186167,301.46941746079597,590
38680000,77359.99997182733,301.5656689986584,590
38685000,77369.99997179299,301.09888987133616,590
38690000,77379.99997175865,299.5280100373945,590
38695000,77389.9999717243,297.67362848278265,590
38700000,77399.99997168996,300.6156899359035,590
38705000,77409.99997165562,300.91839340799316,590
38710000,77419.99997162128,300.9268465928135,590
38715000,77429.99997158693,300.48851695696214,590
38720000,77439.99997155259,302.9839942282192,590
38725000,77449.99997151825,300.6583089956633,590
38730000,77459.9999714839,298.8022941886318,590
38735000,77469.99997144956,302.09334195605686,590
38740000,77479.99997141522,300.5247575038941,590
38745000,77489.99997138088,300.1373235447937,590
38750000,77499.99997134654,298.3019009608362,590
38755000,77509.9999713122,300.6153368002452,590
38760000,77519.99997127785,302.25684376584474,590
38765000,77529.99997124351,300.4126369323873,590
38770000,77539.99997120917,300.6390410313079,590
38775000,77549.99997117482,301.4273943174596,590
38780000,77559.99997114048,299.9236323295715,590
38785000,77569.99997110614,303.2554672655289,590
38790000,77579.9999710718,303.2669441744233,590
38795000,77589.99997103745,298.9529948308067,590
38800000,77599.99997100311,298.39534948441093,590
38805000,77609.99997096877,300.5590558047054,590
38810000,77619.99997093443,298.7492355559739,590
38815000,77629.99997090008,301.87907689538997,590
38820000,77639.99997086574,298.7769346341709,590
38825000,77649.9999708314,302.15615596127503,590
38830000,77659.99997079706,300.4043382444175,590
38835000,77669.99997076271,301.0070966711597,590
38840000,77679.99997072837,299.91193471089065,590
38845000,77689.99997069403,301.98422303764556,590
38850000,77699.99997065969,301.09908851014393,590
38855000,77709.99997062534,298.4368429242599,590
38860000,77719.999970591,298.95211199166096,590
38865000,77729.99997055666,299.72543494135675,590
38870000,77739.99997052232,301.7367632250995,590
38875000,77749.99997048797,298.2611579342611,590
38880000,77759.99997045363,301.3335705872479,590
38885000,77769.99997041929,300.57287223733596,590
38890000,77779.99997038495,301.48135786024187,590
38895000,77789.9999703506,298.28618642404234,590
38900000,77799.99997031626,301.7182677449965,590
38905000,77809.99997028192,298.52336116054073,590
38910000,77819.99997024758,303.1517336659065,590
38915000,77829.99997021323,300.7372127443123,590
38920000,77839.99997017889,300.3458501510134,590
38925000,77849.99997014455,301.3928973778405,590
38930000,77859.9999701102,301.9421116103946,590
38935000,77869.99997007586,301.5042013231374,590
38940000,77879.99997004152,296.2159727692799,590
38945000,77889.99997000718,299.8457879878974,590
38950000,77899.99996997284,300.25465286726023,590
38955000,77909.9999699385,300.9370433849466,590
38960000,77919.99996990415,298.59350273066843,590
38965000,77929.99996986981,300.4085538013383,590
38970000,77939.99996983547,300.62924151679033,590
38975000,77949.99996980112,300.89281314374585,590
38980000,77959.99996976678,301.9754387881456,590
38985000,77969.99996973244,300.8829474162924,590
38990000,77979.9999696981,299.23228099455605,590
38995000,77989.99996966375,299.980244389791,590
39000000,77999.99996962941,301.20072536679527,590
39005000,78009.99996959507,300.1067773103517,590
39010000,78019.99996956073,298.108492974987,590
39015000,78029.99996952638,300.23955631786833,590
39020000,78039.99996949204,301.70652598435845,590
39025000,78049.9999694577,300.95785631780694,590
39030000,78059.99996942336,300.98337036911835,590
39035000,78069.99996938901,301.46683515629474,590
39040000,78079.99996935467,299.97357895424074,590
39045000,78089.99996932033,301.48619140456475,590
39050000,78099.99996928599,302.9787413353021,590
39055000,78109.99996925164,299.3059980632239,590
39060000,78119.9999692173,299.7442614861393,590
39065000,78129.99996918296,299.63662132329705,590
39070000,78139.99996914862,301.4637452192847,590
39075000,78149.99996911427,302.6726610034801,590
39080000,78159.99996907993,300.11993161362295,590
39085000,78169.99996904559,301.26786528382746,590
39090000,78179.99996901125,301.94400971455786,590
39095000,78189.9999689769,305.6808471086155,590
39100000,78199.99996894256,298.64625236962536,590
39105000,78209.99996890822,299.4514458124817,590
39110000,78219.99996887388,299.76489785117053,590
39115000,78229.99996883953,298.5393846910356,590
39120000,78239.99996880519,301.14949862536474,590
39125000,78249.99996877085,301.0303374116708,590
39130000,78259.9999687365,300.27923993746856,590
39135000,78269.99996870216,301.5618286483745,590
39140000,78279.99996866782,299.87481132481304,590
39145000,78289.99996863348,303.1138819375336,590
39150000,78299.99996859914,300.3340201064607,590
39155000,78309.99996856479,300.09825791259544,590
39160000,78319.99996853045,298.8814848600031,590
39165000,78329.99996849611,302.35280838098475,590
39170000,78339.99996846177,302.72282833793577,590
39175000,78349.99996842742,301.1050697453562,590
39180000,78359.99996839308,300.5010532728314,590
39185000,78369.99996835874,303.188680484155,590
39190000,78379.9999683244,298.74742573572513,590
39195000,78389.99996829005,300.4642388804548,590
39200000,78399.99996825571,298.8264398392673,590
39205000,78409.99996822137,299.76419157985396,590
39210000,78419.99996818702,299.8947634895064,590
39215000,78429.99996815268,300.50573232030376,590
39220000,78439.99996811834,300.49502789566185,590
39225000,78449.999968084,298.4073119548355,590
39230000,78459.99996804965,300.58818949651425,590
39235000,78469.99996801531,297.85708245726386,590
39240000,78479.99996798097,298.8460830102597,590
39245000,78489.99996794663,298.1606246265419,590
39250000,78499.99996791228,300.1809357985924,590
39255000,78509.99996787794,300.3562897239115,590
39260000,78519.9999678436,298.9217423250481,590
39265000,78529.99996780926,300.1883295764378,590
39270000,78539.99996777491,301.6931289003221,590
39275000,78549.99996774057,301.5236679263006,590
39280000,78559.99996770623,298.63415747332897,590
39285000,78569.99996767189,300.95831980835845,590
39290000,78579.99996763754,301.67070478602074,590
39295000,78589.9999676032,297.59381982400936,590
39300000,78599.99996756886,301.518944736871,590
39305000,78609.99996753452,298.437946473192,590
39310000,78619.99996750017,299.74991165667194,590
39315000,78629.99996746583,299.5844455297849,590
39320000,78639.99996743149,299.18443111285785,590
39325000,78649.99996739715,299.40728178421693,590
39330000,78659.9999673628,300.5704444296852,590
39335000,78669.99996732846,300.46962419924364,590
39340000,78679.99996729412,298.6078488667864,590
39345000,78689.99996725978,302.18286184543314,590
39350000,78699.99996722543,303.1662122278964,590
39355000,78709.99996719109,299.507020536705,590
39360000,78719.99996715675,299.23431152459125,590
39365000,78729.9999671224,299.85247549442624,590
39370000,78739.99996708806,301.5136035600394,590
39375000,78749.99996705372,300.9142661349869,590
39380000,78759.99996701938,300.5851657724402,590
39385000,78769.99996698504,299.7207117519272,590
39390000,78779.9999669507,298.6923807149893,590
39395000,78789.99996691635,299.8800642177301,590
39400000,78799.99996688201,298.92924645778675,590
39405000,78809.99996684767,302.65743202821636,590
39410000,78819.99996681332,300.3714304152607,590
39415000,78829.99996677898,301.5838996270176,590
39420000,78839.99996674464,299.5683778573327,590
39425000,78849.9999667103,299.48837055975156,590
39430000,78859.99996667595,297.88769490464176,590
39435000,78869.99996664161,300.0288226137843,590
39440000,78879.99996660727,299.2459650013148,590
39445000,78889.99996657293,301.0814317272295,590
39450000,78899.99996653858,302.0139305748991,590
39455000,78909.99996650424,302.8539078800969,590
39460000,78919.9999664699,298.65296194713284,590
39465000,78929.99996643556,302.20936909078347,590
39470000,78939.99996640121,299.8767535709336,590
39475000,78949.99996636687,299.1464469586131,590
39480000,78959.99996633253,299.6384752855031,590
39485000,78969.99996629819,299.83192741330953,590
39490000,78979.99996626384,299.32021177347,590
39495000,78989.9999662295,300.5702678618561,590
39500000,78999.99996619516,301.3126693704729,590
39505000,79009.99996616082,300.08938537918095,590
39510000,79019.99996612647,299.2805722958271,590
39515000,79029.99996609213,298.5837915000655,590
39520000,79039.99996605779,302.92954512390673,590
39525000,79049.99996602345,299.4434119762556,590
39530000,79059.9999659891,300.2845149013643,590
39535000,79069.99996595476,298.5766846449424,590
39540000,79079.99996592042,298.8152719240739,590
39545000,79089.99996588608,299.383842404898,590
39550000,79099.99996585173,299.4838018671724,590
39555000,79109.99996581739,301.3105946984805,590
39560000,79119.99996578305,299.992052363365,590
39565000,79129.9999657487,300.5227269738589,590
39570000,79139.99996571436,300.1072408009032,590
39575000,79149.99996568002,299.8025950826929,590
39580000,79159.99996564568,300.61540301318115,590
39585000,79169.99996561134,301.99905473529367,590
39590000,79179.999965577,301.7038774669213,590
39595000,79189.99996554265,301.4822848413449,590
39600000,79199.99996550831,299.0913798668987,590
39605000,79209.99996547397,300.3570842791427,590
39610000,79219.99996543962,304.3744658827324,590
39615000,79229.99996540528,301.04377863766445,590
39620000,79239.99996537094,297.2399558234251,590
39625000,79249.9999653366,300.06817516870495,590
39630000,79259.99996530225,301.51119782336735,590
39635000,79269.99996526791,300.55119853630845,590
39640000,79279.99996523357,300.14544566493436,590
39645000,79289.99996519923,298.44699557443573,590
39650000,79299.99996516488,300.29936866999105,590
39655000,79309.99996513054,301.50351712279956,590
39660000,79319.9999650962,298.03111212386443,590
39665000,79329.99996506186,298.9860130148567,590
39670000,79339.99996502751,301.15073460016873,590
39675000,79349.99996499317,300.40455895420394,590
39680000,79359.99996495883,300.25518257074765,590
39685000,79369.99996492449,300.16914989599695,590
39690000,79379.99996489014,302.3433178601682,590
39695000,79389.9999648558,301.11630387348555,590
39700000,79399.99996482146,299.1648762257801,590
39705000,79409.99996478712,301.2938869676477,590
39710000,79419.99996475277,298.6770413848324,590
39715000,79429.99996471843,299.6740095611184,590
39720000,79439.99996468409,303.39539727012595,590
39725000,79449.99996464975,299.29112222361846,590
39730000,79459.9999646154,301.10908666346927,590
39735000,79469.99996458106,300.267586460745,590
39740000,79479.99996454672,302.1622475513805,590
39745000,79489.99996451238,303.41707097115346,590
39750000,79499.99996447803,299.17968585244967,590
39755000,79509.99996444369,300.20781825057963,590
39760000,79519.99996440935,301.45319529149333,590
39765000,79529.999964375,298.22182745031915,590
39770000,79539.99996434066,296.71539487401526,590
39775000,79549.99996430632,299.50476929688335,590
39780000,79559.99996427198,302.9156845493189,590
39785000,79569.99996423764,298.2746874441693,590
39790000,79579.99996420329,303.14343497793675,590
39795000,79589.99996416895,299.458354028797,590
39800000,79599.99996413461,299.57665447432385,590
39805000,79609.99996410027,299.4663216520871,590
39810000,79619.99996406592,298.7022023004855,590
39815000,79629.99996403158,300.38182584620154,590
39820000,79639.99996399724,300.10980103442574,590
39825000,79649.9999639629,298.558652655391,590
39830000,79659.99996392855,300.8382095425829,590
39835000,79669.99996389421,300.9365578234164,590
39840000,79679.99996385987,300.1318940840475,590
39845000,79689.99996382552,300.7846653483948,590
39850000,79699.99996379118,300.1559514507684,590
39855000,79709.99996375684,299.9643312141893,590
39860000,79719.9999637225,300.71571561111386,590
39865000,79729.99996368815,299.0573905597884,590
39870000,79739.99996365381,303.36158453084477,590
39875000,79749.99996361947,300.1581364776541,590
39880000,79759.99996358513,303.8382514565991,590
39885000,79769.99996355078,296.8837081571473,590
39890000,79779.99996351644,299.7746532237308,590
39895000,79789.9999634821,298.55693111905686,590
39900000,79799.99996344776,300.9340196608725,590
39905000,79809.99996341341,302.76156290545435,590
39910000,79819.99996337907,301.42708532375855,590
39915000,79829.99996334473,304.6140242849243,590
39920000,79839.99996331039,297.98685981168506,590
39925000,79849.99996327604,299.5110815967753,590
39930000,79859.9999632417,299.7816717949393,590
39935000,79869.99996320736,301.3514922219061,590
39940000,79879.99996317302,300.0963156664749,590
39945000,79889.99996313867,299.0838315922028,590
39950000,79899.99996310433,298.16892331451174,590
39955000,79909.99996306999,299.99143437596297,590
39960000,79919.99996303565,302.1432885807261,590
39965000,79929.9999630013,300.3884912817518,590
39970000,79939.99996296696,298.8335908363477,590
39975000,79949.99996293262,298.0690962781091,590
39980000,79959.99996289828,300.61714662049394,590
39985000,79969.99996286393,300.07570137242226,590
39990000,79979.99996282959,300.4256146678294,590
39995000,79989.99996279525,298.63097925240436,590
40000000,79999.9999627609,300.2181033266273,590
40005000,80009.99996272656,300.29822097910164,590
40010000,80019.99996269222,298.68578149237504,590
40015000,80029.99996265788,299.4313612219166,590
40020000,80039.99996262354,298.5049981063097,590
40025000,80049.9999625892,300.5673986346325,590
40030000,80059.99996255485,301.0278433910841,590
40035000,80069.99996252051,302.23188148899936,590
40040000,80079.99996248617,299.2898421068572,590
40045000,80089.99996245182,299.27256053057965,590
40050000,80099.99996241748,301.51234551425677,590
40055000,80109.99996238314,300.28180017099123,590
40060000,80119.9999623488,298.9533700374436,590
40065000,80129.99996231445,298.0478198546972,590
40070000,80139.99996228011,300.143613773707,590
40075000,80149.99996224577,296.8008537033212,590
40080000,80159.99996221143,298.7618380847791,590
40085000,80169.99996217708,302.4285339087091,590
40090000,80179.99996214274,299.1128770000971,590
40095000,80189.9999621084,303.2175934661774,590
40100000,80199.99996207406,297.3348389606116,590
40105000,80209.99996203971,297.82510160921004,590
40110000,80219.99996200537,299.0112401434458,590
40115000,80229.99996197103,301.06231825972463,590
40120000,80239.99996193669,300.0047431760848,590
40125000,80249.99996190234,299.791647877286,590
40130000,80259.999961868,301.722505372896,590
40135000,80269.99996183366,298.988838100123,590
40140000,80279.99996179932,300.4891570153428,590
40145000,80289.99996176497,301.46001522389406,590
40150000,80299.99996173063,298.8395500005813,590
40155000,80309.99996169629,304.86417675686477,590
40160000,80319.99996166195,299.7347930363014,590
40165000,80329.9999616276,300.63343500273254,590
40170000,80339.99996159326,300.1135972427524,590
40175000,80349.99996155892,301.14662939814116,590
40180000,80359.99996152458,302.6343016425984,590
40185000,80369.99996149023,299.6870535094965,590
40190000,80379.99996145589,300.76321235715375,590
40195000,80389.99996142155,302.07111648056326,590
40200000,80399.9999613872,299.6530862733648,590
40205000,80409.99996135286,299.51893886517223,590
40210000,80419.99996131852,302.11517015393486,590
40215000,80429.99996128418,300.5339611019882,590
40220000,80439.99996124984,300.65285746393846,590
40225000,80449.9999612155,300.05936884822637,590
40230000,80459.99996118115,300.9050846078714,590
40235000,80469.99996114681,300.5285757831993,590
40240000,80479.99996111247,298.101319906928,590
40245000,80489.99996107812,297.0271033053913,590
40250000,80499.99996104378,298.1374280279881,590
40255000,80509.99996100944,303.1983917147579,590
40260000,80519.9999609751,300.83951173032284,590
40265000,80529.99996094075,299.5229999252426,590
40270000,80539.99996090641,298.2608489405601,590
40275000,80549.99996087207,300.6860080738603,590
40280000,80559.99996083773,301.34359081155185,590
40285000,80569.99996080338,298.61570613518336,590
40290000,80579.99996076904,301.4439034094846,590
40295000,80589.9999607347,300.61489538067235,590
40300000,80599.99996070036,298.90419589702685,590
40305000,80609.99996066601,301.1784998913017,590
40310000,80619.99996063167,298.10666108375966,590
40315000,80629.99996059733,300.74186972080594,590
40320000,80639.99996056299,303.17702700743143,590
40325000,80649.99996052864,301.79472161501616,590
40330000,80659.9999604943,302.2746109036524,590
40335000,80669.99996045996,299.66436454345137,590
40340000,80679.99996042562,300.6777976698051,590
40345000,80689.99996039127,302.26092689689364,590
40350000,80699.99996035693,300.2403950150568,590
40355000,80709.99996032259,297.77855391525185,590
40360000,80719.99996028825,300.8915771689418,590
40365000,80729.9999602539,302.8201834247303,590
40370000,80739.99996021956,303.1023829576606,590
40375000,80749.99996018522,299.867020269352,590
40380000,80759.99996015088,302.5797421833928,590
40385000,80769.99996011653,301.1356821927342,590
40390000,80779.99996008219,303.4560483194371,590
40395000,80789.99996004785,297.23479121442256,590
40400000,80799.9999600135,296.22994369876096,590
40405000,80809.99995997916,299.2922699145079,590
40410000,80819.99995994482,301.2356416550086,590
40415000,80829.99995991048,300.70203160435517,590
40420000,80839.99995987614,299.81250495210367,590
40425000,80849.99995984179,302.0477874561376,590
40430000,80859.99995980745,300.54574700458363,590
40435000,80869.99995977311,298.91064062279065,590
40440000,80879.99995973877,299.0211500128564,590
40445000,80889.99995970442,301.4005560074296,590
40450000,80899.99995967008,300.7915514937315,590
40455000,80909.99995963574,300.5699367971764,590
40460000,80919.9999596014,299.7830622665938,590
40465000,80929.99995956705,299.5840482521693,590
40470000,80939.99995953271,302.2615890262529,590
40475000,80949.99995949837,301.5973849949685,590
40480000,80959.99995946402,299.4815726983295,590
40485000,80969.99995942968,299.3185123081145,590
40490000,80979.99995939534,300.1835622450509,590
40495000,80989.999959361,299.04794418092916,590
40500000,80999.99995932665,299.14073057514463,590
40505000,81009.99995929231,300.6872219776857,590
40510000,81019.99995925797,299.9345795349784,590
40515000,81029.99995922363,298.1973948769613,590
40520000,81039.99995918928,300.9536407608862,590
40525000,81049.99995915494,297.7216990742673,590
40530000,81059.9999591206,299.8119090356803,590
40535000,81069.99995908626,300.26756438976645,590
40540000,81079.99995905191,299.81552867617773,590
40545000,81089.99995901757,301.28404331117287,590
40550000,81099.99995898323,300.251761569058,590
40555000,81109.99995894889,301.20035016015834,590
40560000,81119.99995891454,298.27854986543184,590
40565000,81129.9999588802,296.4251835758376,590
40570000,81139.99995884586,300.98877775888593,590
40575000,81149.99995881152,301.9239471949713,590
40580000,81159.99995877717,298.54499071961095,590
40585000,81169.99995874283,301.78754854695717,590
40590000,81179.99995870849,301.4688215443726,590
40595000,81189.99995867415,299.23607720288265,590
40600000,81199.9999586398,301.11414091757854,590
40605000,81209.99995860546,298.8424192278049,590
40610000,81219.99995857112,300.24931169042856,590
40615000,81229.99995853678,301.0434696439634,590
40620000,81239.99995850243,300.3703268663285,590
40625000,81249.99995846809,301.3563699081862,590
40630000,81259.99995843375,300.25791937209937,590
40635000,81269.9999583994,299.4284699237143,590
40640000,81279.99995836506,299.672861870229,590
40645000,81289.99995833072,300.1932955466325,590
40650000,81299.99995829638,299.03452502591415,590
40655000,81309.99995826204,299.27633466792764,590
40660000,81319.9999582277,301.02082481987566,590
40665000,81329.99995819335,300.2139539826424,590
40670000,81339.99995815901,298.07311319622215,590
40675000,81349.99995812467,300.52705288567296,590
40680000,81359.99995809032,302.82113247681195,590
40685000,81369.99995805598,300.67475187475236,590
40690000,81379.99995802164,298.9019225862266,590
40695000,81389.9999579873,299.7164741240277,590
40700000,81399.99995795295,300.7643600480432,590
40705000,81409.99995791861,299.7764189020222,590
40710000,81419.99995788427,301.1413765052241,590
40715000,81429.99995784993,297.2782489713707,590
40720000,81439.99995781558,299.7833933312735,590
40725000,81449.99995778124,299.0166696041919,590
40730000,81459.9999577469,301.5731289894398,590
40735000,81469.99995771256,298.5244647094729,590
40740000,81479.99995767821,301.17501267667615,590
40745000,81489.99995764387,299.4180303508161,590
40750000,81499.99995760953,300.15325879137396,590
40755000,81509.99995757519,298.89605170590755,590
40760000,81519.99995754084,299.63015452655463,590
40765000,81529.9999575065,302.40789754367785,590
40770000,81539.99995747216,299.45632349876183,590
40775000,81549.99995743782,301.37387219425017,590
40780000,81559.99995740347,300.97326186089987,590
40785000,81569.99995736913,298.00873215152035,590
40790000,81579.99995733479,301.3442750118898,590
40795000,81589.99995730045,300.2958814553655,590
40800000,81599.9999572661,298.89450673740254,590
40805000,81609.99995723176,301.7472248689763,590
40810000,81619.99995719742,300.2374816458759,590
40815000,81629.99995716308,300.5437385455271,590
40820000,81639.99995712873,301.924521040416,590
40825000,81649.99995709439,300.7263096808626,590
40830000,81659.99995706005,298.0755851458302,590
40835000,81669.9999570257,300.66459922457653,590
40840000,81679.99995699136,300.6924086576668,590
40845000,81689.99995695702,299.78542386130863,590
40850000,81699.99995692268,300.10810156907024,590
40855000,81709.99995688834,300.089319166245,590
40860000,81719.999956854,302.79541978669283,590
40865000,81729.99995681965,301.03989414542326,590
40870000,81739.99995678531,300.09062135398494,590
40875000,81749.99995675097,297.64312639029794,590
40880000,81759.99995671662,298.8500999283727,590
40885000,81769.99995668228,300.36030664202457,590
40890000,81779.99995664794,301.7733789786683,590
40895000,81789.9999566136,299.4683521821223,590
40900000,81799.99995657925,299.62395258155595,590
40905000,81809.99995654491,298.7014739581903,590
40910000,81819.99995651057,299.84545692321774,590
40915000,81829.99995647623,299.02172385830124,590
40920000,81839.99995644188,297.8802790558177,590
40925000,81849.99995640754,300.75610550203066,590
40930000,81859.9999563732,299.4207892231465,590
40935000,81869.99995633886,299.7939432590648,590
40940000,81879.99995630451,299.5907136877195,590
40945000,81889.99995627017,297.36779093172566,590
40950000,81899.99995623583,301.54748251225647,590
40955000,81909.99995620149,302.2801507192918,590
40960000,81919.99995616714,299.3429890234297,590
40965000,81929.9999561328,302.57903591207617,590
40970000,81939.99995609846,299.9338511926832,590
40975000,81949.99995606412,299.2536236309039,590
40980000,81959.99995602977,300.8735231084118,590
40985000,81969.99995599543,301.8281150057031,590
40990000,81979.99995596109,300.6424399620189,590
40995000,81989.99995592675,301.5289870321536,590
41000000,81999.9999558924,300.53042974540534,590
41005000,82009.99995585806,303.114168860256,590
41010000,82019.99995582372,303.84017163174104,590
41015000,82029.99995578938,298.53580919249544,590
41020000,82039.99995575503,302.44391738082334,590
41025000,82049.99995572069,302.28478562480683,590
41030000,82059.99995568635,299.64646497977185,590
41035000,82069.999955652,299.8227238152154,590
41040000,82079.99995561766,298.8790570523524,590
41045000,82089.99995558332,298.6416836770462,590
41050000,82099.99995554898,299.3453947601018,590
41055000,82109.99995551464,300.13679384130626,590
41060000,82119.99995548029,300.87038902944454,590
41065000,82129.99995544595,300.7415386561263,590
41070000,82139.99995541161,302.80177622854205,590
41075000,82149.99995537726,302.4954310449762,590
41080000,82159.99995534292,303.8675837872157,590
41085000,82169.99995530858,300.3481234618136,590
41090000,82179.99995527424,299.91027938749244,590
41095000,82189.9999552399,300.10366530236297,590
41100000,82199.99995520555,301.5917127534572,590
41105000,82209.99995517121,301.73742535445876,590
41110000,82219.99995513687,300.7791034617768,590
41115000,82229.99995510252,300.4816749535828,590
41120000,82239.99995506818,301.72519803229045,590
41125000,82249.99995503384,298.7632726983909,590
41130000,82259.9999549995,300.9098960812156,590
41135000,82269.99995496515,299.6657991570632,590
41140000,82279.99995493081,297.80428867634964,590
41145000,82289.99995489647,300.17122456798944,590
41150000,82299.99995486213,300.30263517483024,590
41155000,82309.99995482778,298.33849464342643,590
41160000,82319.99995479344,300.05886121571757,590
41165000,82329.9999547591,298.5767508578783,590
41170000,82339.99995472476,298.4357835172851,590
41175000,82349.99995469041,300.55492853169915,590
41180000,82359.99995465607,298.4160962043355,590
41185000,82369.99995462173,299.63595919393777,590
41190000,82379.99995458739,299.4089371076152,590
41195000,82389.99995455304,300.5224621221152,590
41200000,82399.9999545187,301.95504520387937,590
41205000,82409.99995448436,300.26034717975017,590
41210000,82419.99995445002,300.0090911588775,590
41215000,82429.99995441567,296.0999456345533,590
41220000,82439.99995438133,300.1999168402254,590
41225000,82449.99995434699,300.04696495822895,590
41230000,82459.99995431265,301.6362961303162,590
41235000,82469.9999542783,300.53427009568924,590
41240000,82479.99995424396,301.0379077573454,590
41245000,82489.99995420962,302.40021684311006,590
41250000,82499.99995417528,299.1786264454748,590
41255000,82509.99995414093,301.00449229567977,590
41260000,82519.99995410659,300.74067788795924,590
41265000,82529.99995407225,298.38850748103164,590
41270000,82539.9999540379,299.74911710144073,590
41275000,82549.99995400356,299.72210222358166,590
41280000,82559.99995396922,298.77276321920743,590
41285000,82569.99995393488,299.5854166528451,590
41290000,82579.99995390054,298.9432836002037,590
41295000,82589.9999538662,299.4176772151578,590
41300000,82599.99995383185,300.7613804659264,590
41305000,82609.99995379751,299.8406013079163,590
41310000,82619.99995376317,302.5516016856228,590
41315000,82629.99995372882,299.46760176884845,590
41320000,82639.99995369448,302.8877206193781,590
41325000,82649.99995366014,298.9161362964728,590
41330000,82659.9999536258,299.83309717517767,590
41335000,82669.99995359145,299.6121004660246,590
41340000,82679.99995355711,302.01938210662394,590
41345000,82689.99995352277,298.80882719831015,590
41350000,82699.99995348843,299.23219271064147,590
41355000,82709.99995345408,300.33148194391674,590
41360000,82719.99995341974,302.6553352852453,590
41365000,82729.9999533854,302.0577856094629,590
41370000,82739.99995335106,302.3387491675891,590
41375000,82749.99995331671,298.74769058746887,590
41380000,82759.99995328237,299.33590423928524,590
41385000,82769.99995324803,301.36645634542606,590
41390000,82779.99995321369,301.3325553222303,590
41395000,82789.99995317934,299.1891543022875,590
41400000,82799.999953145,302.09175284559456,590
41405000,82809.99995311066,299.5770076099821,590
41410000,82819.99995307632,298.9144147601386,590
41415000,82829.99995304197,301.09425496582116,590
41420000,82839.99995300763,298.5687832345882,590
41425000,82849.99995297329,301.67480998804837,590
41430000,82859.99995293895,299.5595053239182,590
41435000,82869.9999529046,303.04486598731677,590
41440000,82879.99995287026,299.1898605736041,590
41445000,82889.99995283592,302.6004889033172,590
41450000,82899.99995280158,300.03566461716366,590
41455000,82909.99995276723,299.84386781275543,590
41460000,82919.99995273289,302.6326021772429,590
41465000,82929.99995269855,297.97502976713236,590
41470000,82939.9999526642,302.02068429436383,590
41475000,82949.99995262986,300.978757534582,590
41480000,82959.99995259552,301.03461918152755,590
41485000,82969.99995256118,299.91197885284794,590
41490000,82979.99995252684,301.35005760829426,590
41495000,82989.9999524925,296.8886299853847,590
41500000,82999.99995245815,300.59044073633584,590
41505000,83009.99995242381,300.31258918619824,590
41510000,83019.99995238947,299.0522038798073,590
41515000,83029.99995235512,299.7100293982639,590
41520000,83039.99995232078,300.80558863614846,590
41525000,83049.99995228644,299.84704603368004,590
41530000,83059.9999522521,301.29496844560117,590
41535000,83069.99995221775,300.33101845336523,590
41540000,83079.99995218341,299.5408774179434,590
41545000,83089.99995214907,303.99422706266967,590
41550000,83099.99995211473,300.60454409168875,590
41555000,83109.99995208038,298.9127152947831,590
41560000,83119.99995204604,300.03809242481447,590
41565000,83129.9999520117,301.71292656816496,590
41570000,83139.99995197736,299.950867917217,590
41575000,83149.99995194301,299.3263916474901,590
41580000,83159.99995190867,301.42097166267445,590
41585000,83169.99995187433,298.01811231744364,590
41590000,83179.99995183999,301.2560573102535,590
41595000,83189.99995180564,300.15175796482623,590
41600000,83199.9999517713,301.699198419449,590
41605000,83209.99995173696,300.54751268287504,590
41610000,83219.99995170262,301.5143539733133,590
41615000,83229.99995166827,300.59858492745514,590
41620000,83239.99995163393,299.7571288666882,590
41625000,83249.99995159959,301.1363884640507,590
41630000,83259.99995156525,300.9432674009239,590
41635000,83269.9999515309,302.6572775313658,590
41640000,83279.99995149656,303.26954854990316,590
41645000,83289.99995146222,299.240447256654,590
41650000,83299.99995142788,300.26125208987446,590
41655000,83309.99995139353,300.69046641154625,590
41660000,83319.99995135919,299.34524026325124,590
41665000,83329.99995132485,301.3289577527115,590
41670000,83339.9999512905,300.9547443098183,590
41675000,83349.99995125616,301.3094690785697,590
41680000,83359.99995122182,298.34282055524045,590
41685000,83369.99995118748,300.1818627796954,590
41690000,83379.99995115314,301.1770211357326,590
41695000,83389.99995111879,299.7528912387887,590
41700000,83399.99995108445,297.3838806751565,590
41705000,83409.99995105011,301.85356284407857,590
41710000,83419.99995101576,299.09221856408715,590
41715000,83429.99995098142,297.81102032483574,590
41720000,83439.99995094708,299.36779680342454,590
41725000,83449.99995091274,299.68798049059944,590
41730000,83459.9999508784,301.0954247276892,590
41735000,83469.99995084405,298.0886070232296,590
41740000,83479.99995080971,299.7823339242986,590
41745000,83489.99995077537,299.23047117430735,590
41750000,83499.99995074102,300.2362236000933,590
41755000,83509.99995070668,302.03732581226075,590
41760000,83519.99995067234,299.78171593689655,590
41765000,83529.999950638,299.11570208536335,590
41770000,83539.99995060365,299.75048550211665,590
41775000,83549.99995056931,301.731598616097,590
41780000,83559.99995053497,301.54467949796884,590
41785000,83569.99995050063,301.24120354162665,590
41790000,83579.99995046628,301.0405121328253,590
41795000,83589.99995043194,298.49321220371434,590
41800000,83599.9999503976,301.14413537755445,590
41805000,83609.99995036326,300.87312583079625,590
41810000,83619.99995032891,300.84935538679764,590
41815000,83629.99995029457,298.9245232683571,590
41820000,83639.99995026023,300.5312243006365,590
41825000,83649.99995022589,298.7638024018783,590
41830000,83659.99995019154,299.1933477882297,590
41835000,83669.9999501572,301.7395883103658,590
41840000,83679.99995012286,301.775497792618,590
41845000,83689.99995008852,298.09752369860144,590
41850000,83699.99995005417,302.3509764897574,590
41855000,83709.99995001983,301.05044407321463,590
41860000,83719.99994998549,302.6518922125769,590
41865000,83729.99994995115,301.1263240977895,590
41870000,83739.9999499168,298.0869958417887,590
41875000,83749.99994988246,299.4723691002353,590
41880000,83759.99994984812,300.7547371013548,590
41885000,83769.99994981378,300.4558298375918,590
41890000,83779.99994977943,299.038431589134,590
41895000,83789.99994974509,300.61657277504924,590
41900000,83799.99994971075,302.01596110493426,590
41905000,83809.9999496764,300.44335973465843,590
41910000,83819.99994964206,303.29135467680254,590
41915000,83829.99994960772,298.9426214708444,590
41920000,83839.99994957338,300.00008619959107,590
41925000,83849.99994953904,300.56481633013124,590
41930000,83859.9999495047,298.88276497676446,590
41935000,83869.99994947035,301.28258662658243,590
41940000,83879.99994943601,302.7043990707688,590
41945000,83889.99994940167,298.68728231892277,590
41950000,83899.99994936732,302.5251385822298,590
41955000,83909.99994933298,298.37914938608697,590
41960000,83919.99994929864,300.6110550303885,590
41965000,83929.9999492643,298.8000870907675,590
41970000,83939.99994922995,299.7394279418165,590
41975000,83949.99994919561,302.8844982564962,590
41980000,83959.99994916127,302.2713664697919,590
41985000,83969.99994912693,301.1212036307443,590
41990000,83979.99994909258,299.82453363546415,590
41995000,83989.99994905824,301.78397304841695,590
42000000,83999.9999490239,300.2493558323859,590
42005000,84009.99994898956,301.2327062148491,590
42010000,84019.99994895521,299.6498418395043,590
42015000,84029.99994892087,297.8390283967338,590
42020000,84039.99994888653,299.3792737123189,590
42025000,84049.99994885219,298.29037990998455,590
42030000,84059.99994881784,300.2081493152593,590
42035000,84069.9999487835,299.90955104519725,590
42040000,84079.99994874916,301.46890982828717,590
42045000,84089.99994871482,301.9949716042447,590
42050000,84099.99994868047,302.0646276128422,590
42055000,84109.99994864613,301.462862380139,590
42060000,84119.99994861179,299.48876783736716,590
42065000,84129.99994857745,298.8973759646262,590
42070000,84139.9999485431,302.0014825429444,590
42075000,84149.99994850876,301.4126288327474,590
42080000,84159.99994847442,299.4750396886511,590
42085000,84169.99994844008,303.0042995285708,590
42090000,84179.99994840573,299.2854058401499,590
42095000,84189.99994837139,297.7111491464759,590
42100000,84199.99994833705,300.4063908454313,590
42105000,84209.9999483027,299.9599170184607,590
42110000,84219.99994826836,300.16129262760006,590
42115000,84229.99994823402,299.4659023034929,590
42120000,84239.99994819968,302.00744170717803,590
42125000,84249.99994816534,300.8537916535049,590
42130000,84259.999948131,300.83361877902513,590
42135000,84269.99994809665,299.69652195933435,590
42140000,84279.99994806231,301.47277224954973,590
42145000,84289.99994802797,298.732285044376,590
42150000,84299.99994799362,300.31190498586034,590
42155000,84309.99994795928,302.8515683563608,590
42160000,84319.99994792494,298.9350511251699,590
42165000,84329.9999478906,301.3062467156878,590
42170000,84339.99994785625,300.1921919977003,590
42175000,84349.99994782191,300.8376356971382,590
42180000,84359.99994778757,301.3329746708245,590
42185000,84369.99994775323,302.65290747759457,590
42190000,84379.99994771888,295.4557158389408,590
42195000,84389.99994768454,301.643976830884,590
42200000,84399.9999476502,299.0576995534894,590
42205000,84409.99994761586,301.69544635307966,590
42210000,84419.99994758151,300.1116329256531,590
42215000,84429.99994754717,300.2787323049598,590
42220000,84439.99994751283,298.79298023564445,590
42225000,84449.99994747849,300.02952888510094,590
42230000,84459.99994744414,300.9591143635896,590
42235000,84469.9999474098,299.64692847032336,590
42240000,84479.99994737546,300.9845842729437,590
42245000,84489.99994734112,300.66782158745843,590
42250000,84499.99994730677,300.7349615044906,590
42255000,84509.99994727243,300.82556287182047,590
42260000,84519.99994723809,300.44090985602907,590
42265000,84529.99994720375,301.66397313753464,590
42270000,84539.9999471694,299.40823083629857,590
42275000,84549.99994713506,300.73156257377957,590
42280000,84559.99994710072,299.54873468634037,590
42285000,84569.99994706638,303.71030599340526,590
42290000,84579.99994703203,300.6344281967715,590
42295000,84589.99994699769,299.6583391662818,590
42300000,84599.99994696335,301.7396103813444,590
42305000,84609.999946929,300.5093078188439,590
42310000,84619.99994689466,300.5360578449594,590
42315000,84629.99994686032,300.6166610589638,590
42320000,84639.99994682598,299.85591856709453,590
42325000,84649.99994679164,301.5492702615266,590
42330000,84659.99994675729,299.35936568958283,590
42335000,84669.99994672295,300.2999425154358,590
42340000,84679.99994668861,300.11946812307144,590
42345000,84689.99994665426,299.2581040395684,590
42350000,84699.99994661992,299.7382361089697,590
42355000,84709.99994658558,298.4019266360466,590
42360000,84719.99994655124,299.5065570461535,590
42365000,84729.9999465169,303.259793177343,590
42370000,84739.99994648255,301.01340897105155,590
42375000,84749.99994644821,301.41260676176876,590
42380000,84759.99994641387,300.24794328975275,590
42385000,84769.99994637952,299.72883387206775,590
42390000,84779.99994634518,299.5460420269459,590
42395000,84789.99994631084,301.297021046615,590
42400000,84799.9999462765,299.99529679722554,590
42405000,84809.99994624215,303.6956729345649,590
42410000,84819.99994620781,301.04647129705893,590
42415000,84829.99994617347,300.5929126859439,590
42420000,84839.99994613913,298.65274123734645,590
42425000,84849.99994610478,300.6690575622624,590
42430000,84859.99994607044,300.39162536071905,590
42435000,84869.9999460361,299.03112609520315,590
42440000,84879.99994600176,301.54399529763094,590
42445000,84889.99994596741,298.76475145396,590
42450000,84899.99994593307,297.1843590282231,590
42455000,84909.99994589873,298.9569455359838,590
42460000,84919.99994586439,300.04751673269504,590
42465000,84929.99994583004,297.37688417492666,590
42470000,84939.9999457957,298.8205689589483,590
42475000,84949.99994576136,302.75500782479736,590
42480000,84959.99994572702,299.87139032312336,590
42485000,84969.99994569267,299.6864134511158,590
42490000,84979.99994565833,297.89168975177614,590
42495000,84989.99994562399,301.01023075012694,590
42500000,84999.99994558965,301.69323925521536,590
42505000,85009.9999455553,299.7852693644581,590
42510000,85019.99994552096,298.8146097947146,590
42515000,85029.99994548662,299.5055638521145,590
42520000,85039.99994545228,302.15487584451375,590
42525000,85049.99994541793,300.25085665893357,590
42530000,85059.99994538359,298.62877215454006,590
42535000,85069.99994534925,300.0644231023356,590
42540000,85079.9999453149,300.06219393349267,590
42545000,85089.99994528056,299.0542123388638,590
42550000,85099.99994524622,301.6045139210702,590
42555000,85109.99994521188,298.0095929196874,590
42560000,85119.99994517754,298.38254831679797,590
42565000,85129.9999451432,300.3426719300888,590
42570000,85139.99994510885,298.87623196708614,590
42575000,85149.99994507451,298.4249687377499,590
42580000,85159.99994504017,298.64960715837907,590
42585000,85169.99994500582,300.0707133312489,590
42590000,85179.99994497148,302.0107082120172,590
42595000,85189.99994493714,301.2456398083339,590
42600000,85199.9999449028,302.3309139701708,590
42605000,85209.99994486845,301.2060665436269,590
42610000,85219.99994483411,300.97613108812345,590
42615000,85229.99994479977,304.11742726545526,590
42620000,85239.99994476543,299.37176957958025,590
42625000,85249.99994473108,300.0576473118922,590
42630000,85259.99994469674,300.08252130482293,590
42635000,85269.9999446624,297.73851715999325,590
42640000,85279.99994462806,299.6990380508997,590
42645000,85289.99994459371,298.6075840150427,590
42650000,85299.99994455937,300.4973894903767,590
42655000,85309.99994452503,298.80933483081895,590
42660000,85319.99994449069,300.3193208346844,590
42665000,85329.99994445634,297.39716740429964,590
42670000,85339.999944422,298.4970084120409,590
42675000,85349.99994438766,298.8968021191815,590
42680000,85359.99994435332,301.5962593750577,590
42685000,85369.99994431897,297.43649788824155,590
42690000,85379.99994428463,299.653196628258,590
42695000,85389.99994425029,301.79677421603,590
42700000,85399.99994421595,300.36050528083234,590
42705000,85409.9999441816,299.289665539028,590
42710000,85419.99994414726,301.2657023279205,590
42715000,85429.99994411292,299.59733498131243,590
42720000,85439.99994407858,300.4036981860369,590
42725000,85449.99994404423,300.9366019653737,590
42730000,85459.99994400989,300.82298056731923,590
42735000,85469.99994397555,299.7950026660397,590
42740000,85479.9999439412,298.45613295959396,590
42745000,85489.99994390686,299.7927514262181,590
42750000,85499.99994387252,298.80538412564187,590
42755000,85509.99994383818,301.25204039214043,590
42760000,85519.99994380384,297.9056386102786,590
42765000,85529.9999437695,299.889775448333,590
42770000,85539.99994373515,300.22843254463226,590
42775000,85549.99994370081,300.307225938388,590
42780000,85559.99994366647,301.9913740347259,590
42785000,85569.99994363212,299.7264943483316,590
42790000,85579.99994359778,302.5962071334605,590
42795000,85589.99994356344,299.9773310206101,590
42800000,85599.9999435291,299.5009730885568,590
42805000,85609.99994349475,299.78809444972444,590
42810000,85619.99994346041,298.3243471461162,590
42815000,85629.99994342607,299.2596710790521,590
42820000,85639.99994339173,302.77359158881484,590
42825000,85649.99994335738,301.16031340489985,590
42830000,85659.99994332304,298.5197415200433,590
42835000,85669.9999432887,299.59744533620557,590
42840000,85679.99994325436,298.52874647932964,590
42845000,85689.99994322001,301.94365657889955,590
42850000,85699.99994318567,298.475114001227,590
42855000,85709.99994315133,301.36323398254416,590
42860000,85719.99994311699,303.240436929073,590
42865000,85729.99994308264,302.9661608774756,590
42870000,85739.9999430483,297.93631727059244,590
42875000,85749.99994301396,303.0644208743945,590
42880000,85759.99994297962,299.63622404568144,590
42885000,85769.99994294527,300.93313682172675,590
42890000,85779.99994291093,300.1783314231125,590
42895000,85789.99994287659,300.1147449336418,590
42900000,85799.99994284225,303.5152426841578,590
42905000,85809.9999428079,298.4406391325865,590
42910000,85819.99994277356,301.6135188803566,590
42915000,85829.99994273922,301.7526543297225,590
42920000,85839.99994270488,299.334248915887,590
42925000,85849.99994267053,300.26387853633304,590
42930000,85859.99994263619,300.98286273660955,590
42935000,85869.99994260185,301.71071947030066,590
42940000,85879.9999425675,298.56211779903794,590
42945000,85889.99994253316,300.57516761911484,590
42950000,85899.99994249882,301.9975759797246,590
42955000,85909.99994246448,298.54755095313357,590
42960000,85919.99994243013,300.7861441039639,590
42965000,85929.99994239579,300.98599681557687,590
42970000,85939.99994236145,301.34345838568,590
42975000,85949.99994232711,302.3662496069784,590
42980000,85959.99994229276,300.0774670507137,590
42985000,85969.99994225842,301.4920622848838,590
42990000,85979.99994222408,299.6515192338811,590
42995000,85989.99994218974,299.3007010283495,590
43000000,85999.9999421554,300.5428557063814,590
43005000,86009.99994212105,300.0706691892916,590
43010000,86019.99994208671,302.9400950516981,590
43015000,86029.99994205237,300.4134756295757,590
43020000,86039.99994201802,299.7347930363014,590
43025000,86049.99994198368,301.18066284720874,590
43030000,86059.99994194934,302.45307683696024,590
43035000,86069.999941915,300.8003798851887,590
43040000,86079.99994188065,299.9166579003203,590
43045000,86089.99994184631,299.36238941365696,590
43050000,86099.99994181197,300.08022592304405,590
43055000,86109.99994177763,301.15929813988225,590
43060000,86119.99994174328,302.93985227093305,590
43065000,86129.99994170894,298.5601314109601,590
43070000,86139.9999416746,298.1729623036034,590
43075000,86149.99994164026,300.53040767442667,590
43080000,86159.99994160591,298.7398333190719,590
43085000,86169.99994157157,302.01382022000587,590
43090000,86179.99994153723,300.55066883282103,590
43095000,86189.99994150289,299.83837213907333,590
43100000,86199.99994146854,299.65818466943136,590
43105000,86209.9999414342,301.4212365144182,590
43110000,86219.99994139986,297.54822118213275,590
43115000,86229.99994136552,301.2689909037383,590
43120000,86239.99994133117,299.15297996829156,590
43125000,86249.99994129683,301.6114000664069,590
43130000,86259.99994126249,301.48709631468904,590
43135000,86269.99994122815,299.54816084089566,590
43140000,86279.9999411938,301.5405742959412,590
43145000,86289.99994115946,299.4913501418684,590
43150000,86299.99994112512,296.8173627953462,590
43155000,86309.99994109078,299.88330865159065,590
43160000,86319.99994105643,299.162161495407,590
43165000,86329.99994102209,300.8631938904069,590
43170000,86339.99994098775,300.5056881783464,590
43175000,86349.9999409534,301.80399142604625,590
43180000,86359.99994091906,298.91167795878687,590
43185000,86369.99994088472,301.20509542056664,590
43190000,86379.99994085038,299.60649443744927,590
43195000,86389.99994081604,303.85601859440675,590
43200000,86399.9999407817,298.98212852261554,590
43205000,86409.99994074735,300.65510870376,590
43210000,86419.99994071301,300.8633263162787,590
43215000,86429.99994067867,299.7617417012246,590
43220000,86439.99994064432,301.95831170871855,590
43225000,86449.99994060998,299.527855540544,590
43230000,86459.99994057564,298.36784904502167,590
43235000,86469.9999405413,302.65257641291487,590
43240000,86479.99994050695,301.3444295087403,590
43245000,86489.99994047261,301.11771641611875,590
43250000,86499.99994043827,299.41262296104856,590
43255000,86509.99994040393,298.1746838399376,590
43260000,86519.99994036958,299.18696927540185,590
43265000,86529.99994033524,298.83765189641804,590
43270000,86539.9999403009,299.4167060920975,590
43275000,86549.99994026656,301.31971001266004,590
43280000,86559.99994023221,301.31300043515256,590
43285000,86569.99994019787,299.0870098131274,590
43290000,86579.99994016353,298.32251525488886,590
43295000,86589.99994012919,299.1731307717926,590
43300000,86599.99994009484,300.81154780038213,590
43305000,86609.9999400605,302.01282702596694,590
43310000,86619.99994002616,299.35433350645224,590
43315000,86629.99993999182,298.23482725673995,590
43320000,86639.99993995747,303.18082321575804,590
43325000,86649.99993992313,302.9444871764481,590
43330000,86659.99993988879,302.8676801707702,590
43335000,86669.99993985445,300.97606487518755,590
43340000,86679.9999398201,300.1247430869671,590
43345000,86689.99993978576,300.93051037526817,590
43350000,86699.99993975142,300.23059550053927,590
43355000,86709.99993971708,299.5152750827175,590
43360000,86719.99993968273,298.54229806021647,590
43365000,86729.99993964839,300.7078142007596,590
43370000,86739.99993961405,300.43700329280927,590
43375000,86749.9999395797,300.1732992399819,590
43380000,86759.99993954536,300.1180776514169,590
43385000,86769.99993951102,300.9258313277959,590
43390000,86779.99993947668,299.75112556049726,590
43395000,86789.99993944234,299.8680576053482,590
43400000,86799.999939408,304.67004042872037,590
43405000,86809.99993937365,303.5995096806171,590
43410000,86819.99993933931,302.81568094508714,590
43415000,86829.99993930497,301.3115878925194,590
43420000,86839.99993927062,301.28678011252464,590
43425000,86849.99993923628,301.042321953074,590
43430000,86859.99993920194,301.75709059642975,590
43435000,86869.9999391676,304.6479473790987,590
43440000,86879.99993913325,302.750394990261,590
43445000,86889.99993909891,301.4706092936427,590
43450000,86899.99993906457,303.4585644110024,590
43455000,86909.99993903023,300.73906670651826,590
43460000,86919.99993899588,301.88671345400047,590
43465000,86929.99993896154,299.88937817071746,590
43470000,86939.9999389272,299.4424408531953,590
43475000,86949.99993889286,298.3005104891817,590
43480000,86959.99993885851,298.3734771445757,590
43485000,86969.99993882417,299.2935500312692,590
43490000,86979.99993878983,301.80074699218574,590
43495000,86989.99993875549,299.4117401219029,590
43500000,86999.99993872114,301.7712380937399,590
43505000,87009.9999386868,299.7371325600376,590
43510000,87019.99993865246,301.0604642975186,590
43515000,87029.99993861812,300.09289466478515,590
43520000,87039.99993858377,296.388302970525,590
43525000,87049.99993854943,300.5927581890934,590
43530000,87059.99993851509,300.42512910629927,590
43535000,87069.99993848075,302.3313553897437,590
43540000,87079.9999384464,298.1790538937089,590
43545000,87089.99993841206,300.62628400565217,590
43550000,87099.99993837772,298.8859431976891,590
43555000,87109.99993834338,297.9402900467482,590
43560000,87119.99993830903,300.6656586315514,590
43565000,87129.99993827469,297.9827104677002,590
43570000,87139.99993824035,298.81074737345216,590
43575000,87149.999938206,301.9586869153555,590
43580000,87159.99993817166,299.7904560444392,590
43585000,87169.99993813732,300.7469239749152,590
43590000,87179.99993810298,301.6565131467533,590
43595000,87189.99993806863,299.83620918316626,590
43600000,87199.99993803429,298.8575599191541,590
43605000,87209.99993799995,299.37953856406256,590
43610000,87219.99993796561,300.5776395687229,590
43615000,87229.99993793126,298.51400306559606,590
43620000,87239.99993789692,300.299501095863,590
43625000,87249.99993786258,300.13705869304994,590
43630000,87259.99993782824,299.4211202878261,590
43635000,87269.9999377939,300.88502208828487,590
43640000,87279.99993775955,296.85108725071285,590
43645000,87289.99993772521,298.6334070600551,590
43650000,87299.99993769087,303.33452551102835,590
43655000,87309.99993765652,302.39266856841414,590
43660000,87319.99993762218,299.1817384534634,590
43665000,87329.99993758784,299.3020915000041,590
43670000,87339.9999375535,299.63103736570037,590
43675000,87349.99993751915,300.6385333987991,590
43680000,87359.99993748481,301.56385917840964,590
43685000,87369.99993745047,299.2485693767946,590
43690000,87379.99993741613,301.28737602894796,590
43695000,87389.99993738178,300.96705991590113,590
43700000,87399.99993734744,299.8756058800442,590
43705000,87409.9999373131,297.37494192880604,590
43710000,87419.99993727876,300.54451102977964,590
43715000,87429.99993724441,301.43509708900604,590
43720000,87439.99993721007,298.32591418559986,590
43725000,87449.99993717573,301.6637082857909,590
43730000,87459.99993714139,299.3258178020454,590
43735000,87469.99993710704,301.7018690078648,590
43740000,87479.9999370727,300.58860884510847,590
43745000,87489.99993703836,296.3009460370558,590
43750000,87499.99993700402,300.5393243497985,590
43755000,87509.99993696967,300.2393356080819,590
43760000,87519.99993693533,297.96395013585357,590
43765000,87529.99993690099,300.8674315183063,590
43770000,87539.99993686665,299.56451543607017,590
43775000,87549.9999368323,300.36143226193536,590
43780000,87559.99993679796,300.84001936283164,590
43785000,87569.99993676362,301.3830537213656,590
43790000,87579.99993672928,299.50198835357435,590
43795000,87589.99993669493,302.6756185146183,590
43800000,87599.99993666059,298.4630853178665,590
43805000,87609.99993662625,301.15552400253426,590
43810000,87619.9999365919,299.6413445127267,590
43815000,87629.99993655756,300.35732705990773,590
43820000,87639.99993652322,300.9359398360144,590
43825000,87649.99993648888,298.0123297210391,590
43830000,87659.99993645454,298.78081912641215,590
43835000,87669.9999364202,300.29782370148604,590
43840000,87679.99993638585,299.91553228040954,590
43845000,87689.99993635151,301.8246057200989,590
43850000,87699.99993631717,300.6712205181695,590
43855000,87709.99993628282,301.8576680461062,590
43860000,87719.99993624848,301.4141738012524,590
43865000,87729.99993621414,301.8396581275334,590
43870000,87739.9999361798,298.38318837517863,590
43875000,87749.99993614545,297.7143273674005,590
43880000,87759.99993611111,299.40335315001846,590
43885000,87769.99993607677,301.56752296086444,590
43890000,87779.99993604243,300.2621349290202,590
43895000,87789.99993600808,300.03460521018883,590
43900000,87799.99993597374,301.10277436357734,590
43905000,87809.9999359394,302.1673680184257,590
43910000,87819.99993590506,300.5283771443915,590
43915000,87829.99993587071,299.7098528304347,590
43920000,87839.99993583637,302.4280262762003,590
43925000,87849.99993580203,298.85822204851337,590
43930000,87859.99993576769,300.19250099140135,590
43935000,87869.99993573334,300.86738737634903,590
43940000,87879.999935699,302.1788007853628,590
43945000,87889.99993566466,301.1332764560621,590
43950000,87899.99993563032,297.3778773689655,590
43955000,87909.99993559597,300.33417460331117,590
43960000,87919.99993556163,300.59794486907447,590
43965000,87929.99993552729,302.19747283329485,590
43970000,87939.99993549295,297.61597908656694,590
43975000,87949.9999354586,299.3802889773365,590
43980000,87959.99993542426,301.7258380906712,590
43985000,87969.99993538992,298.4269330548492,590
43990000,87979.99993535558,300.1687084764241,590
43995000,87989.99993532123,299.9670680155411,590
44000000,87999.99993528689,301.2679314967635,590
44005000,88009.99993525255,301.44229222804364,590
44010000,88019.9999352182,300.6254453084637,590
44015000,88029.99993518386,298.8179204415111,590
44020000,88039.99993514952,300.9009794058438,590
44025000,88049.99993511518,299.8516367972378,590
44030000,88059.99993508084,298.6933739090283,590
44035000,88069.9999350465,301.66790177173306,590
44040000,88079.99993501215,302.108173653705,590
44045000,88089.99993497781,301.18498875902276,590
44050000,88099.99993494347,301.4701458030912,590
44055000,88109.99993490912,301.0243561764586,590
44060000,88119.99993487478,299.3940612680097,590
44065000,88129.99993484044,300.2594201986471,590
44070000,88139.9999348061,300.9162083811075,590
44075000,88149.99993477175,299.23325211761636,590
44080000,88159.99993473741,300.6247611081258,590
44085000,88169.99993470307,297.721345938609,590
44090000,88179.99993466873,301.19094792325643,590
44095000,88189.99993463438,300.1468582075675,590
44100000,88199.99993460004,302.9417503750964,590
44105000,88209.9999345657,299.8593616397629,590
44110000,88219.99993453136,298.91161174585096,590
44115000,88229.99993449701,300.20982670963616,590
44120000,88239.99993446267,300.70470219277104,590
44125000,88249.99993442833,300.4980957616932,590
44130000,88259.99993439399,300.92934061340014,590
44135000,88269.99993435964,299.4537411942606,590
44140000,88279.9999343253,299.78017096839153,590
44145000,88289.99993429096,301.60831012939684,590
44150000,88299.99993425662,299.53902345573744,590
44155000,88309.99993422227,303.38515633603555,590
44160000,88319.99993418793,301.65426190693165,590
44165000,88329.99993415359,299.127289349151,590
44170000,88339.99993411925,301.17571894799266,590
44175000,88349.9999340849,299.0226508394042,590
44180000,88359.99993405056,299.98746159980726,590
44185000,88369.99993401622,297.82472640257305,590
44190000,88379.99993398188,300.9844739180505,590
44195000,88389.99993394753,302.13280486587064,590
44200000,88399.99993391319,302.48973673248634,590
44205000,88409.99993387885,298.90737411795146,590
44210000,88419.9999338445,301.7305392091221,590
44215000,88429.99993381016,300.4414616304951,590
44220000,88439.99993377582,296.3506057390026,590
44225000,88449.99993374148,299.82583582320405,590
44230000,88459.99993370713,299.59587829672193,590
44235000,88469.99993367279,298.00325854881686,590
44240000,88479.99993363845,301.59113890801245,590
44245000,88489.99993360411,301.48627968847927,590
44250000,88499.99993356976,300.02716729038616,590
44255000,88509.99993353542,300.7444078833499,590
44260000,88519.99993350108,301.8514440301288,590
44265000,88529.99993346674,297.9097658832848,590
44270000,88539.9999334324,301.64338091446064,590
44275000,88549.99993339805,299.844574084072,590
44280000,88559.99993336371,302.55678836560395,590
44285000,88569.99993332937,299.7741676622007,590
44290000,88579.99993329502,302.1803016119106,590
44295000,88589.99993326068,300.8608102247134,590
44300000,88599.99993322634,300.2865675023781,590
44305000,88609.999933192,298.13870814474933,590
44310000,88619.99993315765,298.51020685726945,590
44315000,88629.99993312331,302.679282297073,590
44320000,88639.99993308897,300.93960361846916,590
44325000,88649.99993305463,300.01379227732843,590
44330000,88659.99993302028,302.25028868518774,590
44335000,88669.99993298594,300.3774337214516,590
44340000,88679.9999329516,300.8637677358516,590
44345000,88689.99993291726,299.8453244973459,590
44350000,88699.99993288291,300.69792640232754,590
44355000,88709.99993284857,298.20717232050015,590
44360000,88719.99993281423,300.35602487216784,590
44365000,88729.99993277989,301.18498875902276,590
44370000,88739.99993274554,296.6668828629578,590
44375000,88749.9999327112,300.63219902792855,590
44380000,88759.99993267686,301.72144596592113,590
44385000,88769.99993264252,299.28088128952805,590
44390000,88779.99993260817,301.93019328192725,590
44395000,88789.99993257383,299.71117708915335,590
44400000,88799.99993253949,298.8341646817924,590
44405000,88809.99993250515,299.48982724434205,590
44410000,88819.9999324708,298.74828650389225,590
44415000,88829.99993243646,299.4367465407054,590
44420000,88839.99993240212,299.1616317919196,590
44425000,88849.99993236778,301.51316214046653,590
44430000,88859.99993233343,301.81756507791175,590
44435000,88869.99993229909,302.33272379041955,590
44440000,88879.99993226475,299.2287496379732,590
44445000,88889.9999322304,302.84059907997516,590
44450000,88899.99993219606,300.8620241285388,590
44455000,88909.99993216172,298.9833865683982,590
44460000,88919.99993212738,299.21360894662405,590
44465000,88929.99993209304,300.7313418639932,590
44470000,88939.9999320587,299.9208513862624,590
44475000,88949.99993202435,301.43836359384517,590
44480000,88959.99993199001,300.1164002570401,590
44485000,88969.99993195567,299.7993947907897,590
44490000,88979.99993192132,302.7282798696606,590
44495000,88989.99993188698,300.3883367849013,590
44500000,88999.99993185264,302.53023697829633,590
44505000,89009.9999318183,298.701738809934,590
44510000,89019.99993178395,300.2533727504989,590
44515000,89029.99993174961,300.4537330946207,590
44520000,89039.99993171527,298.85140211611264,590
44525000,89049.99993168093,302.37849900012526,590
44530000,89059.99993164658,301.5188343819778,590
44535000,89069.99993161224,302.6331098097517,590
44540000,89079.9999315779,300.39149293484724,590
44545000,89089.99993154356,298.16069083947787,590
44550000,89099.99993150921,301.74029458168235,590
44555000,89109.99993147487,301.0961751409631,590
44560000,89119.99993144053,302.21499719033744,590
44565000,89129.99993140619,299.21314545607254,590
44570000,89139.99993137184,300.7743582013685,590
44575000,89149.9999313375,298.8947715891463,590
44580000,89159.99993130316,299.24821624113633,590
44585000,89169.99993126882,302.3705534478138,590
44590000,89179.99993123447,299.6298676038323,590
44595000,89189.99993120013,299.89370408253154,590
44600000,89199.99993116579,299.7701507440876,590
44605000,89209.99993113145,297.7202203186982,590
44610000,89219.9999310971,300.6642681598969,590
44615000,89229.99993106276,299.36479515032903,590
44620000,89239.99993102842,299.7465347969395,590
44625000,89249.99993099408,299.70905827520363,590
44630000,89259.99993095973,299.87211866541855,590
44635000,89269.99993092539,300.2407922926724,590
44640000,89279.99993089105,301.321630187802,590
44645000,89289.9999308567,302.2329629669529,590
44650000,89299.99993082236,299.50706467866223,590
44655000,89309.99993078802,298.0437146526696,590
44660000,89319.99993075368,299.1095222113433,590
44665000,89329.99993071934,301.5547217932514,590
44670000,89339.999930685,299.7901911926955,590
44675000,89349.99993065065,299.16132279821863,590
44680000,89359.99993061631,300.6892525077208,590
44685000,89369.99993058197,301.2638262947358,590
44690000,89379.99993054762,299.62291524555974,590
44695000,89389.99993051328,301.78373026765195,590
44700000,89399.99993047894,302.1868125506102,590
44705000,89409.9999304446,300.8254966588845,590
44710000,89419.99993041025,298.8677567112872,590
44715000,89429.99993037591,300.9849815505593,590
44720000,89439.99993034157,300.0443605827491,590
44725000,89449.99993030723,298.6848324402934,590
44730000,89459.99993027288,303.6845270903502,590
44735000,89469.99993023854,298.59668095159304,590
44740000,89479.9999302042,300.16857605055225,590
44745000,89489.99993016986,301.1398315367191,590
44750000,89499.99993013551,301.41810243545086,590
44755000,89509.99993010117,301.21955191157787,590
44760000,89519.99993006683,298.78971373080526,590
44765000,89529.99993003249,300.690356056653,590
44770000,89539.99992999814,301.94855633615833,590
44775000,89549.9999299638,298.91463546992503,590
44780000,89559.99992992946,301.7606440239913,590
44785000,89569.99992989512,301.6518340992809,590
44790000,89579.99992986077,302.2952031267264,590
44795000,89589.99992982643,298.2227102894649,590
44800000,89599.99992979209,299.5192037169159,590
44805000,89609.99992975775,301.9087182197076,590
44810000,89619.9999297234,299.7322328027788,590
44815000,89629.99992968906,300.2240183489036,590
44820000,89639.99992965472,301.5022590770169,590
44825000,89649.99992962038,300.02405528239746,590
44830000,89659.99992958603,299.6381442208234,590
44835000,89669.99992955169,301.2829397622407,590
44840000,89679.99992951735,298.09363920636025,590
44845000,89689.999929483,303.0848144586607,590
44850000,89699.99992944866,299.9042540103229,590
44855000,89709.99992941432,300.8388716719422,590
44860000,89719.99992937998,299.0473482645058,590
44865000,89729.99992934563,300.87109530076106,590
44870000,89739.99992931129,301.3186947476425,590
44875000,89749.99992927695,299.65591135863104,590
44880000,89759.99992924261,298.7966440180992,590
44885000,89769.99992920826,299.4368789665773,590
44890000,89779.99992917392,299.2888268418396,590
44895000,89789.99992913958,302.3509323478001,590
44900000,89799.99992910524,300.3318130085964,590
44905000,89809.9999290709,298.7616394459713,590
44910000,89819.99992903655,301.3852608192299,590
44915000,89829.99992900221,303.0321531036184,590
44920000,89839.99992896787,300.3163633235462,590
44925000,89849.99992893352,299.4354884949228,590
44930000,89859.99992889918,300.79411172725406,590
44935000,89869.99992886484,298.5911190649749,590
44940000,89879.9999288305,301.64044547430115,590
44945000,89889.99992879615,300.35860717666907,590
44950000,89899.99992876181,300.09134969628013,590
44955000,89909.99992872747,300.12163107897845,590
44960000,89919.99992869313,303.110085729207,590
44965000,89929.99992865878,298.66474784972826,590
44970000,89939.99992862444,301.4985952945621,590
44975000,89949.9999285901,300.6931149289834,590
44980000,89959.99992855576,299.21274817845693,590
44985000,89969.99992852141,300.9046431882985,590
44990000,89979.99992848707,297.46315963044236,590
44995000,89989.99992845273,297.92272154774827,590
45000000,89999.99992841839,302.6618020819877,590
45005000,90009.99992838404,301.9559721849824,590
45010000,90019.9999283497,299.63514256772794,590
45015000,90029.99992831536,303.2676063037826,590
45020000,90039.99992828102,302.4394590431374,590
45025000,90049.99992824667,299.3959593721731,590
45030000,90059.99992821233,298.8441186931604,590
45035000,90069.99992817799,298.36467082409706,590
45040000,90079.99992814365,300.3528687222219,590
45045000,90089.9999281093,300.25295340190473,590
45050000,90099.99992807496,299.8243791386136,590
45055000,90109.99992804062,300.8132031237803,590
45060000,90119.99992800628,297.7759936817292,590
45065000,90129.99992797193,300.40063032000546,590
45070000,90139.99992793759,300.300670857731,590
45075000,90149.99992790325,299.11018434070263,590
45080000,90159.9999278689,300.049679688602,590
45085000,90169.99992783456,301.35555328197637,590
45090000,90179.99992780022,302.6174835568724,590
45095000,90189.99992776588,298.74380609522774,590
45100000,90199.99992773154,297.7318296534644,590
45105000,90209.9999276972,301.2804236706754,590
45110000,90219.99992766285,301.87011607806085,590
45115000,90229.99992762851,298.8978615261563,590
45120000,90239.99992759417,302.0649586775219,590
45125000,90249.99992755982,300.67682654674485,590
45130000,90259.99992752548,301.15709104201795,590
45135000,90269.99992749114,300.19020560962247,590
45140000,90279.9999274568,303.1203487342761,590
45145000,90289.99992742245,296.04876303508,590
45150000,90299.99992738811,299.11680563429553,590
45155000,90309.99992735377,301.6647897637444,590
45160000,90319.99992731943,300.66448886968334,590
45165000,90329.99992728508,301.187880057225,590
45170000,90339.99992725074,301.2276298897612,590
45175000,90349.9999272164,298.4104901757601,590
45180000,90359.99992718206,302.448949563954,590
45185000,90369.99992714771,300.7172605796189,590
45190000,90379.99992711337,302.35163861911667,590
45195000,90389.99992707903,299.57731660368313,590
45200000,90399.99992704469,299.89076864237194,590
45205000,90409.99992701034,301.80460941344825,590
45210000,90419.999926976,300.9088366742407,590
45215000,90429.99992694166,302.55729599811275,590
45220000,90439.99992690732,298.67852014040153,590
45225000,90449.99992687297,299.9927144927243,590
45230000,90459.99992683863,302.3132571872564,590
45235000,90469.99992680429,299.9471158508477,590
45240000,90479.99992676995,298.2746874441693,590
45245000,90489.9999267356,301.889030906758,590
45250000,90499.99992670126,300.3120815536895,590
45255000,90509.99992666692,300.20300677723543,590
45260000,90519.99992663258,296.4879534390985,590
45265000,90529.99992659823,299.4224445465447,590
45270000,90539.99992656389,300.61491745165097,590
45275000,90549.99992652955,299.6532407702153,590
45280000,90559.9999264952,297.71079601081755,590
45285000,90569.99992646086,300.3027896716807,590
45290000,90579.99992642652,299.5311220453832,590
45295000,90589.99992639218,302.626665083988,590
45300000,90599.99992635784,298.60493549760554,590
45305000,90609.9999263235,298.00888664837083,590
45310000,90619.99992628915,301.1584815136725,590
45315000,90629.99992625481,299.35097871769847,590
45320000,90639.99992622047,299.224865145732,590
45325000,90649.99992618612,300.06731440053784,590
45330000,90659.99992615178,299.6094298776088,590
45335000,90669.99992611744,299.4636952056286,590
45340000,90679.9999260831,298.64581095005246,590
45345000,90689.99992604875,301.3738280522928,590
45350000,90699.99992601441,300.47781253232023,590
45355000,90709.99992598007,300.38504820908344,590
45360000,90719.99992594573,298.88486171973557,590
45365000,90729.99992591138,297.8983551873264,590
45370000,90739.99992587704,300.9154579678336,590
45375000,90749.9999258427,300.6776431729546,590
45380000,90759.99992580836,300.04327910479554,590
45385000,90769.99992577401,300.3151714906995,590
45390000,90779.99992573967,299.4030662272961,590
45395000,90789.99992570533,300.1932293336966,590
45400000,90799.99992567099,299.74454840886165,590
45405000,90809.99992563664,299.470162002371,590
45410000,90819.9999256023,300.88744989593556,590
45415000,90829.99992556796,300.07457575251146,590
45420000,90839.99992553362,300.52160135394814,590
45425000,90849.99992549927,300.70929295632874,590
45430000,90859.99992546493,300.93902977302446,590
45435000,90869.99992543059,302.06065483668647,590
45440000,90879.99992539625,297.0775354915907,590
45445000,90889.9999253619,298.64806218987405,590
45450000,90899.99992532756,299.4422201434089,590
45455000,90909.99992529322,301.8178520006341,590
45460000,90919.99992525888,298.9144147601386,590
45465000,90929.99992522453,301.2795408315297,590
45470000,90939.99992519019,299.4321116351904,590
45475000,90949.99992515585,300.64246203299757,590
45480000,90959.9999251215,297.42886132963105,590
45485000,90969.99992508716,299.66434247247275,590
45490000,90979.99992505282,299.0857296963661,590
45495000,90989.99992501848,298.66986831677343,590
45500000,90999.99992498413,299.0637470016376,590
45505000,91009.99992494979,301.4756194057947,590
45510000,91019.99992491545,299.7371987729735,590
45515000,91029.99992488111,299.3918541701454,590
45520000,91039.99992484676,301.8417769414832,590
45525000,91049.99992481242,300.15687843187146,590
45530000,91059.99992477808,301.06898369527477,590
45535000,91069.99992474374,298.5321012680834,590
45540000,91079.9999247094,302.90370000791575,590
45545000,91089.99992467505,297.7738307258222,590
45550000,91099.99992464071,301.24449211744445,590
45555000,91109.99992460637,298.8128882583805,590
45560000,91119.99992457202,297.787757513346,590
45565000,91129.99992453768,299.016294397555,590
45570000,91139.99992450334,299.93129095916066,590
45575000,91149.999924469,302.74593665257504,590
45580000,91159.99992443465,300.3640366374152,590
45585000,91169.99992440031,298.36992371701416,590
45590000,91179.99992436597,300.7373010282268,590
45595000,91189.99992433163,298.2772035357346,590
45600000,91199.99992429728,299.21217433301223,590
45605000,91209.99992426294,298.92871675429933,590
45610000,91219.9999242286,297.84838649167847,590
45615000,91229.99992419426,299.20422878070076,590
45620000,91239.99992415991,300.29932452803376,590
45625000,91249.99992412557,302.84382144285706,590
45630000,91259.99992409123,302.47534645441107,590
45635000,91269.99992405689,299.42279768220305,590
45640000,91279.99992402254,301.7308261318445,590
45645000,91289.9999239882,301.722196379195,590
45650000,91299.99992395386,301.1397432528045,590
45655000,91309.99992391952,301.62139821973216,590
45660000,91319.99992388517,299.2827352517341,590
45665000,91329.99992385083,297.56464199024316,590
45670000,91339.99992381649,299.1369785087753,590
45675000,91349.99992378215,301.2040139426131,590
45680000,91359.9999237478,301.64428582458504,590
45685000,91369.99992371346,299.2277343729556,590
45690000,91379.99992367912,300.7791476037341,590
45695000,91389.99992364478,302.84984682002664,590
45700000,91399.99992361043,300.7110807055988,590
45705000,91409.99992357609,300.2826830101369,590
45710000,91419.99992354175,301.0229215628467,590
45715000,91429.9999235074,300.1565252962131,590
45720000,91439.99992347306,302.1294942190742,590
45725000,91449.99992343872,301.79761291321836,590
45730000,91459.99992340438,299.3905078404482,590
45735000,91469.99992337004,302.19433875432753,590
45740000,91479.9999233357,302.7452303812585,590
45745000,91489.99992330135,302.32574936116833,590
45750000,91499.99992326701,300.9967233111974,590
45755000,91509.99992323267,299.5792367788251,590
45760000,91519.99992319832,300.52115993437525,590
45765000,91529.99992316398,301.1353290570759,590
45770000,91539.99992312964,300.913206728012,590
45775000,91549.9999230953,299.92369854250745,590
45780000,91559.99992306095,300.16873054740273,590
45785000,91569.99992302661,299.37874400883146,590
45790000,91579.99992299227,303.0685702183794,590
45795000,91589.99992295793,300.5187541977031,590
45800000,91599.99992292358,298.43874102842324,590
45805000,91609.99992288924,300.5951418547868,590
45810000,91619.9999228549,299.09912678040246,590
45815000,91629.99992282056,299.9050264945754,590
45820000,91639.99992278621,299.8067444266778,590
45825000,91649.99992275187,298.8911960906061,590
45830000,91659.99992271753,301.6894430468887,590
45835000,91669.99992268319,300.0683075945768,590
45840000,91679.99992264884,300.7886381245506,590
45845000,91689.9999226145,304.0867927470986,590
45850000,91699.99992258016,302.8047999526161,590
45855000,91709.99992254582,300.11286890045716,590
45860000,91719.99992251147,301.3206590647417,590
45865000,91729.99992247713,301.2485531775148,590
45870000,91739.99992244279,301.9358875944172,590
45875000,91749.99992240845,300.29943488292696,590
45880000,91759.9999223741,303.3701922125155,590
45885000,91769.99992233976,299.0716484119918,590
45890000,91779.99992230542,299.94623301170196,590
45895000,91789.99992227108,301.1865999404637,590
45900000,91799.99992223673,300.5148255635047,590
45905000,91809.99992220239,301.8751261902128,590
45910000,91819.99992216805,301.2376059721079,590
45915000,91829.9999221337,300.329981117369,590
45920000,91839.99992209936,298.78907367242465,590
45925000,91849.99992206502,302.0125621742232,590
45930000,91859.99992203068,300.2826388681796,590
45935000,91869.99992199634,299.2916960690632,590
45940000,91879.999921962,303.4350808897262,590
45945000,91889.99992192765,300.10324595376875,590
45950000,91899.99992189331,300.7050773994079,590
45955000,91909.99992185897,302.67332313283936,590
45960000,91919.99992182462,299.9371397685011,590
45965000,91929.99992179028,299.66008277359464,590
45970000,91939.99992175594,299.38377619196206,590
45975000,91949.9999217216,300.910491997639,590
45980000,91959.99992168725,300.17674231265016,590
45985000,91969.99992165291,300.0261299543899,590
45990000,91979.99992161857,301.1242494257971,590
45995000,91989.99992158423,300.29438062881775,590
46000000,91999.99992154988,300.18980833200686,590
46005000,92009.99992151554,301.8745523447681,590
46010000,92019.9999214812,298.11195811863394,590
46015000,92029.99992144686,298.98623372464317,590
46020000,92039.99992141251,299.16688468483665,590
46025000,92049.99992137817,300.4950058246832,590
46030000,92059.99992134383,300.5901317426348,590
46035000,92069.99992130949,300.0500769662176,590
46040000,92079.99992127514,300.48039483682146,590
46045000,92089.9999212408,298.4074223097287,590
46050000,92099.99992120646,298.6209590281004,590
46055000,92109.99992117212,300.8031166865404,590
46060000,92119.99992113777,301.9071953221812,590
46065000,92129.99992110343,299.0503278466226,590
46070000,92139.99992106909,305.3834186004216,590
46075000,92149.99992103475,300.7649118225093,590
46080000,92159.9999210004,300.16149126640784,590
46085000,92169.99992096606,301.13691816753817,590
46090000,92179.99992093172,301.13040722883846,590
46095000,92189.99992089737,301.41260676176876,590
46100000,92199.99992086303,299.3088672904475,590
46105000,92209.99992082869,302.0709619837128,590
46110000,92219.99992079435,301.04708928446087,590
46115000,92229.99992076,299.34219446819856,590
46120000,92239.99992072566,300.0395711803835,590
46125000,92249.99992069132,297.75321643176954,590
46130000,92259.99992065698,299.65185029856076,590
46135000,92269.99992062263,300.2289622481197,590
46140000,92279.99992058829,299.49481528551536,590
46145000,92289.99992055395,300.67439873909404,590
46150000,92299.9999205196,300.7352925691703,590
46155000,92309.99992048526,301.1093735861916,590
46160000,92319.99992045092,301.5437083749086,590
46165000,92329.99992041658,298.13248412877203,590
46170000,92339.99992038224,300.60732503499776,590
46175000,92349.9999203479,298.6201644728692,590
46180000,92359.99992031355,303.9094965756589,590
46185000,92369.99992027921,301.3634105503734,590
46190000,92379.99992024487,299.36183763919087,590
46195000,92389.99992021052,300.0908862057287,590
46200000,92399.99992017618,301.527971767136,590
46205000,92409.99992014184,302.40030512702464,590
46210000,92419.9999201075,298.1172992954656,590
46215000,92429.99992007315,300.6046985885393,590
46220000,92439.99992003881,300.23721679413217,590
46225000,92449.99992000447,300.2641433880767,590
46230000,92459.99991997013,300.97127547282196,590
46235000,92469.99991993578,301.61281260904,590
46240000,92479.99991990144,299.39940244484137,590
46245000,92489.9999198671,300.3622709591238,590
46250000,92499.99991983276,299.68723007732564,590
46255000,92509.99991979841,299.41092349569305,590
46260000,92519.99991976407,302.8160340807454,590
46265000,92529.99991972973,298.6426327291279,590
46270000,92539.99991969539,298.8166844667071,590
46275000,92549.99991966104,301.10972672184994,590
46280000,92559.9999196267,301.05355608120334,590
46285000,92569.99991959236,297.5762292540308,590
46290000,92579.99991955802,299.6379014400584,590
46295000,92589.99991952367,299.5427313801494,590
46300000,92599.99991948933,304.38241143504393,590
46305000,92609.99991945499,298.8800281754127,590
46310000,92619.99991942065,304.4797885928171,590
46315000,92629.9999193863,298.4924397194618,590
46320000,92639.99991935196,298.55783602918126,590
46325000,92649.99991931762,298.25411729207394,590
46330000,92659.99991928328,298.62309991302874,590
46335000,92669.99991924893,300.02041357092133,590
46340000,92679.99991921459,300.8469717211042,590
46345000,92689.99991918025,299.54778563425873,590
46350000,92699.9999191459,298.47303932923455,590
46355000,92709.99991911156,298.0815001681065,590
46360000,92719.99991907722,301.72239501800277,590
46365000,92729.99991904288,300.0540276713947,590
46370000,92739.99991900854,299.86174530545634,590
46375000,92749.9999189742,299.45848645466884,590
46380000,92759.99991893985,300.816866906235,590
46385000,92769.99991890551,301.8374510296691,590
46390000,92779.99991887117,301.25488754838534,590
46395000,92789.99991883682,300.8806741054922,590
46400000,92799.99991880248,301.22078788638186,590
46405000,92809.99991876814,300.7098888727521,590
46410000,92819.9999187338,303.4762211939169,590
46415000,92829.99991869945,302.8078678186475,590
46420000,92839.99991866511,298.55050846427173,590
46425000,92849.99991863077,299.3198144958545,590
46430000,92859.99991859643,303.1913731435494,590
46435000,92869.99991856208,300.0223337460633,590
46440000,92879.99991852774,301.92721369981047,590
46445000,92889.9999184934,298.3480734481575,590
46450000,92899.99991845906,297.7151660645889,590
46455000,92909.99991842471,299.7251038766771,590
46460000,92919.99991839037,300.4504665897815,590
46465000,92929.99991835603,299.7147967296508,590
46470000,92939.99991832169,302.5786827764179,590
46475000,92949.99991828734,296.70566157243366,590
46480000,92959.999918253,298.5842770615956,590
46485000,92969.99991821866,300.0802479940227,590
46490000,92979.99991818432,301.8168808775738,590
46495000,92989.99991814997,302.2370902399592,590
46500000,92999.99991811563,300.18045023706225,590
46505000,93009.99991808129,299.9681053515373,590
46510000,93019.99991804695,299.11850509965103,590
46515000,93029.9999180126,300.2072002631776,590
46520000,93039.99991797826,299.85402046293126,590
46525000,93049.99991794392,303.54309625920536,590
46530000,93059.99991790958,302.0126063161805,590
46535000,93069.99991787523,300.0395491094049,590
46540000,93079.99991784089,299.8074506979944,590
46545000,93089.99991780655,298.0003672506146,590
46550000,93099.9999177722,300.3699075177343,590
46555000,93109.99991773786,297.46885394293224,590
46560000,93119.99991770352,302.4796723662251,590
46565000,93129.99991766918,302.38556171329105,590
46570000,93139.99991763484,300.4212446140581,590
46575000,93149.9999176005,298.7093753685445,590
46580000,93159.99991756615,299.17569100531523,590
46585000,93169.99991753181,301.51567823203186,590
46590000,93179.99991749747,301.14248005415624,590
46595000,93189.99991746312,300.4143143267642,590
46600000,93199.99991742878,299.7693341178778,590
46605000,93209.99991739444,301.2822997038601,590
46610000,93219.9999173601,299.1927298008277,590
46615000,93229.99991732575,299.860465188695,590
46620000,93239.99991729141,301.4407031175814,590
46625000,93249.99991725707,300.9602620544791,590
46630000,93259.99991722273,301.56792023848,590
46635000,93269.99991718838,300.8476117794849,590
46640000,93279.99991715404,298.8384905936065,590
46645000,93289.9999171197,301.161725947533,590
46650000,93299.99991708536,299.4278298653336,590
46655000,93309.99991705101,300.45187913241466,590
46660000,93319.99991701667,299.95117691091804,590
46665000,93329.99991698233,301.16967149984447,590
46670000,93339.99991694799,300.3965030469992,590
46675000,93349.99991691364,299.1791561489622,590
46680000,93359.9999168793,301.8723673178825,590
46685000,93369.99991684496,298.58862504438827,590
46690000,93379.99991681062,303.82613448932403,590
46695000,93389.99991677627,299.85896436214733,590
46700000,93399.99991674193,299.3601161028567,590
46705000,93409.99991670759,302.89330457697486,590
46710000,93419.99991667325,299.0576112695748,590
46715000,93429.9999166389,300.8061183396359,590
46720000,93439.99991660456,299.5711146586844,590
46725000,93449.99991657022,299.46049491372537,590
46730000,93459.99991653587,300.80587555887087,590
46735000,93469.99991650153,299.81160004197926,590
46740000,93479.99991646719,299.6667261381662,590
46745000,93489.99991643285,299.7458064546443,590
46750000,93499.9999163985,300.0827199436307,590
46755000,93509.99991636416,300.52983382898196,590
46760000,93519.99991632982,299.0436624110724,590
46765000,93529.99991629548,300.66225970084037,590
46770000,93539.99991626113,298.518461403282,590
46775000,93549.99991622679,298.5605286885757,590
46780000,93559.99991619245,303.10748135372717,590
46785000,93569.9999161581,300.28469146919343,590
46790000,93579.99991612376,300.44923061497747,590
46795000,93589.99991608942,302.0333088941477,590
46800000,93599.99991605508,300.4084875884024,590
46805000,93609.99991602074,301.165742865646,590
46810000,93619.9999159864,301.72241708898144,590
46815000,93629.99991595205,299.17277763613436,590
46820000,93639.99991591771,299.22729295338274,590
46825000,93649.99991588337,301.30392926293024,590
46830000,93659.99991584902,301.08615491665915,590
46835000,93669.99991581468,300.6971318470964,590
46840000,93679.99991578034,300.6003285347679,590
46845000,93689.999915746,299.40944474012394,590
46850000,93699.99991571165,296.7281739706496,590
46855000,93709.99991567731,300.31252297326233,590
46860000,93719.99991564297,301.6364064852095,590
46865000,93729.99991560863,297.1469266484445,590
46870000,93739.99991557428,298.2815956604846,590
46875000,93749.99991553994,299.91065459412937,590
46880000,93759.9999155056,301.1313121389628,590
46885000,93769.99991547126,298.59937361098747,590
46890000,93779.99991543691,299.7551866205676,590
46895000,93789.99991540257,299.55751893584033,590
46900000,93799.99991536823,299.1543925109247,590
46905000,93809.99991533389,299.7774783089971,590
46910000,93819.99991529954,298.56739276293365,590
46915000,93829.9999152652,301.77724139993086,590
46920000,93839.99991523086,298.8163754730061,590
46925000,93849.99991519652,298.04852612601377,590
46930000,93859.99991516217,301.42209728258524,590
46935000,93869.99991512783,299.8887160413581,590
46940000,93879.99991509349,301.632102644374,590
46945000,93889.99991505915,299.6733032898019,590
46950000,93899.9999150248,300.24547134014466,590
46955000,93909.99991499046,299.89052586160693,590
46960000,93919.99991495612,300.9397801862983,590
46965000,93929.99991492178,299.61532282890647,590
46970000,93939.99991488743,298.1295707595911,590
46975000,93949.99991485309,299.1526930455692,590
46980000,93959.99991481875,299.1328291647904,590
46985000,93969.9999147844,300.9770359982478,590
46990000,93979.99991475006,299.71113294719606,590
46995000,93989.99991471572,300.8806520345135,590
47000000,93999.99991468138,301.79048398711666,590
47005000,94009.99991464704,300.55918823057726,590
47010000,94019.9999146127,301.27912148293547,590
47015000,94029.99991457835,300.44808292408806,590
47020000,94039.99991454401,299.60121947355356,590
47025000,94049.99991450967,303.14038918288395,590
47030000,94059.99991447532,300.10000151990823,590
47035000,94069.99991444098,300.6853900864583,590
47040000,94079.99991440664,300.713420229335,590
47045000,94089.9999143723,300.80474993896,590
47050000,94099.99991433795,300.31503906482766,590
47055000,94109.99991430361,298.5228314570533,590
47060000,94119.99991426927,305.0625065709514,590
47065000,94129.99991423493,301.988769659246,590
47070000,94139.99991420058,300.68079932290055,590
47075000,94149.99991416624,301.36965663732934,590
47080000,94159.9999141319,300.38902098523926,590
47085000,94169.99991409756,302.2289460488399,590
47090000,94179.99991406321,299.0522700927432,590
47095000,94189.99991402887,298.8015217043793,590
47100000,94199.99991399453,298.9372361520555,590
47105000,94209.99991396019,298.41739839207537,590
47110000,94219.99991392584,299.0201347478389,590
47115000,94229.9999138915,301.67818684778075,590
47120000,94239.99991385716,299.54120848262306,590
47125000,94249.99991382282,301.3863202262048,590
47130000,94259.99991378847,302.3080484362966,590
47135000,94269.99991375413,299.92491244633277,590
47140000,94279.99991371979,299.766663529462,590
47145000,94289.99991368545,300.8392910205364,590
47150000,94299.9999136511,298.8219594306028,590
47155000,94309.99991361676,301.25318808302984,590
47160000,94319.99991358242,301.2576022787585,590
47165000,94329.99991354808,300.32576556044813,590
47170000,94339.99991351373,301.0059048383129,590
47175000,94349.99991347939,302.29359194528536,590
47180000,94359.99991344505,299.2718542592631,590
47185000,94369.9999134107,299.1453213387024,590
47190000,94379.99991337636,299.37940613819075,590
47195000,94389.99991334202,298.9154741671135,590
47200000,94399.99991330768,299.71892400265705,590
47205000,94409.99991327334,299.3634046786745,590
47210000,94419.999913239,297.97520633496157,590
47215000,94429.99991320465,300.67993855473344,590
47220000,94439.99991317031,301.3338354389916,590
47225000,94449.99991313597,300.39590713057584,590
47230000,94459.99991310162,301.692952332493,590
47235000,94469.99991306728,302.19641342631996,590
47240000,94479.99991303294,297.2333786717894,590
47245000,94489.9999129986,299.4042139181856,590
47250000,94499.99991296425,301.60797906471714,590
47255000,94509.99991292991,301.6675044941175,590
47260000,94519.99991289557,298.83767396739665,590
47265000,94529.99991286123,299.92279363238305,590
47270000,94539.99991282688,301.27080072398707,590
47275000,94549.99991279254,298.6714132852784,590
47280000,94559.9999127582,297.96887196409097,590
47285000,94569.99991272386,299.56851028320455,590
47290000,94579.99991268951,300.2488702708557,590
47295000,94589.99991265517,299.8403585271512,590
47300000,94599.99991262083,300.57024579087744,590
47305000,94609.99991258649,301.9399486544875,590
47310000,94619.99991255214,302.680518271877,590
47315000,94629.9999125178,299.44250706613127,590
47320000,94639.99991248346,301.6098992398591,590
47325000,94649.99991244912,300.5755207547731,590
47330000,94659.99991241477,298.3210585702984,590
47335000,94669.99991238043,299.79471574331734,590
47340000,94679.99991234609,301.06236240168187,590
47345000,94689.99991231174,297.3326318627473,590
47350000,94699.9999122774,300.93214362768776,590
47355000,94709.99991224306,300.306298957285,590
47360000,94719.99991220872,299.28489820764116,590
47365000,94729.99991217437,300.0342079325732,590
47370000,94739.99991214003,297.57395594323054,590
47375000,94749.99991210569,300.9024802323915,590
47380000,94759.99991207135,302.978873761174,590
47385000,94769.999912037,300.62851317449514,590
47390000,94779.99991200266,299.32166845806046,590
47395000,94789.99991196832,299.23347282740275,590
47400000,94799.99991193398,302.2104064267796,590
47405000,94809.99991189963,301.5142877603774,590
47410000,94819.99991186529,299.8556316443722,590
47415000,94829.99991183095,299.0173538045299,590
47420000,94839.9999117966,297.66742653778397,590
47425000,94849.99991176226,299.38309199162416,590
47430000,94859.99991172792,300.1692823218688,590
47435000,94869.99991169358,299.88615580783556,590
47440000,94879.99991165924,300.1234629702058,590
47445000,94889.9999116249,300.22463633630565,590
47450000,94899.99991159055,300.7034441469884,590
47455000,94909.99991155621,300.6069718993395,590
47460000,94919.99991152187,299.3378244144272,590
47465000,94929.99991148752,298.71948387676304,590
47470000,94939.99991145318,299.71113294719606,590
47475000,94949.99991141884,302.2507521757392,590
47480000,94959.9999113845,299.0844495796048,590
47485000,94969.99991135015,300.3632862241414,590
47490000,94979.99991131581,298.2834054807333,590
47495000,94989.99991128147,302.69278973600257,590
47500000,94999.99991124713,300.0569410405756,590
47505000,95009.99991121278,299.80608229731854,590
47510000,95019.99991117844,300.4498927443368,590
47515000,95029.9999111441,302.42701101118274,590
47520000,95039.99991110976,300.47306727191204,590
47525000,95049.99991107541,302.1352768154787,590
47530000,95059.99991104107,297.6050980940959,590
47535000,95069.99991100673,301.34257554653425,590
47540000,95079.99991097239,299.08961418860724,590
47545000,95089.99991093804,300.57070928142895,590
47550000,95099.9999109037,299.71183921851264,590
47555000,95109.99991086936,301.8414679477822,590
47560000,95119.99991083502,298.98647650540823,590
47565000,95129.99991080067,301.67280152899184,590
47570000,95139.99991076633,302.34009549728637,590
47575000,95149.99991073199,300.419147871087,590
47580000,95159.99991069765,298.9812015415125,590
47585000,95169.9999106633,301.70738675252557,590
47590000,95179.99991062896,299.79144923847815,590
47595000,95189.99991059462,299.9742190126214,590
47600000,95199.99991056028,300.73527049819165,590
47605000,95209.99991052593,300.88266049357003,590
47610000,95219.99991049159,297.3998159217368,590
47615000,95229.99991045725,301.671124134615,590
47620000,95239.9999104229,301.8302117486742,590
47625000,95249.99991038856,298.48502387063775,590
47630000,95259.99991035422,303.18863634219775,590
47635000,95269.99991031988,300.853968221334,590
47640000,95279.99991028554,303.01820424511595,590
47645000,95289.9999102512,302.18317083913416,590
47650000,95299.99991021685,301.21116493969345,590
47655000,95309.99991018251,300.8030725445832,590
47660000,95319.99991014817,298.9104640549615,590
47665000,95329.99991011382,299.8363636800168,590
47670000,95339.99991007948,298.7511998730731,590
47675000,95349.99991004514,300.6604940225489,590
47680000,95359.9999100108,301.9797646999596,590
47685000,95369.99990997645,300.03517905563353,590
47690000,95379.99990994211,298.41093159533295,590
47695000,95389.99990990777,298.20942356032174,590
47700000,95399.99990987343,299.75156698007015,590
47705000,95409.99990983908,300.24525063035827,590
47710000,95419.99990980474,299.915377783559,590
47715000,95429.9999097704,301.14786537294515,590
47720000,95439.99990973606,300.5185114169381,590
47725000,95449.99990970171,297.2484531502026,590
47730000,95459.99990966737,299.11292114205435,590
47735000,95469.99990963303,298.82741096232763,590
47740000,95479.99990959869,299.69440314538457,590
47745000,95489.99990956434,298.6814776515397,590
47750000,95499.99990953,299.9171655328291,590
47755000,95509.99990949566,301.40421978988434,590
47760000,95519.99990946132,300.4831537091519,590
47765000,95529.99990942697,301.04545603204133,590
47770000,95539.99990939263,300.07400190706676,590
47775000,95549.99990935829,300.2251881107717,590
47780000,95559.99990932395,300.792257765048,590
47785000,95569.9999092896,299.94819732880126,590
47790000,95579.99990925526,301.14038331118513,590
47795000,95589.99990922092,301.36868551426903,590
47800000,95599.99990918658,301.176999064754,590
47805000,95609.99990915223,300.9692449427868,590
47810000,95619.99990911789,299.62192205152076,590
47815000,95629.99990908355,299.140024303828,590
47820000,95639.9999090492,300.4582797162211,590
47825000,95649.99990901486,300.84641994663815,590
47830000,95659.99990898052,299.8237832221903,590
47835000,95669.99990894618,300.4686972181407,590
47840000,95679.99990891184,301.1219319730395,590
47845000,95689.9999088775,300.4421237598544,590
47850000,95699.99990884315,298.132175135071,590
47855000,95709.99990880881,301.90869614872895,590
47860000,95719.99990877447,298.5364492508761,590
47865000,95729.99990874012,302.634389926513,590
47870000,95739.99990870578,298.1801133006838,590
47875000,95749.99990867144,302.6965418023719,590
47880000,95759.9999086371,297.74822839059624,590
47885000,95769.99990860275,300.2362898130292,590
47890000,95779.99990856841,298.2738708179595,590
47895000,95789.99990853407,300.61454224501404,590
47900000,95799.99990849973,298.2681102925337,590
47905000,95809.99990846538,299.2449718072758,590
47910000,95819.99990843104,301.7059521389137,590
47915000,95829.9999083967,299.6015284672546,590
47920000,95839.99990836236,299.9063066113367,590
47925000,95849.99990832801,298.7943486363203,590
47930000,95859.99990829367,302.8098100647681,590
47935000,95869.99990825933,298.51949873927816,590
47940000,95879.99990822499,299.62869784196414,590
47945000,95889.99990819064,299.76633246478235,590
47950000,95899.9999081563,300.2542114476874,590
47955000,95909.99990812196,298.2764310514821,590
47960000,95919.99990808762,303.2241264758557,590
47965000,95929.99990805327,300.5181803522584,590
47970000,95939.99990801893,300.5230359675599,590
47975000,95949.99990798459,301.18209746082056,590
47980000,95959.99990795024,299.12071219751533,590
47985000,95969.9999079159,300.1129571843717,590
47990000,95979.99990788156,300.4630911895653,590
47995000,95989.99990784722,303.2718660026607,590
48000000,95999.99990781287,299.8635771966837,590
48005000,96009.99990777853,300.34573979612014,590
48010000,96019.99990774419,302.09124521308576,590
48015000,96029.99990770985,304.47985480575306,590
48020000,96039.9999076755,299.73322599681774,590
48025000,96049.99990764116,301.97499736857276,590
48030000,96059.99990760682,301.56081338335696,590
48035000,96069.99990757248,301.5748063838166,590
48040000,96079.99990753813,301.8719258983096,590
48045000,96089.99990750379,299.17617656684536,590
48050000,96099.99990746945,298.86338665751583,590
48055000,96109.9999074351,302.55515511318436,590
48060000,96119.99990740076,299.9589017534431,590
48065000,96129.99990736642,301.6581243281942,590
48070000,96139.99990733208,300.3289879233301,590
48075000,96149.99990729774,301.9827222110978,590
48080000,96159.9999072634,300.9060115889744,590
48085000,96169.99990722905,298.5949373442802,590
48090000,96179.99990719471,300.91850376288636,590
48095000,96189.99990716037,301.95045444032166,590
48100000,96199.99990712602,299.55482627644585,590
48105000,96209.99990709168,302.2552987973397,590
48110000,96219.99990705734,299.5953485932345,590
48115000,96229.999907023,299.49073215446634,590
48120000,96239.99990698865,302.0806290723584,590
48125000,96249.99990695431,301.3326436061449,590
48130000,96259.99990691997,301.2364141392611,590
48135000,96269.99990688563,298.948028860612,590
48140000,96279.99990685128,299.5285618118606,590
48145000,96289.99990681694,302.3890930698739,590
48150000,96299.9999067826,298.6386378819935,590
48155000,96309.99990674826,302.9149782780023,590
48160000,96319.99990671391,300.2036026936588,590
48165000,96329.99990667957,300.84377142920096,590
48170000,96339.99990664523,299.36680360938556,590
48175000,96349.99990661089,299.7551866205676,590
48180000,96359.99990657654,300.2500400327238,590
48185000,96369.9999065422,301.2402765605237,590
48190000,96379.99990650786,301.5249701140406,590
48195000,96389.99990647352,300.8963445003288,590
48200000,96399.99990643917,301.79052812907395,590
48205000,96409.99990640483,302.3215338042475,590
48210000,96419.99990637049,301.5814056064309,590
48215000,96429.99990633615,302.07550860531325,590
48220000,96439.9999063018,300.51305988521324,590
48225000,96449.99990626746,300.45635954107917,590
48230000,96459.99990623312,299.58479866544315,590
48235000,96469.99990619878,299.6950211327866,590
48240000,96479.99990616443,299.6547857387203,590
48245000,96489.99990613009,299.28008673429696,590
48250000,96499.99990609575,302.65089901853804,590
48255000,96509.9999060614,301.4493990831667,590
48260000,96519.99990602706,299.14119406569614,590
48265000,96529.99990599272,297.6488648447451,590
48270000,96539.99990595838,297.1027846911584,590
48275000,96549.99990592404,302.1715173624106,590
48280000,96559.9999058897,298.74393852109955,590
48285000,96569.99990585535,301.00934791098126,590
48290000,96579.99990582101,301.64439617947824,590
48295000,96589.99990578667,300.75347905557214,590
48300000,96599.99990575232,297.1717785703966,590
48305000,96609.99990571798,301.21235677254015,590
48310000,96619.99990568364,300.3848054283184,590
48315000,96629.9999056493,300.2245039104338,590
48320000,96639.99990561495,301.81827134922827,590
48325000,96649.99990558061,301.64989185316034,590
48330000,96659.99990554627,299.02794787427854,590
48335000,96669.99990551193,300.8949319576956,590
48340000,96679.99990547758,297.56503926785877,590
48345000,96689.99990544324,301.62369360151104,590
48350000,96699.9999054089,301.63503808453356,590
48355000,96709.99990537456,299.25399883754085,590
48360000,96719.99990534021,301.3673833265291,590
48365000,96729.99990530587,302.9552136720686,590
48370000,96739.99990527153,298.5793110914009,590
48375000,96749.99990523719,301.3250511894917,590
48380000,96759.99990520284,300.00454453727696,590
48385000,96769.9999051685,300.8423588865678,590
48390000,96779.99990513416,299.94347413937163,590
48395000,96789.99990509982,300.6483991262525,590
48400000,96799.99990506547,299.93736047828753,590
48405000,96809.99990503113,298.81524985309534,590
48410000,96819.99990499679,301.30556251534983,590
48415000,96829.99990496245,301.4167561057536,590
48420000,96839.9999049281,303.0506706546999,590
48425000,96849.99990489376,298.88316225438,590
48430000,96859.99990485942,302.0501269798737,590
48435000,96869.99990482508,299.6028747969518,590
48440000,96879.99990479073,299.1612786562613,590
48445000,96889.99990475639,299.9834005397369,590
48450000,96899.99990472205,302.2755820267127,590
48455000,96909.9999046877,301.92595565402786,590
48460000,96919.99990465336,299.71298690940205,590
48465000,96929.99990461902,299.57032010345324,590
48470000,96939.99990458468,301.641195887575,590
48475000,96949.99990455034,299.7147084457362,590
48480000,96959.999904516,298.25224125888934,590
48485000,96969.99990448165,301.45306286562146,590
48490000,96979.99990444731,301.2927834187155,590
48495000,96989.99990441297,301.0942991077784,590
48500000,96999.99990437862,302.2299613138574,590
48505000,97009.99990434428,298.62234949975493,590
48510000,97019.99990430994,300.55665006803326,590
48515000,97029.9999042756,300.0244304890344,590
48520000,97039.99990424125,300.7987024908118,590
48525000,97049.99990420691,298.0984065377471,590
48530000,97059.99990417257,299.02631462185894,590
48535000,97069.99990413823,301.1756085930995,590
48540000,97079.99990410388,299.05352813852585,590
48545000,97089.99990406954,300.05343175497137,590
48550000,97099.9999040352,300.1814434311012,590
48555000,97109.99990400086,302.5292879262147,590
48560000,97119.99990396651,301.6726249611627,590
48565000,97129.99990393217,299.5737190341643,590
48570000,97139.99990389783,299.97388794794176,590
48575000,97149.99990386349,300.1300621928201,590
48580000,97159.99990382914,300.49747777429127,590
48585000,97169.9999037948,300.09304916163563,590
48590000,97179.99990376046,299.6161615260949,590
48595000,97189.99990372612,298.3099568680409,590
48600000,97199.99990369177,298.73815592469504,590
48605000,97209.99990365743,302.0850653390657,590
48610000,97219.99990362309,300.9137364314995,590
48615000,97229.99990358874,301.1015825307306,590
48620000,97239.9999035544,298.54706539160344,590
48625000,97249.99990352006,302.22484084681224,590
48630000,97259.99990348572,299.14885269528526,590
48635000,97269.99990345137,302.07069713196904,590
48640000,97279.99990341703,297.96425912955453,590
48645000,97289.99990338269,298.79646745027003,590
48650000,97299.99990334835,301.3005082612406,590
48655000,97309.999903314,298.82414445748844,590
48660000,97319.99990327966,296.264882057953,590
48665000,97329.99990324532,298.2940216214606,590
48670000,97339.99990321098,298.88779715989506,590
48675000,97349.99990317663,300.1285392952937,590
48680000,97359.99990314229,299.1492058309436,590
48685000,97369.99990310795,301.939551376872,590
48690000,97379.9999030736,301.0956675084543,590
48695000,97389.99990303926,301.48455815214515,590
48700000,97399.99990300492,299.94621094072335,590
48705000,97409.99990297058,299.0595976576527,590
48710000,97419.99990293624,302.134636757098,590
48715000,97429.9999029019,297.1161817751947,590
48720000,97439.99990286755,300.656653672265,590
48725000,97449.99990283321,300.02078877755827,590
48730000,97459.99990279887,298.87197226820797,590
48735000,97469.99990276452,299.16904764074366,590
48740000,97479.99990273018,303.0568284577413,590
48745000,97489.99990269584,300.2685575838053,590
48750000,97499.9999026615,299.80828939518284,590
48755000,97509.99990262715,298.34293091013365,590
48760000,97519.99990259281,300.04848785575535,590
48765000,97529.99990255847,301.83027796161014,590
48770000,97539.99990252413,300.4276672688432,590
48775000,97549.99990248978,299.375742355736,590
48780000,97559.99990245544,299.73560966251125,590
48785000,97569.9999024211,297.1684899945788,590
48790000,97579.99990238676,299.6637244850707,590
48795000,97589.99990235241,299.82991895425306,590
48800000,97599.99990231807,300.7618880984352,590
48805000,97609.99990228373,298.6275141087574,590
48810000,97619.99990224939,300.5099699482032,590
48815000,97629.99990221504,300.1959882060269,590
48820000,97639.9999021807,300.3562676529329,590
48825000,97649.99990214636,298.9459541886195,590
48830000,97659.99990211202,300.0125121605671,590
48835000,97669.99990207767,300.22253959333455,590
48840000,97679.99990204333,301.0052868509109,590
48845000,97689.99990200899,300.28120425456785,590
48850000,97699.99990197465,300.42905774049774,590
48855000,97709.9999019403,300.36478705068913,590
48860000,97719.99990190596,297.2355195567178,590
48865000,97729.99990187162,301.6207802323301,590
48870000,97739.99990183728,300.17385101444796,590
48875000,97749.99990180293,299.41396929074574,590
48880000,97759.99990176859,301.64697848397947,590
48885000,97769.99990173425,299.8711916843156,590
48890000,97779.9999016999,299.96044672194813,590
48895000,97789.99990166556,299.0451190956628,590
48900000,97799.99990163122,300.98710036450905,590
48905000,97809.99990159688,301.2221562870577,590
48910000,97819.99990156254,300.8772751747811,590
48915000,97829.9999015282,301.3567671858018,590
48920000,97839.99990149385,299.6200239473575,590
48925000,97849.99990145951,298.2384468972374,590
48930000,97859.99990142517,300.0721479448607,590
48935000,97869.99990139082,297.2306639414163,590
48940000,97879.99990135648,301.1015163177947,590
48945000,97889.99990132214,299.65690455267,590
48950000,97899.9999012878,300.7779999128446,590
48955000,97909.99990125345,300.557290126414,590
48960000,97919.99990121911,300.7104847891755,590
48965000,97929.99990118477,299.40500847341673,590
48970000,97939.99990115043,301.20339595521114,590
48975000,97949.99990111608,299.3733807610212,590
48980000,97959.99990108174,301.94851219420104,590
48985000,97969.9999010474,302.016225956678,590
48990000,97979.99990101306,300.11194191935414,590
48995000,97989.99990097871,301.1166128671866,590
49000000,97999.99990094437,300.3153480585287,590
49005000,98009.99990091003,302.44208548959597,590
49010000,98019.99990087569,304.9390856583793,590
49015000,98029.99990084134,301.51629621943385,590
49020000,98039.999900807,298.51660744107596,590
49025000,98049.99990077266,298.98199609674367,590
49030000,98059.99990073832,300.71383957792926,590
49035000,98069.99990070397,300.8749577220236,590
49040000,98079.99990066963,299.91072080706533,590
49045000,98089.99990063529,297.92821722143043,590
49050000,98099.99990060095,299.28405951045266,590
49055000,98109.9999005666,298.6465392923477,590
49060000,98119.99990053226,299.81378506886495,590
49065000,98129.99990049792,299.8082231822469,590
49070000,98139.99990046358,299.1196748615191,590
49075000,98149.99990042923,300.5813916350922,590
49080000,98159.99990039489,298.68681882837126,590
49085000,98169.99990036055,300.50606338498335,590
49090000,98179.9999003262,298.4761292662446,590
49095000,98189.99990029186,301.20851642225625,590
49100000,98199.99990025752,298.8308098930387,590
49105000,98209.99990022318,300.37895661897795,590
49110000,98219.99990018884,300.690974044055,590
49115000,98229.9999001545,302.09170870363727,590
49120000,98239.99990012015,303.1618642451037,590
49125000,98249.99990008581,300.5766243037053,590
49130000,98259.99990005147,299.3063070569249,590
49135000,98269.99990001712,299.41306438062145,590
49140000,98279.99989998278,299.467072065361,590
49145000,98289.99989994844,301.52567638535714,590
49150000,98299.9998999141,300.84105669882786,590
49155000,98309.99989987975,299.18805075335536,590
49160000,98319.99989984541,300.8597949596958,590
49165000,98329.99989981107,299.6362681876388,590
49170000,98339.99989977673,300.06495280582305,590
49175000,98349.99989974238,299.38748411637414,590
49180000,98359.99989970804,298.3516489466977,590
49185000,98369.9998996737,299.79765118347683,590
49190000,98379.99989963936,302.28403521153297,590
49195000,98389.99989960501,299.2658288820935,590
49200000,98399.99989957067,301.0068538903946,590
49205000,98409.99989953633,297.290167299838,590
49210000,98419.99989950199,301.40609582306905,590
49215000,98429.99989946764,300.38601933214375,590
49220000,98439.9998994333,300.5491680062733,590
49225000,98449.99989939896,301.7855621588793,590
49230000,98459.99989936461,299.41723579558493,590
49235000,98469.99989933027,301.1497193351512,590
49240000,98479.99989929593,300.2755761550138,590
49245000,98489.99989926159,300.82214187013074,590
49250000,98499.99989922724,299.76591311618813,590
49255000,98509.9998991929,298.7900668664636,590
49260000,98519.99989915856,301.14526099746524,590
49265000,98529.99989912422,301.2242530300288,590
49270000,98539.99989908987,300.6598981061256,590
49275000,98549.99989905553,301.36464652517736,590
49280000,98559.99989902119,300.56550053046914,590
49285000,98569.99989898685,296.96256776383893,590
49290000,98579.9998989525,297.9791570401386,590
49295000,98589.99989891816,296.7779440274897,590
49300000,98599.99989888382,300.7901830930556,590
49305000,98609.99989884948,299.3573572305263,590
49310000,98619.99989881513,300.0749951011056,590
49315000,98629.99989878079,301.65421776497436,590
49320000,98639.99989874645,300.4510404352262,590
49325000,98649.9998987121,301.0343764007625,590
49330000,98659.99989867776,298.09765612447325,590
49335000,98669.99989864342,297.09651653322373,590
49340000,98679.99989860908,298.397512440318,590
49345000,98689.99989857474,299.6682048937353,590
49350000,98699.9998985404,301.5011555280847,590
49355000,98709.99989850605,299.2265646110875,590
49360000,98719.99989847171,300.67819494742065,590
49365000,98729.99989843737,301.29552022006726,590
49370000,98739.99989840302,304.63808165164517,590
49375000,98749.99989836868,302.6943347045076,590
49380000,98759.99989833434,300.3937441746688,590
49385000,98769.9998983,299.68272759768246,590
49390000,98779.99989826565,302.8214193995343,590
49395000,98789.99989823131,298.2389103877889,590
49400000,98799.99989819697,302.7193190523315,590
49405000,98809.99989816263,300.62058969316223,590
49410000,98819.99989812828,300.38756430064876,590
49415000,98829.99989809394,299.81168832589384,590
49420000,98839.9998980596,299.84382367079814,590
49425000,98849.99989802526,297.2852675425792,590
49430000,98859.99989799091,298.6374239781681,590
49435000,98869.99989795657,299.5637870937749,590
49440000,98879.99989792223,301.01963298702896,590
49445000,98889.99989788789,302.04670597818404,590
49450000,98899.99989785354,300.84920088994716,590
49455000,98909.9998978192,299.8764004352753,590
49460000,98919.99989778486,298.9205504922014,590
49465000,98929.99989775052,299.8845887683519,590
49470000,98939.99989771617,300.17519734414515,590
49475000,98949.99989768183,298.8268812588402,590
49480000,98959.99989764749,300.1908456680031,590
49485000,98969.99989761315,299.40386078252726,590
49490000,98979.9998975788,300.0984565514032,590
49495000,98989.99989754446,302.87324205738827,590
49500000,98999.99989751012,300.3170475238842,590
49505000,99009.99989747578,298.34410067200173,590
49510000,99019.99989744143,299.9758301940623,590
49515000,99029.99989740709,301.80074699218574,590
49520000,99039.99989737275,297.98425543620516,590
49525000,99049.9998973384,297.84074993306797,590
49530000,99059.99989730406,297.84591454207043,590
49535000,99069.99989726972,300.9988421251472,590
49540000,99079.99989723538,299.40836326217044,590
49545000,99089.99989720104,301.4055661195816,590
49550000,99099.9998971667,299.7435772858014,590
49555000,99109.99989713235,297.9131427430172,590
49560000,99119.99989709801,298.9338813633018,590
49565000,99129.99989706367,301.6871476651098,590
49570000,99139.99989702932,297.09682552692476,590
49575000,99149.99989699498,301.7619241407525,590
49580000,99159.99989696064,302.12940593515964,590
49585000,99169.9998969263,300.05808873146503,590
49590000,99179.99989689195,301.64697848397947,590
49595000,99189.99989685761,300.788858834337,590
49600000,99199.99989682327,298.7114058985797,590
49605000,99209.99989678893,298.96998948436186,590
49610000,99219.99989675458,302.6380095670105,590
49615000,99229.99989672024,299.2146683535989,590
49620000,99239.9998966859,298.3256272628775,590
49625000,99249.99989665156,297.7332201251189,590
49630000,99259.99989661721,300.77137861925166,590
49635000,99269.99989658287,299.48302938291994,590
49640000,99279.99989654853,300.5580405396878,590
49645000,99289.99989651419,299.03501058744433,590
49650000,99299.99989647984,299.0891286270772,590
49655000,99309.9998964455,298.200197891249,590
49660000,99319.99989641116,296.9474050015112,590
49665000,99329.99989637682,300.2893263747085,590
49670000,99339.99989634247,301.43454531453995,590
49675000,99349.99989630813,301.1839734940052,590
49680000,99359.99989627379,298.5513030195029,590
49685000,99369.99989623945,301.02790960402007,590
49690000,99379.9998962051,301.1399639625909,590
49695000,99389.99989617076,304.01395851757655,590
49700000,99399.99989613642,301.84775817669544,590
49705000,99409.99989610208,299.06546853797175,590
49710000,99419.99989606773,302.0714254742643,590
49715000,99429.99989603339,299.6652253116185,590
49720000,99439.99989599905,296.9801141918602,590
49725000,99449.9998959647,300.29109205299994,590
49730000,99459.99989593036,299.2917402110205,590
49735000,99469.99989589602,301.7551483503091,590
49740000,99479.99989586168,303.10926910299725,590
49745000,99489.99989582734,302.7752469122131,590
49750000,99499.999895793,302.0718006809012,590
49755000,99509.99989575865,302.9447078862345,590
49760000,99519.99989572431,304.1558749102515,590
49765000,99529.99989568997,302.3414638979622,590
49770000,99539.99989565562,301.099022297208,590
49775000,99549.99989562128,298.38627831218867,590
49780000,99559.99989558694,302.18564278874214,590
49785000,99569.9998955526,301.7777048904823,590
49790000,99579.99989551825,301.2484869645789,590
49795000,99589.99989548391,301.5835244203807,590
49800000,99599.99989544957,300.90274508413523,590
49805000,99609.99989541523,300.5142075761027,590
49810000,99619.99989538088,298.77335913563076,590
49815000,99629.99989534654,300.0254236830733,590
49820000,99639.9998953122,300.7721290325256,590
49825000,99649.99989527786,299.85004768677555,590
49830000,99659.99989524351,300.7268835263073,590
49835000,99669.99989520917,301.00703045822377,590
49840000,99679.99989517483,300.7665230039502,590
49845000,99689.99989514049,297.74160709700334,590
49850000,99699.99989510614,297.72383995919563,590
49855000,99709.9998950718,299.33526418090463,590
49860000,99719.99989503746,298.17119662531195,590
49865000,99729.99989500311,299.51359768834055,590
49870000,99739.99989496877,303.3314135030397,590
49875000,99749.99989493443,302.07100612567007,590
49880000,99759.99989490009,300.02798391659593,590
49885000,99769.99989486574,299.7251038766771,590
49890000,99779.9998948314,300.1814213601225,590
49895000,99789.99989479706,300.92278553274315,590
49900000,99799.99989476272,301.27102143377346,590
49905000,99809.99989472837,303.1549560287884,590
49910000,99819.99989469403,296.7386797564837,590
49915000,99829.99989465969,301.91191851161085,590
49920000,99839.99989462535,300.7334165359856,590
49925000,99849.999894591,300.1752856280597,590
49930000,99859.99989455666,298.7707768311295,590
49935000,99869.99989452232,302.5325102890966,590
49940000,99879.99989448798,302.1885340869444,590
49945000,99889.99989445363,299.7723357709733,590
49950000,99899.99989441929,300.46980076707285,590
49955000,99909.99989438495,301.47811342638136,590
49960000,99919.9998943506,302.3833766864054,590
49965000,99929.99989431626,300.95814324052935,590
49970000,99939.99989428192,299.8824920253808,590
49975000,99949.99989424758,301.54251654206183,590
49980000,99959.99989421324,300.77089305772154,590
49985000,99969.9998941789,301.4680269891415,590
49990000,99979.99989414455,299.69857456034816,590
49995000,99989.99989411021,297.17043224069937,590
50000000,99999.99989407587,300.35500960715024,590
50005000,100009.99989404152,301.76377810295855,590
50010000,100019.99989400718,300.01474132941007,590
50015000,100029.99989397284,299.08135964259475,590
50020000,100039.9998939385,301.7055327903195,590
50025000,100049.99989390415,303.64660914904135,590
50030000,100059.99989386981,300.2612300188959,590
50035000,100069.99989383547,299.4264173227005,590
50040000,100079.99989380113,299.1685400082349,590
50045000,100089.99989376678,299.95501726120193,590
50050000,100099.99989373244,298.4243728213266,590
